{
  "_globals": {
    "_extensions": {
      "_pageLevelProgress": {
        "optionalContent": "Optional Content",
        "pageLevelProgressEnd": "You have reached the end of the list of page sections.",
        "pageLevelProgressMenuBar": "You have completed ",
        "pageLevelProgressIndicatorBar": "Progress bar. Select here to view your current progress, and select an item to navigate to it. You have completed ",
        "pageLevelProgress": "Page sections"
      }
    },
    "_components": {
      "_narrative": {
        "ariaRegion": "This component displays an image gallery with accompanying text. Use the next and back navigation controls to work through the narrative."
      },
      "_text": {
        "ariaRegion": ""
      },
      "_mcq": {
        "ariaRegion": "This component is a multiple choice question. Once you have selected an option select the submit button below"
      },
      "_hotgraphic": {
        "ariaPopupLabel": "Hotgraphic popup",
        "ariaRegion": "Below is a component which allows you to select hot spots over an image. Select a hot spot to trigger a popup that includes an image with display text. Select the close button to close the popup."
      },
      "_graphic": {
        "ariaRegion": ""
      },
      "_accordion": {
        "ariaRegion": "This component is an accordion comprised of collapsible content panels containing display text. Select the item titles to toggle the visibility of these content panels."
      },
      "_media": {
        "ariaRegion": "This is a media component which plays a video. Select the play / pause button to watch or listen.",
        "transcriptButton": "Alternatively you can select the link below for the transcript."
      }
    },
    "_accessibility": {
      "_ariaLabels": {
        "menuIndicatorHeading": "Menu item heading ",
        "menuBack": "Back to menu",
        "visited": "Visited",
        "feedbackPopUp": "Popup opened",
        "accessibilityToggleButton": "By selecting this button you can set whether accessibility is turned on or off",
        "locked": "Locked",
        "correct": "Correct",
        "incomplete": "Incomplete",
        "complete": "Complete",
        "done": "Done",
        "next": "Next",
        "closePopup": "Close popup",
        "drawer": "Side drawer",
        "drawerBack": "Back to drawer",
        "closeResources": "Close resources",
        "navigationDrawer": "Open course resources and search",
        "navigationBack": "Navigate back",
        "previous": "Back",
        "pageLoaded": "Page loaded",
        "page": "Page",
        "menuViewButton": "Select here to enter",
        "menuItem": "Menu item",
        "menu": "Menu",
        "menuLoaded": "Menu loaded",
        "navigation": "Course navigation bar"
      },
      "_accessibilityInstructions": {
        "ipad": "Usage instructions for touchscreens. Use swipe left for next. Use swipe right for previous. Use a double tab to select. Use a two finger slide up to go to the top of the page. Usage instructions for keyboard access. Use left for next. Use right for previous. Use up and down together to select.",
        "notouch": "Usage instructions. Use tab for next. Use shift tab for previous. Use enter to select. Use escape to go to the top of the page.",
        "touch": "Usage instructions. Use swipe left for next. Use swipe right for previous. Use a double tab to select. Use a two finger slide up to go to the top of the page."
      },
      "accessibilityToggleTextOff": "Turn accessibility off?",
      "accessibilityToggleTextOn": "Turn accessibility on?"
    }
  },
  "_id": "course",
  "_start": {
    "_isEnabled": true,
    "_startIds": [
      {
        "_id": "58a423b9fda9f5660ad8508b",
        "_skipIfComplete": false,
        "_className": ""
      }
    ],
    "_force": false,
    "_isMenuDisabled": true
  },
  "_type": "course",
  "_lockType": "",
  "_classes": "",
  "_buttons": {
    "_submit": {
      "buttonText": "Submit",
      "ariaLabel": "Submit"
    },
    "_reset": {
      "buttonText": "Reset",
      "ariaLabel": "Reset"
    },
    "_showCorrectAnswer": {
      "buttonText": "Show correct answer",
      "ariaLabel": "Show correct answer"
    },
    "_hideCorrectAnswer": {
      "buttonText": "Hide correct answer",
      "ariaLabel": "Hide correct answer"
    },
    "_showFeedback": {
      "buttonText": "Show feedback",
      "ariaLabel": "Show feedback"
    },
    "remainingAttemptsText": "remaining attempts",
    "remainingAttemptText": "final attempt",
    "disabledAriaLabel": "This button is disabled at the moment"
  },
  "_latestTrackingId": 12,
  "body": "",
  "displayTitle": "SCORM TEST",
  "title": "SCORM TEST",
  "_bookmarking": {
    "_isEnabled": true,
    "_level": "block",
    "title": "Resume...",
    "body": "Would you like to resume from your last recorded position?",
    "_buttons": {
      "yes": "Yes",
      "no": "No"
    }
  },
  "_assessment": {
    "_postTotalScoreToLms": true,
    "_isPercentageBased": true,
    "_scoreToPass": 60,
    "_requireAssessmentPassed": false
  },
  "_pageLevelProgress": {
    "_isEnabled": true,
    "_showPageCompletion": true
  },
  "_resources": {
    "_isEnabled": false,
    "title": " ",
    "description": " ",
    "_filterButtons": {
      "all": "All",
      "document": "Documents",
      "media": "Media",
      "link": "Links"
    },
    "_filterAria": {
      "allAria": "View all resources",
      "documentAria": "View document resources",
      "mediaAria": "View media resources",
      "linkAria": "View resource links"
    },
    "_resourcesItems": [
      {
        "_link": "course/en/assets/8d4fc8a54c0e053b9d58bd56b580a607d41b47c6.xls",
        "description": "",
        "filename": "HFStarRating6Regions-clean.xls",
        "title": "Excel worksheet for filtering and pivot tables module",
        "_type": "document"
      }
    ]
  }
}