[
  {
    "_id": "59ce753662b21b6309d74ddc",
    "_parentId": "59ce753662b21b6309d74dd0",
    "_type": "block",
    "_isAvailable": true,
    "_isOptional": false,
    "_trackingId": 1,
    "_classes": "",
    "body": "",
    "displayTitle": "",
    "title": " "
  },
  {
    "_id": "59ce753762b21b6309d74df3",
    "_parentId": "59ce753662b21b6309d74dd2",
    "_type": "block",
    "_isAvailable": true,
    "_isOptional": false,
    "_trackingId": 2,
    "_classes": "",
    "body": "",
    "displayTitle": "",
    "title": " "
  },
  {
    "_id": "59ce753762b21b6309d74dff",
    "_parentId": "59ce753662b21b6309d74dd1",
    "_type": "block",
    "_isAvailable": true,
    "_isOptional": false,
    "_trackingId": 3,
    "_classes": "",
    "body": "",
    "displayTitle": "",
    "title": " "
  },
  {
    "_id": "59ce753762b21b6309d74e05",
    "_parentId": "59ce753662b21b6309d74dd3",
    "_type": "block",
    "_isAvailable": true,
    "_isOptional": false,
    "_trackingId": 4,
    "_classes": "",
    "body": "",
    "displayTitle": "",
    "title": " "
  },
  {
    "_id": "59ce753662b21b6309d74de7",
    "_parentId": "59ce753662b21b6309d74dd1",
    "_type": "block",
    "_isAvailable": true,
    "_isOptional": false,
    "_trackingId": 5,
    "_classes": "section-banner inverted color-four",
    "body": "",
    "displayTitle": " ",
    "title": " "
  },
  {
    "_id": "59ce753762b21b6309d74e01",
    "_parentId": "59ce753662b21b6309d74dd3",
    "_type": "block",
    "_isAvailable": true,
    "_isOptional": false,
    "_trackingId": 6,
    "_classes": "color-one inverted",
    "body": "",
    "displayTitle": " ",
    "title": " "
  },
  {
    "_id": "59ce753762b21b6309d74e02",
    "_parentId": "59ce753662b21b6309d74dd0",
    "_type": "block",
    "_isAvailable": true,
    "_isOptional": false,
    "_trackingId": 7,
    "_classes": "inverted color-three",
    "body": "",
    "displayTitle": " ",
    "title": " "
  },
  {
    "_id": "59ce753762b21b6309d74e04",
    "_parentId": "59ce753662b21b6309d74dd2",
    "_type": "block",
    "_isAvailable": true,
    "_isOptional": false,
    "_trackingId": 8,
    "_classes": "inverted color-four",
    "body": "",
    "displayTitle": " ",
    "title": " "
  },
  {
    "_id": "59ce753662b21b6309d74de9",
    "_parentId": "59ce753662b21b6309d74dd3",
    "_type": "block",
    "_isAvailable": true,
    "_isOptional": false,
    "_trackingId": 9,
    "_classes": "",
    "body": "",
    "displayTitle": " ",
    "title": " "
  },
  {
    "_id": "59ce753762b21b6309d74dee",
    "_parentId": "59ce753662b21b6309d74dd0",
    "_type": "block",
    "_isAvailable": true,
    "_isOptional": false,
    "_trackingId": 10,
    "_classes": "color-three",
    "body": "",
    "displayTitle": " ",
    "title": " "
  },
  {
    "_id": "59ce753762b21b6309d74df1",
    "_parentId": "59ce753662b21b6309d74dd1",
    "_type": "block",
    "_isAvailable": true,
    "_isOptional": false,
    "_trackingId": 11,
    "_classes": "",
    "body": "",
    "displayTitle": " ",
    "title": " "
  },
  {
    "_id": "59ce753762b21b6309d74dfa",
    "_parentId": "59ce753662b21b6309d74dd2",
    "_type": "block",
    "_isAvailable": true,
    "_isOptional": false,
    "_trackingId": 12,
    "_classes": "color-four",
    "body": "",
    "displayTitle": " ",
    "title": " "
  },
  {
    "_id": "59ce753662b21b6309d74ddd",
    "_parentId": "59ce753662b21b6309d74dd3",
    "_type": "block",
    "_isAvailable": true,
    "_isOptional": false,
    "_trackingId": 13,
    "_classes": "color-one inverted",
    "body": "",
    "displayTitle": " ",
    "title": " "
  },
  {
    "_id": "59ce753662b21b6309d74ddf",
    "_parentId": "59ce753662b21b6309d74dd0",
    "_type": "block",
    "_isAvailable": true,
    "_isOptional": false,
    "_trackingId": 14,
    "_classes": "inverted color-three",
    "body": "",
    "displayTitle": " ",
    "title": " "
  },
  {
    "_id": "59ce753662b21b6309d74de1",
    "_parentId": "59ce753662b21b6309d74dd2",
    "_type": "block",
    "_isAvailable": true,
    "_isOptional": false,
    "_trackingId": 15,
    "_classes": "inverted color-four",
    "body": "",
    "displayTitle": " ",
    "title": " "
  },
  {
    "_id": "59ce753762b21b6309d74e00",
    "_parentId": "59ce753662b21b6309d74dd1",
    "_type": "block",
    "_isAvailable": true,
    "_isOptional": false,
    "_trackingId": 16,
    "_classes": "inverted section-banner color-four",
    "body": "",
    "displayTitle": " ",
    "title": " "
  },
  {
    "_id": "59ce753662b21b6309d74de3",
    "_parentId": "59ce753662b21b6309d74dd1",
    "_type": "block",
    "_isAvailable": true,
    "_isOptional": false,
    "_trackingId": 17,
    "_classes": "section-banner ",
    "body": "",
    "displayTitle": " ",
    "title": " "
  },
  {
    "_id": "59ce753662b21b6309d74dea",
    "_parentId": "59ce753662b21b6309d74dd3",
    "_type": "block",
    "_isAvailable": true,
    "_isOptional": false,
    "_trackingId": 18,
    "_classes": "color-one",
    "body": "",
    "displayTitle": " ",
    "title": " "
  },
  {
    "_id": "59ce753762b21b6309d74def",
    "_parentId": "59ce753662b21b6309d74dd0",
    "_type": "block",
    "_isAvailable": true,
    "_isOptional": false,
    "_trackingId": 19,
    "_classes": "color-three",
    "body": "",
    "displayTitle": " ",
    "title": " "
  },
  {
    "_id": "59ce753762b21b6309d74dfb",
    "_parentId": "59ce753662b21b6309d74dd2",
    "_type": "block",
    "_isAvailable": true,
    "_isOptional": false,
    "_trackingId": 20,
    "_classes": "",
    "body": "",
    "displayTitle": " ",
    "title": " "
  },
  {
    "_id": "59ce753662b21b6309d74de5",
    "_parentId": "59ce753662b21b6309d74dd3",
    "_type": "block",
    "_isAvailable": true,
    "_isOptional": false,
    "_trackingId": 21,
    "_classes": "color-two inverted section-banner",
    "body": "",
    "displayTitle": " ",
    "title": " "
  },
  {
    "_id": "59ce753662b21b6309d74de6",
    "_parentId": "59ce753662b21b6309d74dd0",
    "_type": "block",
    "_isAvailable": true,
    "_isOptional": false,
    "_trackingId": 22,
    "_classes": "section-banner inverted color-four",
    "body": "",
    "displayTitle": " ",
    "title": " "
  },
  {
    "_id": "59ce753762b21b6309d74df4",
    "_parentId": "59ce753662b21b6309d74dd2",
    "_type": "block",
    "_isAvailable": true,
    "_isOptional": false,
    "_trackingId": 23,
    "_classes": "inverted color-one section-banner",
    "body": "",
    "displayTitle": " ",
    "title": " "
  },
  {
    "_id": "59ce753762b21b6309d74e03",
    "_parentId": "59ce753662b21b6309d74dd1",
    "_type": "block",
    "_isAvailable": true,
    "_isOptional": false,
    "_trackingId": 24,
    "_classes": "inverted color-two",
    "body": "",
    "displayTitle": " ",
    "title": " "
  },
  {
    "_id": "59ce753662b21b6309d74deb",
    "_parentId": "59ce753662b21b6309d74dd3",
    "_type": "block",
    "_isAvailable": true,
    "_isOptional": false,
    "_trackingId": 25,
    "_classes": "color-two",
    "body": "",
    "displayTitle": " ",
    "title": " "
  },
  {
    "_id": "59ce753762b21b6309d74df0",
    "_parentId": "59ce753662b21b6309d74dd0",
    "_type": "block",
    "_isAvailable": true,
    "_isOptional": false,
    "_trackingId": 26,
    "_classes": "color-four",
    "body": "",
    "displayTitle": " ",
    "title": " "
  },
  {
    "_id": "59ce753762b21b6309d74df5",
    "_parentId": "59ce753662b21b6309d74dd1",
    "_type": "block",
    "_isAvailable": true,
    "_isOptional": false,
    "_trackingId": 27,
    "_classes": "color-two",
    "body": "",
    "displayTitle": " ",
    "title": " "
  },
  {
    "_id": "59ce753762b21b6309d74dfc",
    "_parentId": "59ce753662b21b6309d74dd2",
    "_type": "block",
    "_isAvailable": true,
    "_isOptional": false,
    "_trackingId": 28,
    "_classes": "color-one",
    "body": "",
    "displayTitle": " ",
    "title": " "
  },
  {
    "_id": "59ce753662b21b6309d74dde",
    "_parentId": "59ce753662b21b6309d74dd3",
    "_type": "block",
    "_isAvailable": true,
    "_isOptional": false,
    "_trackingId": 29,
    "_classes": "color-two inverted",
    "body": "",
    "displayTitle": " ",
    "title": " "
  },
  {
    "_id": "59ce753662b21b6309d74de0",
    "_parentId": "59ce753662b21b6309d74dd1",
    "_type": "block",
    "_isAvailable": true,
    "_isOptional": false,
    "_trackingId": 30,
    "_classes": "inverted color-two",
    "body": "",
    "displayTitle": " ",
    "title": " "
  },
  {
    "_id": "59ce753762b21b6309d74e06",
    "_parentId": "59ce753662b21b6309d74dd0",
    "_type": "block",
    "_isAvailable": true,
    "_isOptional": false,
    "_trackingId": 31,
    "_classes": "inverted color-four",
    "body": "",
    "displayTitle": " ",
    "title": " "
  },
  {
    "_id": "59ce753762b21b6309d74e08",
    "_parentId": "59ce753662b21b6309d74dd2",
    "_type": "block",
    "_isAvailable": true,
    "_isOptional": false,
    "_trackingId": 32,
    "_classes": "inverted color-one",
    "body": "",
    "displayTitle": " ",
    "title": " "
  },
  {
    "_id": "59ce753662b21b6309d74dda",
    "_parentId": "59ce753662b21b6309d74dd0",
    "_type": "block",
    "_isAvailable": true,
    "_isOptional": false,
    "_trackingId": 33,
    "_classes": "color-four",
    "body": "",
    "displayTitle": " ",
    "title": " "
  },
  {
    "_id": "59ce753762b21b6309d74dec",
    "_parentId": "59ce753662b21b6309d74dd3",
    "_type": "block",
    "_isAvailable": true,
    "_isOptional": false,
    "_trackingId": 34,
    "_classes": "color-two",
    "body": "",
    "displayTitle": " ",
    "title": " "
  },
  {
    "_id": "59ce753762b21b6309d74df6",
    "_parentId": "59ce753662b21b6309d74dd1",
    "_type": "block",
    "_isAvailable": true,
    "_isOptional": false,
    "_trackingId": 35,
    "_classes": "",
    "body": "",
    "displayTitle": " ",
    "title": " "
  },
  {
    "_id": "59ce753762b21b6309d74dfd",
    "_parentId": "59ce753662b21b6309d74dd2",
    "_type": "block",
    "_isAvailable": true,
    "_isOptional": false,
    "_trackingId": 36,
    "_classes": "color-one",
    "body": "",
    "displayTitle": " ",
    "title": " "
  },
  {
    "_id": "59ce753662b21b6309d74ddb",
    "_parentId": "59ce753662b21b6309d74dd0",
    "_type": "block",
    "_isAvailable": true,
    "_isOptional": false,
    "_trackingId": 37,
    "_classes": "footer inverted",
    "body": "",
    "displayTitle": " ",
    "title": " "
  },
  {
    "_id": "59ce753662b21b6309d74de2",
    "_parentId": "59ce753662b21b6309d74dd3",
    "_type": "block",
    "_isAvailable": true,
    "_isOptional": false,
    "_trackingId": 38,
    "_classes": "color-two inverted",
    "body": "",
    "displayTitle": " ",
    "title": " "
  },
  {
    "_id": "59ce753662b21b6309d74de8",
    "_parentId": "59ce753662b21b6309d74dd1",
    "_type": "block",
    "_isAvailable": true,
    "_isOptional": false,
    "_trackingId": 39,
    "_classes": "section-banner inverted color-five",
    "body": "",
    "displayTitle": " ",
    "title": " "
  },
  {
    "_id": "59ce753762b21b6309d74df2",
    "_parentId": "59ce753662b21b6309d74dd2",
    "_type": "block",
    "_isAvailable": true,
    "_isOptional": false,
    "_trackingId": 40,
    "_classes": "inverted color-one",
    "body": "",
    "displayTitle": " ",
    "title": " "
  },
  {
    "_id": "59ce753762b21b6309d74ded",
    "_parentId": "59ce753662b21b6309d74dd3",
    "_type": "block",
    "_isAvailable": true,
    "_isOptional": false,
    "_trackingId": 41,
    "_classes": "inverted footer",
    "body": "",
    "displayTitle": " ",
    "title": " "
  },
  {
    "_id": "59ce753762b21b6309d74df7",
    "_parentId": "59ce753662b21b6309d74dd1",
    "_type": "block",
    "_isAvailable": true,
    "_isOptional": false,
    "_trackingId": 42,
    "_classes": "color-five",
    "body": "",
    "displayTitle": " ",
    "title": " "
  },
  {
    "_id": "59ce753762b21b6309d74dfe",
    "_parentId": "59ce753662b21b6309d74dd2",
    "_type": "block",
    "_isAvailable": true,
    "_isOptional": false,
    "_trackingId": 43,
    "_classes": "inverted footer",
    "body": "",
    "displayTitle": " ",
    "title": " "
  },
  {
    "_id": "59ce753762b21b6309d74e07",
    "_parentId": "59ce753662b21b6309d74dd1",
    "_type": "block",
    "_isAvailable": true,
    "_isOptional": false,
    "_trackingId": 44,
    "_classes": "inverted color-five",
    "body": "",
    "displayTitle": " ",
    "title": " "
  },
  {
    "_id": "59ce753762b21b6309d74df8",
    "_parentId": "59ce753662b21b6309d74dd1",
    "_type": "block",
    "_isAvailable": true,
    "_isOptional": false,
    "_trackingId": 45,
    "_classes": "color-five",
    "body": "",
    "displayTitle": " ",
    "title": " "
  },
  {
    "_id": "59ce753662b21b6309d74de4",
    "_parentId": "59ce753662b21b6309d74dd1",
    "_type": "block",
    "_isAvailable": true,
    "_isOptional": false,
    "_trackingId": 46,
    "_classes": "inverted color-five",
    "body": "",
    "displayTitle": " ",
    "title": " "
  },
  {
    "_id": "59ce753762b21b6309d74df9",
    "_parentId": "59ce753662b21b6309d74dd1",
    "_type": "block",
    "_isAvailable": true,
    "_isOptional": false,
    "_trackingId": 47,
    "_classes": "inverted footer",
    "body": "",
    "displayTitle": " ",
    "title": " "
  }
]