{
  "_globals": {
    "_accessibility": {
      "accessibilityToggleTextOn": "Turn accessibility on?",
      "accessibilityToggleTextOff": "Turn accessibility off?",
      "_accessibilityInstructions": {
        "touch": "Usage instructions. Use swipe left for next. Use swipe right for previous. Use a double tab to select. Use a two finger slide up to go to the top of the page.",
        "notouch": "Usage instructions. Use tab for next. Use shift tab for previous. Use enter to select. Use escape to go to the top of the page.",
        "ipad": "Usage instructions for touchscreens. Use swipe left for next. Use swipe right for previous. Use a double tab to select. Use a two finger slide up to go to the top of the page. Usage instructions for keyboard access. Use left for next. Use right for previous. Use up and down together to select."
      },
      "_ariaLabels": {
        "navigation": "Course navigation bar",
        "menuLoaded": "Menu loaded",
        "menu": "Menu",
        "menuItem": "Menu item",
        "menuViewButton": "Select here to enter",
        "page": "Page",
        "pageLoaded": "Page loaded",
        "previous": "Back",
        "navigationBack": "Navigate back",
        "navigationDrawer": "Open course resources and search",
        "closeResources": "Close resources",
        "drawerBack": "Back to drawer",
        "drawer": "Side drawer",
        "closePopup": "Close popup",
        "next": "Next",
        "done": "Done",
        "complete": "Complete",
        "incomplete": "Incomplete",
        "correct": "Correct",
        "locked": "Locked",
        "accessibilityToggleButton": "By selecting this button you can set whether accessibility is turned on or off",
        "feedbackPopUp": "Popup opened",
        "visited": "Visited",
        "menuBack": "Back to menu",
        "menuIndicatorHeading": "Menu item heading "
      }
    },
    "_components": {
      "_graphic": {
        "ariaRegion": ""
      },
      "_text": {
        "ariaRegion": ""
      },
      "_media": {
        "ariaRegion": "This is a media component which plays a video. Select the play / pause button to watch or listen.",
        "transcriptButton": "Alternatively you can select the link below for the transcript."
      },
      "_mcq": {
        "ariaRegion": "This component is a multiple choice question. Once you have selected an option select the submit button below"
      },
      "_narrative": {
        "ariaRegion": "This component displays an image gallery with accompanying text. Use the next and back navigation controls to work through the narrative."
      },
      "_accordion": {
        "ariaRegion": "This component is an accordion comprised of collapsible content panels containing display text. Select the item titles to toggle the visibility of these content panels."
      }
    },
    "_extensions": {
      "_pageLevelProgress": {
        "pageLevelProgress": "Page sections",
        "pageLevelProgressIndicatorBar": "Progress bar. Select here to view your current progress, and select an item to navigate to it. You have completed ",
        "pageLevelProgressMenuBar": "You have completed ",
        "pageLevelProgressEnd": "You have reached the end of the list of page sections.",
        "optionalContent": "Optional Content"
      },
      "_skillsFramework": {
        "linkText": "Outcomes",
        "titleText": "Learning outcomes"
      },
      "_aboutPage": {
        "linkText": "About",
        "titleText": "About",
        "contactEMail": "info@dlab.or.tz",
        "contactLinkText": "Contact",
        "aboutCredit": "<p>Foundations in data management originally funded by the <a href=\"http://www.worldbank.org/\" target=\"_blank\">World Bank</a>.</p>",
        "SL_text": "<p>Developed for the World Bank&nbsp;by the&nbsp;<a href=\"https://theodi.org/\" target=\"_blank\">Open Data Institute</a></p>",
        "SL_facebook": "",
        "SL_flickr": "",
        "SL_github": "",
        "SL_scribd": "",
        "SL_soundcloud": "",
        "SL_twitter": "",
        "SL_vimeo": "",
        "SL_youtube": ""
      },
      "_ODILicence": {
        "linkText": "Licence",
        "titleText": "Licence"
      }
    }
  },
  "_id": "course",
  "_start": {
    "_isEnabled": false,
    "_startIds": [],
    "_force": false,
    "_isMenuDisabled": false
  },
  "_type": "course",
  "_lockType": "",
  "_classes": "",
  "_buttons": {
    "_submit": {
      "buttonText": "Submit",
      "ariaLabel": "Submit"
    },
    "_reset": {
      "buttonText": "Reset",
      "ariaLabel": "Reset"
    },
    "_showCorrectAnswer": {
      "buttonText": "Show correct answer",
      "ariaLabel": "Show correct answer"
    },
    "_hideCorrectAnswer": {
      "buttonText": "Hide correct answer",
      "ariaLabel": "Hide correct answer"
    },
    "_showFeedback": {
      "buttonText": "Show feedback",
      "ariaLabel": "Show feedback"
    },
    "remainingAttemptsText": "remaining attempts",
    "remainingAttemptText": "final attempt",
    "disabledAriaLabel": "This button is disabled at the moment"
  },
  "_latestTrackingId": 47,
  "body": "<p>Incorrect use of spreadsheets is a key challenge for data quality. Data that is not well managed cannot answer important&nbsp;questions or be used easily.&nbsp;Good management of data makes it easy to ensure data quality, and analyse and visualise results.&nbsp;This course will enable you to organise spreadsheet data,&nbsp;use&nbsp;tools to filter &amp; analyse data and produce&nbsp;an&nbsp;interactive data visualisation.</p><p><em>Scroll down to discover each of the available lessons</em></p>",
  "displayTitle": "Foundations in data management",
  "title": "Foundations in data management (dlab)",
  "_pageLevelProgress": {
    "_isEnabled": true,
    "_showPageCompletion": true
  },
  "_aboutPage": {
    "_items": [
      {
        "title": "ODI Training Team",
        "description": "<p>Expert knowledge, content development and learning plans provided by the by <a href=\"https://theodi.org\" target=\"_blank\">Open Data Institute</a> training team.</p>",
        "_graphic": {
          "alt": "",
          "src": "adapt/css/assets/logo-small.png"
        }
      },
      {
        "title": "Adapt learning",
        "description": "<p>Open source learning platform developed by <a href=\"https://www.adaptlearning.org/\" target=\"_blank\">Adapt learning</a>.</p>",
        "_graphic": {
          "alt": "",
          "src": "adapt/css/assets/adapt.png"
        }
      }
    ]
  },
  "_ODILicence": {
    "_items": [
      {
        "title": "",
        "description": "<p>Foundations in data management eLearning&nbsp;by&nbsp;Open Data Institute/World Bank&nbsp;is licensed under a Creative Commons Attribution 4.0 International Licence</p>",
        "_graphic": {
          "alt": "",
          "src": "https://licensebuttons.net/l/by/4.0/88x31.png"
        }
      },
      {
        "title": "Content usage",
        "description": "<p>The content, including text and structure is available for you to&nbsp;<em>use</em>,&nbsp;<em>reuse</em>&nbsp;and&nbsp;<em>share</em>(including for commercial purposes) subject to the conditions of the licence above.</p>",
        "_graphic": {
          "alt": "",
          "src": ""
        }
      },
      {
        "title": "Exclusions",
        "description": "<p>This licence does not cover:</p><ul><li>Logos and trademarks such as those belonging to dLab or the&nbsp;Open Data Institute</li><li>Third party content (such as images)</li><li>Any other content as outlined under &#39;About&#39;</li></ul>",
        "_graphic": {
          "alt": "",
          "src": ""
        }
      },
      {
        "title": "Non-endorsement",
        "description": "<p>This licence does not grant you any right to use the Information in a way that suggests any official status or that the Information Provider and/or Licensor endorse you or your use of the Information.</p>",
        "_graphic": {
          "alt": "",
          "src": ""
        }
      },
      {
        "title": "No warranty",
        "description": "<p>The Information is licensed &#39;as is&#39;. The Open Data Institute is not liable for any errors or omissions in the Information and shall not be liable for any loss, injury or damage of any kind caused by its use. The Information Provider does not guarantee the continued supply of the Information.</p>",
        "_graphic": {
          "alt": "",
          "src": ""
        }
      }
    ]
  }
}