[
  {
    "_id": "591e8448d084d5167a04e760",
    "_parentId": "591e8447d084d5167a04e75f",
    "_type": "block",
    "_isAvailable": true,
    "_isOptional": false,
    "_trackingId": 1,
    "_classes": "",
    "body": "",
    "displayTitle": "",
    "title": " "
  },
  {
    "_id": "591e8502d084d5167a04e765",
    "_parentId": "591e8447d084d5167a04e75f",
    "_type": "block",
    "_isAvailable": true,
    "_isOptional": false,
    "_trackingId": 2,
    "_classes": "inverted color-one",
    "body": "",
    "displayTitle": " ",
    "title": " "
  },
  {
    "_id": "591e85b8d084d5167a04e76c",
    "_parentId": "591e8447d084d5167a04e75f",
    "_type": "block",
    "_isAvailable": true,
    "_isOptional": false,
    "_trackingId": 3,
    "_classes": "",
    "body": "",
    "displayTitle": " ",
    "title": " "
  },
  {
    "_id": "591e8736d084d5167a04e771",
    "_parentId": "591e8447d084d5167a04e75f",
    "_type": "block",
    "_isAvailable": true,
    "_isOptional": false,
    "_trackingId": 4,
    "_classes": "inverted color-two",
    "body": "",
    "displayTitle": " ",
    "title": " "
  }
]