[
  {
    "_id": "57ac437ce396ef981f39e8fc",
    "_parentId": "57ac437ce396ef981f39e8fb",
    "_type": "article",
    "_isAvailable": true,
    "_isOptional": false,
    "_classes": "",
    "body": "",
    "displayTitle": " ",
    "title": " "
  },
  {
    "_id": "57adb0cce396ef981f39e9d5",
    "_parentId": "57adb0cce396ef981f39e9d4",
    "_type": "article",
    "_isAvailable": true,
    "_isOptional": false,
    "_classes": "",
    "body": "",
    "displayTitle": " ",
    "title": " "
  },
  {
    "_id": "57b2c1c9e396ef981f39ea8d",
    "_parentId": "57b2c1c9e396ef981f39ea8c",
    "_type": "article",
    "_isAvailable": true,
    "_isOptional": false,
    "_classes": "",
    "body": "",
    "displayTitle": " ",
    "title": " "
  },
  {
    "_id": "57b3182fe396ef981f39eb10",
    "_parentId": "57b3182fe396ef981f39eb0f",
    "_type": "article",
    "_isAvailable": true,
    "_isOptional": false,
    "_classes": "",
    "body": "",
    "displayTitle": " ",
    "title": " "
  }
]