[
  {
    "_id": "57b3182fe396ef981f39eb11",
    "_parentId": "57b3182fe396ef981f39eb10",
    "_type": "block",
    "_isAvailable": true,
    "_isOptional": false,
    "_trackingId": 1,
    "_classes": "",
    "body": "",
    "displayTitle": "",
    "title": " "
  },
  {
    "_id": "57ac437de396ef981f39e8fd",
    "_parentId": "57ac437ce396ef981f39e8fc",
    "_type": "block",
    "_isAvailable": true,
    "_isOptional": false,
    "_trackingId": 2,
    "_classes": "",
    "body": "",
    "displayTitle": "",
    "title": " "
  },
  {
    "_id": "57adb0cce396ef981f39e9d6",
    "_parentId": "57adb0cce396ef981f39e9d5",
    "_type": "block",
    "_isAvailable": true,
    "_isOptional": false,
    "_trackingId": 3,
    "_classes": "",
    "body": "",
    "displayTitle": "",
    "title": " "
  },
  {
    "_id": "57b2c1c9e396ef981f39ea8e",
    "_parentId": "57b2c1c9e396ef981f39ea8d",
    "_type": "block",
    "_isAvailable": true,
    "_isOptional": false,
    "_trackingId": 4,
    "_classes": "",
    "body": "",
    "displayTitle": "",
    "title": " "
  },
  {
    "_id": "57ac4bbee396ef981f39e91b",
    "_parentId": "57ac437ce396ef981f39e8fc",
    "_type": "block",
    "_isAvailable": true,
    "_isOptional": false,
    "_trackingId": 5,
    "_classes": "inverted color-five",
    "body": "",
    "displayTitle": " ",
    "title": " "
  },
  {
    "_id": "57adf062e396ef981f39e9ef",
    "_parentId": "57adb0cce396ef981f39e9d5",
    "_type": "block",
    "_isAvailable": true,
    "_isOptional": false,
    "_trackingId": 6,
    "_classes": "inverted color-six",
    "body": "",
    "displayTitle": " ",
    "title": " "
  },
  {
    "_id": "57b2ce74e396ef981f39ea9b",
    "_parentId": "57b2c1c9e396ef981f39ea8d",
    "_type": "block",
    "_isAvailable": true,
    "_isOptional": false,
    "_trackingId": 7,
    "_classes": "inverted color-four",
    "body": "",
    "displayTitle": " ",
    "title": " "
  },
  {
    "_id": "57b31889e396ef981f39eb1d",
    "_parentId": "57b3182fe396ef981f39eb10",
    "_type": "block",
    "_isAvailable": true,
    "_isOptional": false,
    "_trackingId": 8,
    "_classes": "inverted color-five",
    "body": "",
    "displayTitle": " ",
    "title": " "
  },
  {
    "_id": "57ac459be396ef981f39e903",
    "_parentId": "57ac437ce396ef981f39e8fc",
    "_type": "block",
    "_isAvailable": true,
    "_isOptional": false,
    "_trackingId": 9,
    "_classes": "",
    "body": "",
    "displayTitle": " ",
    "title": " "
  },
  {
    "_id": "57adb1afe396ef981f39e9db",
    "_parentId": "57adb0cce396ef981f39e9d5",
    "_type": "block",
    "_isAvailable": true,
    "_isOptional": false,
    "_trackingId": 10,
    "_classes": "",
    "body": "",
    "displayTitle": " ",
    "title": " "
  },
  {
    "_id": "57b2c540e396ef981f39ea93",
    "_parentId": "57b2c1c9e396ef981f39ea8d",
    "_type": "block",
    "_isAvailable": true,
    "_isOptional": false,
    "_trackingId": 11,
    "_classes": "",
    "body": "",
    "displayTitle": " ",
    "title": " "
  },
  {
    "_id": "57b318fce396ef981f39eb1f",
    "_parentId": "57b3182fe396ef981f39eb10",
    "_type": "block",
    "_isAvailable": true,
    "_isOptional": false,
    "_trackingId": 12,
    "_classes": "",
    "body": "",
    "displayTitle": " ",
    "title": " "
  },
  {
    "_id": "57b2cf92e396ef981f39ea9d",
    "_parentId": "57b2c1c9e396ef981f39ea8d",
    "_type": "block",
    "_isAvailable": true,
    "_isOptional": false,
    "_trackingId": 13,
    "_classes": "inverted color-two",
    "body": "",
    "displayTitle": " ",
    "title": " "
  },
  {
    "_id": "57ac488ce396ef981f39e911",
    "_parentId": "57ac437ce396ef981f39e8fc",
    "_type": "block",
    "_isAvailable": true,
    "_isOptional": false,
    "_trackingId": 14,
    "_classes": "inverted color-four",
    "body": "",
    "displayTitle": " ",
    "title": " "
  },
  {
    "_id": "57adbaefe396ef981f39e9e2",
    "_parentId": "57adb0cce396ef981f39e9d5",
    "_type": "block",
    "_isAvailable": true,
    "_isOptional": false,
    "_trackingId": 15,
    "_classes": "inverted color-two",
    "body": "",
    "displayTitle": " ",
    "title": " "
  },
  {
    "_id": "57b319a1e396ef981f39eb26",
    "_parentId": "57b3182fe396ef981f39eb10",
    "_type": "block",
    "_isAvailable": true,
    "_isOptional": false,
    "_trackingId": 16,
    "_classes": "inverted color-four",
    "body": "",
    "displayTitle": " ",
    "title": " "
  },
  {
    "_id": "57ac4c62e396ef981f39e91d",
    "_parentId": "57ac437ce396ef981f39e8fc",
    "_type": "block",
    "_isAvailable": true,
    "_isOptional": false,
    "_trackingId": 17,
    "_classes": "",
    "body": "",
    "displayTitle": " ",
    "title": " "
  },
  {
    "_id": "57adbc93e396ef981f39e9e9",
    "_parentId": "57adb0cce396ef981f39e9d5",
    "_type": "block",
    "_isAvailable": true,
    "_isOptional": false,
    "_trackingId": 18,
    "_classes": "",
    "body": "",
    "displayTitle": " ",
    "title": " "
  },
  {
    "_id": "57b2d143e396ef981f39eaa7",
    "_parentId": "57b2c1c9e396ef981f39ea8d",
    "_type": "block",
    "_isAvailable": true,
    "_isOptional": false,
    "_trackingId": 19,
    "_classes": "",
    "body": "",
    "displayTitle": " ",
    "title": " "
  },
  {
    "_id": "57b31a70e396ef981f39eb2d",
    "_parentId": "57b3182fe396ef981f39eb10",
    "_type": "block",
    "_isAvailable": true,
    "_isOptional": false,
    "_trackingId": 20,
    "_classes": "",
    "body": "",
    "displayTitle": " ",
    "title": " "
  },
  {
    "_id": "57b2e232e396ef981f39eabd",
    "_parentId": "57b2c1c9e396ef981f39ea8d",
    "_type": "block",
    "_isAvailable": true,
    "_isOptional": false,
    "_trackingId": 21,
    "_classes": "inverted color-five",
    "body": "",
    "displayTitle": " ",
    "title": " "
  },
  {
    "_id": "57ac549ce396ef981f39e933",
    "_parentId": "57ac437ce396ef981f39e8fc",
    "_type": "block",
    "_isAvailable": true,
    "_isOptional": false,
    "_trackingId": 22,
    "_classes": "inverted color-four",
    "body": "",
    "displayTitle": " ",
    "title": " "
  },
  {
    "_id": "57adf118e396ef981f39e9f1",
    "_parentId": "57adb0cce396ef981f39e9d5",
    "_type": "block",
    "_isAvailable": true,
    "_isOptional": false,
    "_trackingId": 23,
    "_classes": "inverted color-seven",
    "body": "",
    "displayTitle": " ",
    "title": " "
  },
  {
    "_id": "57b31b1be396ef981f39eb35",
    "_parentId": "57b3182fe396ef981f39eb10",
    "_type": "block",
    "_isAvailable": true,
    "_isOptional": false,
    "_trackingId": 24,
    "_classes": "inverted color-nine",
    "body": "",
    "displayTitle": " ",
    "title": " "
  },
  {
    "_id": "57ac5781e396ef981f39e944",
    "_parentId": "57ac437ce396ef981f39e8fc",
    "_type": "block",
    "_isAvailable": true,
    "_isOptional": false,
    "_trackingId": 25,
    "_classes": "",
    "body": "",
    "displayTitle": " ",
    "title": " "
  },
  {
    "_id": "57adf4b3e396ef981f39e9f8",
    "_parentId": "57adb0cce396ef981f39e9d5",
    "_type": "block",
    "_isAvailable": true,
    "_isOptional": false,
    "_trackingId": 26,
    "_classes": "",
    "body": "",
    "displayTitle": " ",
    "title": " "
  },
  {
    "_id": "57b2e334e396ef981f39eac2",
    "_parentId": "57b2c1c9e396ef981f39ea8d",
    "_type": "block",
    "_isAvailable": true,
    "_isOptional": false,
    "_trackingId": 27,
    "_classes": "section-banner",
    "body": "",
    "displayTitle": " ",
    "title": " "
  },
  {
    "_id": "57b31c06e396ef981f39eb3d",
    "_parentId": "57b3182fe396ef981f39eb10",
    "_type": "block",
    "_isAvailable": true,
    "_isOptional": false,
    "_trackingId": 28,
    "_classes": "section-banner",
    "body": "",
    "displayTitle": " ",
    "title": " "
  },
  {
    "_id": "57ac5c52e396ef981f39e951",
    "_parentId": "57ac437ce396ef981f39e8fc",
    "_type": "block",
    "_isAvailable": true,
    "_isOptional": false,
    "_trackingId": 29,
    "_classes": "inverted color-three section-banner",
    "body": "",
    "displayTitle": " ",
    "title": " "
  },
  {
    "_id": "57adf5bae396ef981f39ea02",
    "_parentId": "57adb0cce396ef981f39e9d5",
    "_type": "block",
    "_isAvailable": true,
    "_isOptional": false,
    "_trackingId": 30,
    "_classes": "section-banner inverted color-two",
    "body": "",
    "displayTitle": " ",
    "title": " "
  },
  {
    "_id": "57b2e38ae396ef981f39eac8",
    "_parentId": "57b2c1c9e396ef981f39ea8d",
    "_type": "block",
    "_isAvailable": true,
    "_isOptional": false,
    "_trackingId": 31,
    "_classes": "inverted color-seven",
    "body": "",
    "displayTitle": " ",
    "title": " "
  },
  {
    "_id": "57b31c62e396ef981f39eb51",
    "_parentId": "57b3182fe396ef981f39eb10",
    "_type": "block",
    "_isAvailable": true,
    "_isOptional": false,
    "_trackingId": 32,
    "_classes": "inverted color-six",
    "body": "",
    "displayTitle": " ",
    "title": " "
  },
  {
    "_id": "57ac5f84e396ef981f39e959",
    "_parentId": "57ac437ce396ef981f39e8fc",
    "_type": "block",
    "_isAvailable": true,
    "_isOptional": false,
    "_trackingId": 33,
    "_classes": "",
    "body": "",
    "displayTitle": " ",
    "title": " "
  },
  {
    "_id": "57b1c558e396ef981f39ea38",
    "_parentId": "57adb0cce396ef981f39e9d5",
    "_type": "block",
    "_isAvailable": true,
    "_isOptional": false,
    "_trackingId": 34,
    "_classes": "",
    "body": "",
    "displayTitle": " ",
    "title": " "
  },
  {
    "_id": "57b2e599e396ef981f39ead3",
    "_parentId": "57b2c1c9e396ef981f39ea8d",
    "_type": "block",
    "_isAvailable": true,
    "_isOptional": false,
    "_trackingId": 35,
    "_classes": "",
    "body": "",
    "displayTitle": " ",
    "title": " "
  },
  {
    "_id": "57b31d0fe396ef981f39eb65",
    "_parentId": "57b3182fe396ef981f39eb10",
    "_type": "block",
    "_isAvailable": true,
    "_isOptional": false,
    "_trackingId": 36,
    "_classes": "",
    "body": "",
    "displayTitle": " ",
    "title": " "
  },
  {
    "_id": "57ac619ee396ef981f39e96a",
    "_parentId": "57ac437ce396ef981f39e8fc",
    "_type": "block",
    "_isAvailable": true,
    "_isOptional": false,
    "_trackingId": 37,
    "_classes": "inverted color-three",
    "body": "",
    "displayTitle": " ",
    "title": " "
  },
  {
    "_id": "57b1c551e396ef981f39ea37",
    "_parentId": "57adb0cce396ef981f39e9d5",
    "_type": "block",
    "_isAvailable": true,
    "_isOptional": false,
    "_trackingId": 38,
    "_classes": "inverted color-seven",
    "body": "",
    "displayTitle": " ",
    "title": " "
  },
  {
    "_id": "57b2e66ce396ef981f39ead9",
    "_parentId": "57b2c1c9e396ef981f39ea8d",
    "_type": "block",
    "_isAvailable": true,
    "_isOptional": false,
    "_trackingId": 39,
    "_classes": "inverted color-four",
    "body": "",
    "displayTitle": " ",
    "title": " "
  },
  {
    "_id": "57b31d82e396ef981f39eb79",
    "_parentId": "57b3182fe396ef981f39eb10",
    "_type": "block",
    "_isAvailable": true,
    "_isOptional": false,
    "_trackingId": 40,
    "_classes": "inverted color-three",
    "body": "",
    "displayTitle": " ",
    "title": " "
  },
  {
    "_id": "57ac62d4e396ef981f39e97a",
    "_parentId": "57ac437ce396ef981f39e8fc",
    "_type": "block",
    "_isAvailable": true,
    "_isOptional": false,
    "_trackingId": 41,
    "_classes": "",
    "body": "",
    "displayTitle": " ",
    "title": " "
  },
  {
    "_id": "57b1c530e396ef981f39ea36",
    "_parentId": "57adb0cce396ef981f39e9d5",
    "_type": "block",
    "_isAvailable": true,
    "_isOptional": false,
    "_trackingId": 42,
    "_classes": "",
    "body": "",
    "displayTitle": " ",
    "title": " "
  },
  {
    "_id": "57b2e7f1e396ef981f39eae0",
    "_parentId": "57b2c1c9e396ef981f39ea8d",
    "_type": "block",
    "_isAvailable": true,
    "_isOptional": false,
    "_trackingId": 43,
    "_classes": "inverted footer",
    "body": "",
    "displayTitle": " ",
    "title": " "
  },
  {
    "_id": "57b31e24e396ef981f39eb8d",
    "_parentId": "57b3182fe396ef981f39eb10",
    "_type": "block",
    "_isAvailable": true,
    "_isOptional": false,
    "_trackingId": 44,
    "_classes": "",
    "body": "",
    "displayTitle": " ",
    "title": " "
  },
  {
    "_id": "57ac6439e396ef981f39e98c",
    "_parentId": "57ac437ce396ef981f39e8fc",
    "_type": "block",
    "_isAvailable": true,
    "_isOptional": false,
    "_trackingId": 45,
    "_classes": "inverted footer",
    "body": "",
    "displayTitle": " ",
    "title": " "
  },
  {
    "_id": "57adf677e396ef981f39ea0a",
    "_parentId": "57adb0cce396ef981f39e9d5",
    "_type": "block",
    "_isAvailable": true,
    "_isOptional": false,
    "_trackingId": 46,
    "_classes": "footer inverted",
    "body": "",
    "displayTitle": " ",
    "title": " "
  },
  {
    "_id": "57b2e8c6e396ef981f39eae6",
    "_parentId": "57b2c1c9e396ef981f39ea8d",
    "_type": "block",
    "_isAvailable": true,
    "_isOptional": false,
    "_trackingId": 47,
    "_classes": "footer inverted social-links section-banner",
    "body": "",
    "displayTitle": " ",
    "title": " "
  },
  {
    "_id": "57b31e9fe396ef981f39eba1",
    "_parentId": "57b3182fe396ef981f39eb10",
    "_type": "block",
    "_isAvailable": true,
    "_isOptional": false,
    "_trackingId": 48,
    "_classes": "inverted footer",
    "body": "",
    "displayTitle": " ",
    "title": " "
  },
  {
    "_id": "57ac6539e396ef981f39e99d",
    "_parentId": "57ac437ce396ef981f39e8fc",
    "_type": "block",
    "_isAvailable": true,
    "_isOptional": false,
    "_trackingId": 49,
    "_classes": "inverted footer section-banner social-links",
    "body": "",
    "displayTitle": " ",
    "title": " "
  },
  {
    "_id": "57adf781e396ef981f39ea12",
    "_parentId": "57adb0cce396ef981f39e9d5",
    "_type": "block",
    "_isAvailable": true,
    "_isOptional": false,
    "_trackingId": 50,
    "_classes": "footer inverted social-links section-banner",
    "body": "",
    "displayTitle": " ",
    "title": " "
  },
  {
    "_id": "57b31f3ee396ef981f39ebb5",
    "_parentId": "57b3182fe396ef981f39eb10",
    "_type": "block",
    "_isAvailable": true,
    "_isOptional": false,
    "_trackingId": 51,
    "_classes": "inverted footer section-banner social-links",
    "body": "",
    "displayTitle": " ",
    "title": " "
  }
]