[
  {
    "_graphic": {
      "alt": "",
      "src": ""
    },
    "_id": "57b2c1c9e396ef981f39ea8c",
    "_parentId": "course",
    "_type": "page",
    "_isAvailable": true,
    "_isOptional": false,
    "_lockedBy": [],
    "duration": "",
    "linkText": "View",
    "_classes": "",
    "body": "",
    "displayTitle": "Visualisation theory",
    "title": "Visualisation theory",
    "_pageLevelProgress": {
      "_isEnabled": true,
      "_showPageCompletion": true
    }
  },
  {
    "_graphic": {
      "alt": "",
      "src": ""
    },
    "_id": "57adb0cce396ef981f39e9d4",
    "_parentId": "course",
    "_type": "page",
    "_isAvailable": true,
    "_isOptional": false,
    "_lockedBy": [],
    "duration": "",
    "linkText": "View",
    "_classes": "",
    "body": "",
    "displayTitle": "Introduction to data visulisation",
    "title": "Introduction to data visulisation",
    "_pageLevelProgress": {
      "_isEnabled": true,
      "_showPageCompletion": true
    }
  },
  {
    "_graphic": {
      "alt": "",
      "src": ""
    },
    "_id": "57ac437ce396ef981f39e8fb",
    "_parentId": "course",
    "_type": "page",
    "_isAvailable": true,
    "_isOptional": false,
    "_lockedBy": [],
    "duration": "",
    "linkText": "View",
    "_classes": "",
    "body": "",
    "displayTitle": "Visual deception",
    "title": "Visual deception",
    "_pageLevelProgress": {
      "_isEnabled": true,
      "_showPageCompletion": true
    }
  },
  {
    "_graphic": {
      "alt": "",
      "src": ""
    },
    "_id": "57b3182fe396ef981f39eb0f",
    "_parentId": "course",
    "_type": "page",
    "_isAvailable": true,
    "_isOptional": false,
    "_lockedBy": [],
    "duration": "",
    "linkText": "View",
    "_classes": "",
    "body": "",
    "displayTitle": "How to clean your data",
    "title": "How to clean your data",
    "_pageLevelProgress": {
      "_isEnabled": true,
      "_showPageCompletion": true
    }
  }
]