{
  "_globals": {
    "_accessibility": {
      "_accessibilityToggleTextOn": "Turn accessibility on?",
      "_accessibilityToggleTextOff": "Turn accessibility off?",
      "_accessibilityInstructions": {
        "touch": "Usage instructions. Use swipe left for next. Use swipe right for previous. Use a double tab to select. Use a two finger slide up to go to the top of the page.",
        "notouch": "Usage instructions. Use tab for next. Use shift tab for previous. Use enter to select. Use escape to go to the top of the page.",
        "ipad": "Usage instructions for touchscreens. Use swipe left for next. Use swipe right for previous. Use a double tab to select. Use a two finger slide up to go to the top of the page. Usage instructions for keyboard access. Use left for next. Use right for previous. Use up and down together to select."
      },
      "_ariaLabels": {
        "navigation": "Course navigation bar",
        "menuLoaded": "Menu loaded",
        "menu": "Menu",
        "menuItem": "Menu item",
        "menuViewButton": "Select here to enter",
        "page": "Page",
        "pageLoaded": "Page loaded",
        "previous": "Back",
        "navigationBack": "Navigate back",
        "navigationDrawer": "Open course resources and search",
        "closeResources": "Close resources",
        "drawerBack": "Back to drawer",
        "drawer": "Side drawer",
        "closePopup": "Close popup",
        "next": "Next",
        "done": "Done",
        "complete": "Complete",
        "incomplete": "Incomplete",
        "correct": "Correct",
        "locked": "Locked",
        "accessibilityToggleButton": "By selecting this button you can set whether accessibility is turned on or off",
        "feedbackPopUp": "Popup opened",
        "visited": "Visited",
        "menuBack": "Back to menu",
        "menuIndicatorHeading": "Menu item heading "
      }
    },
    "_components": {
      "_text": {
        "ariaRegion": ""
      },
      "_narrative": {
        "ariaRegion": "This component displays an image gallery with accompanying text. Use the next and back navigation controls to work through the narrative."
      },
      "_media": {
        "ariaRegion": "This is a media component which plays a video. Select the play / pause button to watch or listen.",
        "transcriptButton": "Alternatively you can select the link below for the transcript."
      },
      "_hotgraphic": {
        "ariaRegion": "Below is a component which allows you to select hot spots over an image. Select a hot spot to trigger a popup that includes an image with display text. Select the close button to close the popup.",
        "ariaPoupupLabel": "Hotgraphic popup"
      },
      "_accordion": {
        "ariaRegion": "This component is an accordion comprised of collapsible content panels containing display text. Select the item titles to toggle the visibility of these content panels."
      },
      "_graphic": {
        "ariaRegion": ""
      },
      "_matching": {
        "ariaRegion": "This question component requires you to select the matching answer from a drop down list below. When you have selected your answers select the submit button."
      },
      "_textinput": {
        "ariaRegion": "This question component requires you to input your answer in the textbox provided. When you have answered the question select the submit button below."
      },
      "_mcq": {
        "ariaRegion": "This component is a multiple choice question. Once you have selected an option select the submit button below"
      },
      "_slider": {
        "ariaRegion": "This component requires you to answer the question by selecting the relevant value. After selecting a value select the submit button below."
      },
      "_gmcq": {
        "ariaRegion": "This component is a graphical multiple choice question. Once you have selected an option select the submit button below."
      }
    },
    "_extensions": {
      "_pageLevelProgress": {
        "pageLevelProgress": "Page sections",
        "pageLevelProgressIndicatorBar": "Progress bar. Select here to view your current progress, and select an item to navigate to it. You have completed ",
        "pageLevelProgressMenuBar": "You have completed ",
        "pageLevelProgressEnd": "You have reached the end of the list of page sections.",
        "optionalContent": "Optional Content"
      }
    }
  },
  "_id": "course",
  "_start": {
    "_isMenuDisabled": false,
    "_force": false,
    "_startIds": [],
    "_isEnabled": false
  },
  "_type": "course",
  "_lockType": "",
  "_classes": "",
  "_buttons": {
    "disabledAriaLabel": "This button is disabled at the moment",
    "remainingAttemptText": "final attempt",
    "remainingAttemptsText": "remaining attempts",
    "_showFeedback": {
      "ariaLabel": "Show feedback",
      "buttonText": "Show feedback"
    },
    "_hideCorrectAnswer": {
      "ariaLabel": "Hide correct answer",
      "buttonText": "Hide correct answer"
    },
    "_showCorrectAnswer": {
      "ariaLabel": "Show correct answer",
      "buttonText": "Show correct answer"
    },
    "_reset": {
      "ariaLabel": "Reset",
      "buttonText": "Reset"
    },
    "_submit": {
      "ariaLabel": "Submit",
      "buttonText": "Submit"
    }
  },
  "_latestTrackingId": 51,
  "body": "<p>Dave&#39;s workspace</p>\n",
  "displayTitle": "Davetaz",
  "title": "Davetaz",
  "_pageLevelProgress": {
    "_isEnabled": true,
    "_showPageCompletion": true
  }
}