[
  {
    "_id": "58fdfc5fd084d5167a04dd5d",
    "_parentId": "58fdfc5fd084d5167a04dd0d",
    "_type": "block",
    "_isAvailable": true,
    "_isOptional": false,
    "_trackingId": 1,
    "_classes": "inverted footer",
    "body": "",
    "displayTitle": " ",
    "title": " "
  },
  {
    "_id": "58fdfc5fd084d5167a04dd78",
    "_parentId": "58fdfc5fd084d5167a04dd16",
    "_type": "block",
    "_isAvailable": true,
    "_isOptional": false,
    "_trackingId": 2,
    "_classes": "",
    "body": "",
    "displayTitle": "",
    "title": " "
  },
  {
    "_id": "58fdfc5fd084d5167a04dda5",
    "_parentId": "58fdfc5fd084d5167a04dd09",
    "_type": "block",
    "_isAvailable": true,
    "_isOptional": false,
    "_trackingId": 3,
    "_classes": "",
    "body": "",
    "displayTitle": " ",
    "title": " "
  },
  {
    "_id": "58fdfc5fd084d5167a04ddae",
    "_parentId": "58fdfc5fd084d5167a04dd0e",
    "_type": "block",
    "_isAvailable": true,
    "_isOptional": false,
    "_trackingId": 4,
    "_classes": "",
    "body": "",
    "displayTitle": " ",
    "title": " "
  },
  {
    "_id": "58fdfc5fd084d5167a04dd24",
    "_parentId": "58fdfc5fd084d5167a04dcf8",
    "_type": "block",
    "_isAvailable": true,
    "_isOptional": false,
    "_trackingId": 5,
    "_classes": "",
    "body": "",
    "displayTitle": "",
    "title": " "
  },
  {
    "_id": "58fdfc5fd084d5167a04dd2a",
    "_parentId": "58fdfc5fd084d5167a04dd05",
    "_type": "block",
    "_isAvailable": true,
    "_isOptional": false,
    "_trackingId": 6,
    "_classes": "inverted footer",
    "body": "",
    "displayTitle": " ",
    "title": " "
  },
  {
    "_id": "58fdfc5fd084d5167a04dda4",
    "_parentId": "58fdfc5fd084d5167a04dd08",
    "_type": "block",
    "_isAvailable": true,
    "_isOptional": false,
    "_trackingId": 7,
    "_classes": "inverted footer",
    "body": "",
    "displayTitle": " ",
    "title": " "
  },
  {
    "_id": "58fdfd16d084d5167a04e023",
    "_type": "block",
    "_parentId": "58fdfd16d084d5167a04e022",
    "_isAvailable": true,
    "_isOptional": false,
    "_trackingId": 8,
    "_classes": "",
    "body": "",
    "displayTitle": "",
    "title": "Block title"
  },
  {
    "_id": "58fdfc5fd084d5167a04dd25",
    "_parentId": "58fdfc5fd084d5167a04dcf8",
    "_type": "block",
    "_isAvailable": true,
    "_isOptional": false,
    "_trackingId": 9,
    "_classes": "inverted color-five",
    "body": "",
    "displayTitle": " ",
    "title": " "
  },
  {
    "_id": "58fdfc5fd084d5167a04dd2b",
    "_parentId": "58fdfc5fd084d5167a04dcf7",
    "_type": "block",
    "_isAvailable": true,
    "_isOptional": false,
    "_trackingId": 10,
    "_classes": "inverted color-five",
    "body": "",
    "displayTitle": " ",
    "title": " "
  },
  {
    "_id": "58fdfc5fd084d5167a04dd31",
    "_parentId": "58fdfc5fd084d5167a04dcfe",
    "_type": "block",
    "_isAvailable": true,
    "_isOptional": false,
    "_trackingId": 11,
    "_classes": "inverted color-ten",
    "body": "",
    "displayTitle": " ",
    "title": " "
  },
  {
    "_id": "58fdfc5fd084d5167a04dd3b",
    "_parentId": "58fdfc5fd084d5167a04dd00",
    "_type": "block",
    "_isAvailable": true,
    "_isOptional": false,
    "_trackingId": 12,
    "_classes": "inverted color-eight",
    "body": "",
    "displayTitle": " ",
    "title": " "
  },
  {
    "_id": "58fdfc5fd084d5167a04dd77",
    "_parentId": "58fdfc5fd084d5167a04dd15",
    "_type": "block",
    "_isAvailable": true,
    "_isOptional": false,
    "_trackingId": 13,
    "_classes": "inverted footer",
    "body": "",
    "displayTitle": " ",
    "title": " "
  },
  {
    "_id": "58fdfc5fd084d5167a04dd79",
    "_parentId": "58fdfc5fd084d5167a04dd16",
    "_type": "block",
    "_isAvailable": true,
    "_isOptional": false,
    "_trackingId": 14,
    "_classes": "inverted color-one",
    "body": "",
    "displayTitle": " ",
    "title": " "
  },
  {
    "_id": "58fdfc5fd084d5167a04dd9f",
    "_parentId": "58fdfc5fd084d5167a04dd06",
    "_type": "block",
    "_isAvailable": true,
    "_isOptional": false,
    "_trackingId": 15,
    "_classes": "inverted color-ten",
    "body": "",
    "displayTitle": " ",
    "title": " "
  },
  {
    "_id": "58fdfc5fd084d5167a04dda6",
    "_parentId": "58fdfc5fd084d5167a04dd09",
    "_type": "block",
    "_isAvailable": true,
    "_isOptional": false,
    "_trackingId": 16,
    "_classes": "inverted color-ten",
    "body": "",
    "displayTitle": " ",
    "title": " "
  },
  {
    "_id": "58fdfc5fd084d5167a04ddad",
    "_parentId": "58fdfc5fd084d5167a04dd0e",
    "_type": "block",
    "_isAvailable": true,
    "_isOptional": false,
    "_trackingId": 17,
    "_classes": "inverted color-nine",
    "body": "",
    "displayTitle": " ",
    "title": " "
  },
  {
    "_id": "58fdfc5fd084d5167a04dd22",
    "_parentId": "58fdfc5fd084d5167a04dd09",
    "_type": "block",
    "_isAvailable": true,
    "_isOptional": false,
    "_trackingId": 18,
    "_classes": "",
    "body": "",
    "displayTitle": " ",
    "title": " "
  },
  {
    "_id": "58fdfc5fd084d5167a04dd32",
    "_parentId": "58fdfc5fd084d5167a04dcfe",
    "_type": "block",
    "_isAvailable": true,
    "_isOptional": false,
    "_trackingId": 19,
    "_classes": "",
    "body": "",
    "displayTitle": " ",
    "title": " "
  },
  {
    "_id": "58fdfc5fd084d5167a04dda0",
    "_parentId": "58fdfc5fd084d5167a04dd06",
    "_type": "block",
    "_isAvailable": true,
    "_isOptional": false,
    "_trackingId": 20,
    "_classes": "",
    "body": "",
    "displayTitle": " ",
    "title": " "
  },
  {
    "_id": "58fdfc5fd084d5167a04dd29",
    "_parentId": "58fdfc5fd084d5167a04dcf8",
    "_type": "block",
    "_isAvailable": true,
    "_isOptional": false,
    "_trackingId": 21,
    "_classes": "",
    "body": "",
    "displayTitle": " ",
    "title": " "
  },
  {
    "_id": "58fdfc5fd084d5167a04dd2c",
    "_parentId": "58fdfc5fd084d5167a04dcf7",
    "_type": "block",
    "_isAvailable": true,
    "_isOptional": false,
    "_trackingId": 22,
    "_classes": "",
    "body": "",
    "displayTitle": " ",
    "title": " "
  },
  {
    "_id": "58fdfc5fd084d5167a04dd3c",
    "_parentId": "58fdfc5fd084d5167a04dd00",
    "_type": "block",
    "_isAvailable": true,
    "_isOptional": false,
    "_trackingId": 23,
    "_classes": "",
    "body": "",
    "displayTitle": " ",
    "title": " "
  },
  {
    "_id": "58fdfc5fd084d5167a04dd5e",
    "_parentId": "58fdfc5fd084d5167a04dd0e",
    "_type": "block",
    "_isAvailable": true,
    "_isOptional": false,
    "_trackingId": 24,
    "_classes": "",
    "body": "",
    "displayTitle": " ",
    "title": " "
  },
  {
    "_id": "58fdfc5fd084d5167a04dd7a",
    "_parentId": "58fdfc5fd084d5167a04dd16",
    "_type": "block",
    "_isAvailable": true,
    "_isOptional": false,
    "_trackingId": 25,
    "_classes": "",
    "body": "",
    "displayTitle": " ",
    "title": " "
  },
  {
    "_id": "58fdfc5fd084d5167a04dd26",
    "_parentId": "58fdfc5fd084d5167a04dcf8",
    "_type": "block",
    "_isAvailable": true,
    "_isOptional": false,
    "_trackingId": 26,
    "_classes": "inverted color-three",
    "body": "",
    "displayTitle": " ",
    "title": " "
  },
  {
    "_id": "58fdfc5fd084d5167a04dd21",
    "_parentId": "58fdfc5fd084d5167a04dcfe",
    "_type": "block",
    "_isAvailable": true,
    "_isOptional": false,
    "_trackingId": 27,
    "_classes": "inverted color-three",
    "body": "",
    "displayTitle": " ",
    "title": " "
  },
  {
    "_id": "58fdfc5fd084d5167a04dd2d",
    "_parentId": "58fdfc5fd084d5167a04dcf7",
    "_type": "block",
    "_isAvailable": true,
    "_isOptional": false,
    "_trackingId": 28,
    "_classes": "inverted color-one",
    "body": "",
    "displayTitle": " ",
    "title": " "
  },
  {
    "_id": "58fdfc5fd084d5167a04dd7b",
    "_parentId": "58fdfc5fd084d5167a04dd16",
    "_type": "block",
    "_isAvailable": true,
    "_isOptional": false,
    "_trackingId": 29,
    "_classes": "inverted color-four",
    "body": "",
    "displayTitle": " ",
    "title": " "
  },
  {
    "_id": "58fdfc5fd084d5167a04dda1",
    "_parentId": "58fdfc5fd084d5167a04dd06",
    "_type": "block",
    "_isAvailable": true,
    "_isOptional": false,
    "_trackingId": 30,
    "_classes": "inverted color-eight",
    "body": "",
    "displayTitle": " ",
    "title": " "
  },
  {
    "_id": "58fdfc5fd084d5167a04dda7",
    "_parentId": "58fdfc5fd084d5167a04dd09",
    "_type": "block",
    "_isAvailable": true,
    "_isOptional": false,
    "_trackingId": 31,
    "_classes": "inverted color-one",
    "body": "",
    "displayTitle": " ",
    "title": " "
  },
  {
    "_id": "58fdfc5fd084d5167a04ddaf",
    "_parentId": "58fdfc5fd084d5167a04dd0e",
    "_type": "block",
    "_isAvailable": true,
    "_isOptional": false,
    "_trackingId": 32,
    "_classes": "inverted color-ten",
    "body": "",
    "displayTitle": " ",
    "title": " "
  },
  {
    "_id": "58fdfc5fd084d5167a04dd27",
    "_parentId": "58fdfc5fd084d5167a04dcf8",
    "_type": "block",
    "_isAvailable": true,
    "_isOptional": false,
    "_trackingId": 33,
    "_classes": "",
    "body": "",
    "displayTitle": " ",
    "title": " "
  },
  {
    "_id": "58fdfc5fd084d5167a04dd33",
    "_parentId": "58fdfc5fd084d5167a04dcfe",
    "_type": "block",
    "_isAvailable": true,
    "_isOptional": false,
    "_trackingId": 34,
    "_classes": "",
    "body": "",
    "displayTitle": " ",
    "title": " "
  },
  {
    "_id": "58fdfc5fd084d5167a04dda2",
    "_parentId": "58fdfc5fd084d5167a04dd06",
    "_type": "block",
    "_isAvailable": true,
    "_isOptional": false,
    "_trackingId": 35,
    "_classes": "",
    "body": "",
    "displayTitle": " ",
    "title": " "
  },
  {
    "_id": "58fdfc5fd084d5167a04dd2e",
    "_parentId": "58fdfc5fd084d5167a04dcf7",
    "_type": "block",
    "_isAvailable": true,
    "_isOptional": false,
    "_trackingId": 36,
    "_classes": "",
    "body": "",
    "displayTitle": " ",
    "title": " "
  },
  {
    "_id": "58fdfc5fd084d5167a04dd57",
    "_parentId": "58fdfc5fd084d5167a04dd09",
    "_type": "block",
    "_isAvailable": true,
    "_isOptional": false,
    "_trackingId": 37,
    "_classes": "",
    "body": "",
    "displayTitle": " ",
    "title": " "
  },
  {
    "_id": "58fdfc5fd084d5167a04dd5f",
    "_parentId": "58fdfc5fd084d5167a04dd0e",
    "_type": "block",
    "_isAvailable": true,
    "_isOptional": false,
    "_trackingId": 38,
    "_classes": "",
    "body": "",
    "displayTitle": " ",
    "title": " "
  },
  {
    "_id": "58fdfc5fd084d5167a04dd7c",
    "_parentId": "58fdfc5fd084d5167a04dd16",
    "_type": "block",
    "_isAvailable": true,
    "_isOptional": false,
    "_trackingId": 39,
    "_classes": "",
    "body": "",
    "displayTitle": " ",
    "title": " "
  },
  {
    "_id": "58fdfc5fd084d5167a04dd7d",
    "_parentId": "58fdfc5fd084d5167a04dd16",
    "_type": "block",
    "_isAvailable": true,
    "_isOptional": false,
    "_trackingId": 40,
    "_classes": "inverted color-eight",
    "body": "",
    "displayTitle": " ",
    "title": " "
  },
  {
    "_id": "58fdfc5fd084d5167a04dd20",
    "_parentId": "58fdfc5fd084d5167a04dcf8",
    "_type": "block",
    "_isAvailable": true,
    "_isOptional": false,
    "_trackingId": 41,
    "_classes": "inverted color-one",
    "body": "",
    "displayTitle": " ",
    "title": " "
  },
  {
    "_id": "58fdfc5fd084d5167a04dd58",
    "_parentId": "58fdfc5fd084d5167a04dd09",
    "_type": "block",
    "_isAvailable": true,
    "_isOptional": false,
    "_trackingId": 42,
    "_classes": "inverted color-two",
    "body": "",
    "displayTitle": " ",
    "title": " "
  },
  {
    "_id": "58fdfc5fd084d5167a04dd60",
    "_parentId": "58fdfc5fd084d5167a04dd0e",
    "_type": "block",
    "_isAvailable": true,
    "_isOptional": false,
    "_trackingId": 43,
    "_classes": "inverted color-five",
    "body": "",
    "displayTitle": " ",
    "title": " "
  },
  {
    "_id": "58fdfc5fd084d5167a04ddb0",
    "_parentId": "58fdfc5fd084d5167a04dd0e",
    "_type": "block",
    "_isAvailable": true,
    "_isOptional": false,
    "_trackingId": 44,
    "_classes": "",
    "body": "",
    "displayTitle": " ",
    "title": " "
  },
  {
    "_id": "58fdfc5fd084d5167a04dd28",
    "_parentId": "58fdfc5fd084d5167a04dcf8",
    "_type": "block",
    "_isAvailable": true,
    "_isOptional": false,
    "_trackingId": 45,
    "_classes": "section-banner",
    "body": "",
    "displayTitle": " ",
    "title": " "
  },
  {
    "_id": "58fdfc5fd084d5167a04dd59",
    "_parentId": "58fdfc5fd084d5167a04dd09",
    "_type": "block",
    "_isAvailable": true,
    "_isOptional": false,
    "_trackingId": 46,
    "_classes": "section-banner",
    "body": "",
    "displayTitle": " ",
    "title": " "
  },
  {
    "_id": "58fdfc5fd084d5167a04dd7e",
    "_parentId": "58fdfc5fd084d5167a04dd16",
    "_type": "block",
    "_isAvailable": true,
    "_isOptional": false,
    "_trackingId": 47,
    "_classes": "",
    "body": "",
    "displayTitle": " ",
    "title": " "
  }
]