[
  {
    "_id": "59550775d084d5167a050be4",
    "_parentId": "59550775d084d5167a050bbc",
    "_type": "block",
    "_isAvailable": true,
    "_isOptional": false,
    "_trackingId": 1,
    "_classes": "color-one",
    "body": "",
    "displayTitle": " ",
    "title": " "
  },
  {
    "_id": "59550775d084d5167a050bde",
    "_parentId": "59550775d084d5167a050bb8",
    "_type": "block",
    "_isAvailable": true,
    "_isOptional": false,
    "_trackingId": 2,
    "_classes": "color-three",
    "body": "",
    "displayTitle": " ",
    "title": " "
  },
  {
    "_id": "59550775d084d5167a050bc7",
    "_parentId": "59550775d084d5167a050bb8",
    "_type": "block",
    "_isAvailable": true,
    "_isOptional": false,
    "_trackingId": 3,
    "_classes": "inverted color-three",
    "body": "",
    "displayTitle": " ",
    "title": " "
  },
  {
    "_id": "59550775d084d5167a050be5",
    "_parentId": "59550775d084d5167a050bbc",
    "_type": "block",
    "_isAvailable": true,
    "_isOptional": false,
    "_trackingId": 4,
    "_classes": "inverted color-one",
    "body": "",
    "displayTitle": " ",
    "title": " "
  },
  {
    "_id": "59550775d084d5167a050be8",
    "_parentId": "59550775d084d5167a050bbe",
    "_type": "block",
    "_isAvailable": true,
    "_isOptional": false,
    "_trackingId": 5,
    "_classes": "inverted footer ",
    "body": "",
    "displayTitle": " ",
    "title": " "
  },
  {
    "_id": "59550775d084d5167a050be6",
    "_parentId": "59550775d084d5167a050bbc",
    "_type": "block",
    "_isAvailable": true,
    "_isOptional": false,
    "_trackingId": 6,
    "_classes": "",
    "body": "",
    "displayTitle": " ",
    "title": " "
  },
  {
    "_id": "59550775d084d5167a050be0",
    "_parentId": "59550775d084d5167a050bb8",
    "_type": "block",
    "_isAvailable": true,
    "_isOptional": false,
    "_trackingId": 7,
    "_classes": "color-three",
    "body": "",
    "displayTitle": " ",
    "title": " "
  },
  {
    "_id": "59550775d084d5167a050bc8",
    "_parentId": "59550775d084d5167a050bb8",
    "_type": "block",
    "_isAvailable": true,
    "_isOptional": false,
    "_trackingId": 8,
    "_classes": "inverted color-three",
    "body": "",
    "displayTitle": " ",
    "title": " "
  },
  {
    "_id": "59550775d084d5167a050bc9",
    "_parentId": "59550775d084d5167a050bb8",
    "_type": "block",
    "_isAvailable": true,
    "_isOptional": false,
    "_trackingId": 9,
    "_classes": "color-three",
    "body": "",
    "displayTitle": " ",
    "title": " "
  },
  {
    "_id": "59550775d084d5167a050be7",
    "_parentId": "59550775d084d5167a050bbc",
    "_type": "block",
    "_isAvailable": true,
    "_isOptional": false,
    "_trackingId": 10,
    "_classes": "inverted color-one",
    "body": "",
    "displayTitle": " ",
    "title": " "
  },
  {
    "_id": "59550775d084d5167a050bca",
    "_parentId": "59550775d084d5167a050bb8",
    "_type": "block",
    "_isAvailable": true,
    "_isOptional": false,
    "_trackingId": 11,
    "_classes": "inverted color-three",
    "body": "",
    "displayTitle": " ",
    "title": " "
  },
  {
    "_id": "59550775d084d5167a050bcb",
    "_parentId": "59550775d084d5167a050bb8",
    "_type": "block",
    "_isAvailable": true,
    "_isOptional": false,
    "_trackingId": 12,
    "_classes": "color-three",
    "body": "",
    "displayTitle": " ",
    "title": " "
  },
  {
    "_id": "59550775d084d5167a050bd8",
    "_parentId": "59550775d084d5167a050bb8",
    "_type": "block",
    "_isAvailable": true,
    "_isOptional": false,
    "_trackingId": 13,
    "_classes": "inverted color-one",
    "body": "",
    "displayTitle": " ",
    "title": " "
  }
]