[
  {
    "_id": "58e5f306d084d5167a04ce33",
    "_parentId": "58e5f306d084d5167a04cdd7",
    "_type": "block",
    "_isAvailable": true,
    "_isOptional": false,
    "_trackingId": 1,
    "_classes": "color-five",
    "body": "",
    "displayTitle": "",
    "title": " ",
    "_assessment": {
      "_quizBankID": 1
    }
  },
  {
    "_id": "58e5f306d084d5167a04ce3b",
    "_parentId": "58e5f306d084d5167a04cdce",
    "_type": "block",
    "_isAvailable": true,
    "_isOptional": false,
    "_trackingId": 2,
    "_classes": "color-one",
    "body": "",
    "displayTitle": "",
    "title": " ",
    "_assessment": {
      "_quizBankID": 1
    }
  },
  {
    "_id": "58e5f306d084d5167a04ce07",
    "_parentId": "58e5f306d084d5167a04cdd6",
    "_type": "block",
    "_isAvailable": true,
    "_isOptional": false,
    "_trackingId": 3,
    "_classes": "inverted footer",
    "body": "",
    "displayTitle": " ",
    "title": " ",
    "_assessment": {
      "_quizBankID": 1
    }
  },
  {
    "_id": "58e5f306d084d5167a04ce45",
    "_parentId": "58e5f306d084d5167a04cde0",
    "_type": "block",
    "_isAvailable": true,
    "_isOptional": false,
    "_trackingId": 4,
    "_classes": "inverted footer",
    "body": "",
    "displayTitle": " ",
    "title": " ",
    "_assessment": {
      "_quizBankID": 1
    }
  },
  {
    "_id": "58e5f306d084d5167a04ce58",
    "_parentId": "58e5f306d084d5167a04cdde",
    "_type": "block",
    "_isAvailable": true,
    "_isOptional": false,
    "_trackingId": 5,
    "_classes": "inverted color-three",
    "body": "",
    "displayTitle": " ",
    "title": " ",
    "_assessment": {
      "_quizBankID": 1
    }
  },
  {
    "_id": "58e5f306d084d5167a04ce59",
    "_parentId": "58e5f306d084d5167a04cdd5",
    "_type": "block",
    "_isAvailable": true,
    "_isOptional": false,
    "_trackingId": 6,
    "_classes": "inverted color-three",
    "body": "",
    "displayTitle": " ",
    "title": " ",
    "_assessment": {
      "_quizBankID": 1
    }
  },
  {
    "_id": "58e5f306d084d5167a04ce78",
    "_parentId": "58e5f306d084d5167a04cdd7",
    "_type": "block",
    "_isAvailable": true,
    "_isOptional": false,
    "_trackingId": 7,
    "_classes": "inverted color-five",
    "body": "",
    "displayTitle": " ",
    "title": " ",
    "_assessment": {
      "_quizBankID": 1
    }
  },
  {
    "_id": "58e5f3a6d084d5167a04d374",
    "_parentId": "58e5f306d084d5167a04cdce",
    "_type": "block",
    "_isAvailable": true,
    "_isOptional": false,
    "_trackingId": 8,
    "_classes": "inverted color-one",
    "body": "",
    "displayTitle": " ",
    "title": " ",
    "_assessment": {
      "_quizBankID": 1
    }
  },
  {
    "_id": "58e5f306d084d5167a04ce06",
    "_parentId": "58e5f306d084d5167a04cdd5",
    "_type": "block",
    "_isAvailable": true,
    "_isOptional": false,
    "_trackingId": 9,
    "_classes": "color-three",
    "body": "",
    "displayTitle": " ",
    "title": " ",
    "_assessment": {
      "_quizBankID": 1
    }
  },
  {
    "_id": "58e5f306d084d5167a04ce11",
    "_parentId": "58e5f306d084d5167a04cdde",
    "_type": "block",
    "_isAvailable": true,
    "_isOptional": false,
    "_trackingId": 10,
    "_classes": "color-three",
    "body": "",
    "displayTitle": " ",
    "title": " ",
    "_assessment": {
      "_quizBankID": 1
    }
  },
  {
    "_id": "58e5f306d084d5167a04ce44",
    "_parentId": "58e5f306d084d5167a04cdd7",
    "_type": "block",
    "_isAvailable": true,
    "_isOptional": false,
    "_trackingId": 11,
    "_classes": "color-five",
    "body": "",
    "displayTitle": " ",
    "title": " ",
    "_assessment": {
      "_quizBankID": 1
    }
  },
  {
    "_id": "58e5f306d084d5167a04ce7f",
    "_parentId": "58e5f306d084d5167a04cdce",
    "_type": "block",
    "_isAvailable": true,
    "_isOptional": false,
    "_trackingId": 12,
    "_classes": "inverted color-one",
    "body": "",
    "displayTitle": " ",
    "title": " ",
    "_assessment": {
      "_quizBankID": 1
    }
  },
  {
    "_id": "58e5f306d084d5167a04ce3e",
    "_parentId": "58e5f306d084d5167a04cdce",
    "_type": "block",
    "_isAvailable": true,
    "_isOptional": false,
    "_trackingId": 13,
    "_classes": "color-one",
    "body": "",
    "displayTitle": " ",
    "title": " ",
    "_assessment": {
      "_quizBankID": 1
    }
  },
  {
    "_id": "58e5f306d084d5167a04ce4c",
    "_parentId": "58e5f306d084d5167a04cdd7",
    "_type": "block",
    "_isAvailable": true,
    "_isOptional": false,
    "_trackingId": 14,
    "_classes": "inverted color-five",
    "body": "",
    "displayTitle": " ",
    "title": " ",
    "_assessment": {
      "_quizBankID": 1
    }
  },
  {
    "_id": "58e5f306d084d5167a04ce5a",
    "_parentId": "58e5f306d084d5167a04cdd5",
    "_type": "block",
    "_isAvailable": true,
    "_isOptional": false,
    "_trackingId": 15,
    "_classes": "inverted color-three",
    "body": "",
    "displayTitle": " ",
    "title": " ",
    "_assessment": {
      "_quizBankID": 1
    }
  },
  {
    "_id": "58e5f306d084d5167a04ce85",
    "_parentId": "58e5f306d084d5167a04cdde",
    "_type": "block",
    "_isAvailable": true,
    "_isOptional": false,
    "_trackingId": 16,
    "_classes": "inverted color-three",
    "body": "",
    "displayTitle": " ",
    "title": " ",
    "_assessment": {
      "_quizBankID": 1
    }
  },
  {
    "_id": "58e5f306d084d5167a04ce0b",
    "_parentId": "58e5f306d084d5167a04cdde",
    "_type": "block",
    "_isAvailable": true,
    "_isOptional": false,
    "_trackingId": 17,
    "_classes": "color-three",
    "body": "",
    "displayTitle": " ",
    "title": " ",
    "_assessment": {
      "_quizBankID": 1
    }
  },
  {
    "_id": "58e5f306d084d5167a04ce0d",
    "_parentId": "58e5f306d084d5167a04cdd5",
    "_type": "block",
    "_isAvailable": true,
    "_isOptional": false,
    "_trackingId": 18,
    "_classes": "color-three",
    "body": "",
    "displayTitle": " ",
    "title": " ",
    "_assessment": {
      "_quizBankID": 1
    }
  },
  {
    "_id": "58e5f306d084d5167a04ce43",
    "_parentId": "58e5f306d084d5167a04cdd7",
    "_type": "block",
    "_isAvailable": true,
    "_isOptional": false,
    "_trackingId": 19,
    "_classes": "color-five",
    "body": "",
    "displayTitle": " ",
    "title": " ",
    "_assessment": {
      "_quizBankID": 1
    }
  },
  {
    "_id": "58e5f307d084d5167a04ce8f",
    "_parentId": "58e5f306d084d5167a04cdce",
    "_type": "block",
    "_isAvailable": true,
    "_isOptional": false,
    "_trackingId": 20,
    "_classes": "inverted color-one",
    "body": "",
    "displayTitle": " ",
    "title": " ",
    "_assessment": {
      "_quizBankID": 1
    }
  },
  {
    "_id": "58e5f306d084d5167a04ce3f",
    "_parentId": "58e5f306d084d5167a04cdce",
    "_type": "block",
    "_isAvailable": true,
    "_isOptional": false,
    "_trackingId": 21,
    "_classes": "color-one",
    "body": "",
    "displayTitle": " ",
    "title": " ",
    "_assessment": {
      "_quizBankID": 1
    }
  },
  {
    "_id": "58e5f306d084d5167a04ce86",
    "_parentId": "58e5f306d084d5167a04cdd7",
    "_type": "block",
    "_isAvailable": true,
    "_isOptional": false,
    "_trackingId": 22,
    "_classes": "inverted color-five",
    "body": "",
    "displayTitle": " ",
    "title": " ",
    "_assessment": {
      "_quizBankID": 1
    }
  },
  {
    "_id": "58e5f306d084d5167a04ce64",
    "_parentId": "58e5f306d084d5167a04cdce",
    "_type": "block",
    "_isAvailable": true,
    "_isOptional": false,
    "_trackingId": 23,
    "_classes": "inverted color-one",
    "body": "",
    "displayTitle": " ",
    "title": " ",
    "_assessment": {
      "_quizBankID": 1
    }
  },
  {
    "_id": "58e5f306d084d5167a04ce6c",
    "_parentId": "58e5f306d084d5167a04cdd7",
    "_type": "block",
    "_isAvailable": true,
    "_isOptional": false,
    "_trackingId": 24,
    "_classes": "color-three section-banner",
    "body": "",
    "displayTitle": " ",
    "title": " ",
    "_assessment": {
      "_quizBankID": 1
    }
  },
  {
    "_id": "58e5f306d084d5167a04ce74",
    "_parentId": "58e5f306d084d5167a04cdce",
    "_type": "block",
    "_isAvailable": true,
    "_isOptional": false,
    "_trackingId": 25,
    "_classes": "section-banner color-three",
    "body": "",
    "displayTitle": " ",
    "title": " ",
    "_assessment": {
      "_quizBankID": 1
    }
  }
]