[
  {
    "_id": "58e4b4ebd084d5167a04caaf",
    "_parentId": "58e4b4ebd084d5167a04ca84",
    "_type": "block",
    "_isAvailable": true,
    "_isOptional": false,
    "_trackingId": 1,
    "_classes": "",
    "body": "",
    "displayTitle": "",
    "title": " "
  },
  {
    "_id": "58e4b4ebd084d5167a04caea",
    "_parentId": "58e4b4ebd084d5167a04ca95",
    "_type": "block",
    "_isAvailable": true,
    "_isOptional": false,
    "_trackingId": 2,
    "_classes": "",
    "body": "",
    "displayTitle": " ",
    "title": " "
  },
  {
    "_id": "58e4b4ebd084d5167a04caf1",
    "_parentId": "58e4b4ebd084d5167a04ca91",
    "_type": "block",
    "_isAvailable": true,
    "_isOptional": false,
    "_trackingId": 3,
    "_classes": "inverted footer",
    "body": "",
    "displayTitle": " ",
    "title": " "
  },
  {
    "_id": "58e4b4ebd084d5167a04cab4",
    "_parentId": "58e4b4ebd084d5167a04ca83",
    "_type": "block",
    "_isAvailable": true,
    "_isOptional": false,
    "_trackingId": 4,
    "_classes": "inverted color-five",
    "body": "",
    "displayTitle": " ",
    "title": " "
  },
  {
    "_id": "58e4b4ecd084d5167a04cb35",
    "_parentId": "58e4b4ebd084d5167a04ca94",
    "_type": "block",
    "_isAvailable": true,
    "_isOptional": false,
    "_trackingId": 5,
    "_classes": "inverted footer",
    "body": "",
    "displayTitle": " ",
    "title": " "
  },
  {
    "_id": "58e4b4ebd084d5167a04cab0",
    "_parentId": "58e4b4ebd084d5167a04ca84",
    "_type": "block",
    "_isAvailable": true,
    "_isOptional": false,
    "_trackingId": 6,
    "_classes": "inverted color-five",
    "body": "",
    "displayTitle": " ",
    "title": " "
  },
  {
    "_id": "58e4b4ebd084d5167a04cab5",
    "_parentId": "58e4b4ebd084d5167a04ca83",
    "_type": "block",
    "_isAvailable": true,
    "_isOptional": false,
    "_trackingId": 7,
    "_classes": "",
    "body": "",
    "displayTitle": " ",
    "title": " "
  },
  {
    "_id": "58e4b4ecd084d5167a04cb32",
    "_parentId": "58e4b4ebd084d5167a04ca92",
    "_type": "block",
    "_isAvailable": true,
    "_isOptional": false,
    "_trackingId": 8,
    "_classes": "inverted color-ten",
    "body": "",
    "displayTitle": " ",
    "title": " "
  },
  {
    "_id": "58e4b4ecd084d5167a04cb36",
    "_parentId": "58e4b4ebd084d5167a04ca95",
    "_type": "block",
    "_isAvailable": true,
    "_isOptional": false,
    "_trackingId": 9,
    "_classes": "inverted color-ten",
    "body": "",
    "displayTitle": " ",
    "title": " "
  },
  {
    "_id": "58e4b4ebd084d5167a04cae8",
    "_parentId": "58e4b4ebd084d5167a04ca92",
    "_type": "block",
    "_isAvailable": true,
    "_isOptional": false,
    "_trackingId": 10,
    "_classes": "",
    "body": "",
    "displayTitle": " ",
    "title": " "
  },
  {
    "_id": "58e4b4ecd084d5167a04cb3f",
    "_parentId": "58e4b4ebd084d5167a04ca95",
    "_type": "block",
    "_isAvailable": true,
    "_isOptional": false,
    "_trackingId": 11,
    "_classes": "inverted color-five",
    "body": "",
    "displayTitle": " ",
    "title": " "
  },
  {
    "_id": "58e4b4ebd084d5167a04cab3",
    "_parentId": "58e4b4ebd084d5167a04ca84",
    "_type": "block",
    "_isAvailable": true,
    "_isOptional": false,
    "_trackingId": 12,
    "_classes": "",
    "body": "",
    "displayTitle": " ",
    "title": " "
  },
  {
    "_id": "58e4b4ebd084d5167a04cab6",
    "_parentId": "58e4b4ebd084d5167a04ca83",
    "_type": "block",
    "_isAvailable": true,
    "_isOptional": false,
    "_trackingId": 13,
    "_classes": "inverted color-one",
    "body": "",
    "displayTitle": " ",
    "title": " "
  },
  {
    "_id": "58e4b4ecd084d5167a04cb33",
    "_parentId": "58e4b4ebd084d5167a04ca92",
    "_type": "block",
    "_isAvailable": true,
    "_isOptional": false,
    "_trackingId": 14,
    "_classes": "inverted color-eight",
    "body": "",
    "displayTitle": " ",
    "title": " "
  },
  {
    "_id": "58e4b4ebd084d5167a04cab1",
    "_parentId": "58e4b4ebd084d5167a04ca84",
    "_type": "block",
    "_isAvailable": true,
    "_isOptional": false,
    "_trackingId": 15,
    "_classes": "inverted color-three",
    "body": "",
    "displayTitle": " ",
    "title": " "
  },
  {
    "_id": "58e4b4ebd084d5167a04cab7",
    "_parentId": "58e4b4ebd084d5167a04ca83",
    "_type": "block",
    "_isAvailable": true,
    "_isOptional": false,
    "_trackingId": 16,
    "_classes": "",
    "body": "",
    "displayTitle": " ",
    "title": " "
  },
  {
    "_id": "58e4b4ecd084d5167a04cb37",
    "_parentId": "58e4b4ebd084d5167a04ca95",
    "_type": "block",
    "_isAvailable": true,
    "_isOptional": false,
    "_trackingId": 17,
    "_classes": "inverted color-one",
    "body": "",
    "displayTitle": " ",
    "title": " "
  },
  {
    "_id": "58e4b4ebd084d5167a04cae9",
    "_parentId": "58e4b4ebd084d5167a04ca92",
    "_type": "block",
    "_isAvailable": true,
    "_isOptional": false,
    "_trackingId": 18,
    "_classes": "",
    "body": "",
    "displayTitle": " ",
    "title": " "
  },
  {
    "_id": "58e4b4ebd084d5167a04cb00",
    "_parentId": "58e4b4ebd084d5167a04ca95",
    "_type": "block",
    "_isAvailable": true,
    "_isOptional": false,
    "_trackingId": 19,
    "_classes": "",
    "body": "",
    "displayTitle": " ",
    "title": " "
  },
  {
    "_id": "58e4b4ebd084d5167a04cab2",
    "_parentId": "58e4b4ebd084d5167a04ca84",
    "_type": "block",
    "_isAvailable": true,
    "_isOptional": false,
    "_trackingId": 20,
    "_classes": "",
    "body": "",
    "displayTitle": " ",
    "title": " "
  },
  {
    "_id": "58e4b4ebd084d5167a04caad",
    "_parentId": "58e4b4ebd084d5167a04ca84",
    "_type": "block",
    "_isAvailable": true,
    "_isOptional": false,
    "_trackingId": 21,
    "_classes": "inverted color-one",
    "body": "",
    "displayTitle": " ",
    "title": " "
  },
  {
    "_id": "58e4b4ecd084d5167a04cb3e",
    "_parentId": "58e4b4ebd084d5167a04ca95",
    "_type": "block",
    "_isAvailable": true,
    "_isOptional": false,
    "_trackingId": 22,
    "_classes": "inverted-color-two",
    "body": "",
    "displayTitle": " ",
    "title": " "
  },
  {
    "_id": "58e4b4ebd084d5167a04caf0",
    "_parentId": "58e4b4ebd084d5167a04ca84",
    "_type": "block",
    "_isAvailable": true,
    "_isOptional": false,
    "_trackingId": 23,
    "_classes": "section-banner",
    "body": "",
    "displayTitle": " ",
    "title": " "
  },
  {
    "_id": "58e4b4ebd084d5167a04cb01",
    "_parentId": "58e4b4ebd084d5167a04ca95",
    "_type": "block",
    "_isAvailable": true,
    "_isOptional": false,
    "_trackingId": 24,
    "_classes": "inverted color-two",
    "body": "",
    "displayTitle": " ",
    "title": " "
  },
  {
    "_id": "58e4b4ebd084d5167a04cb02",
    "_parentId": "58e4b4ebd084d5167a04ca95",
    "_type": "block",
    "_isAvailable": true,
    "_isOptional": false,
    "_trackingId": 25,
    "_classes": "section-banner",
    "body": "",
    "displayTitle": " ",
    "title": " "
  }
]