[
  {
    "_graphic": {
      "alt": "",
      "src": "course/en/assets/94164aeed2f6885fcdf44f9fe5484855c5238353.jpg"
    },
    "_id": "58e4b4ebd084d5167a04ca7c",
    "_parentId": "course",
    "_type": "page",
    "_isAvailable": true,
    "_isOptional": false,
    "_lockedBy": [],
    "duration": "",
    "linkText": "View",
    "_classes": "",
    "body": "",
    "displayTitle": "What is open data?",
    "title": "What is open data?",
    "_skillsFramework": {
      "_skills": [
        {
          "level": "explorer",
          "credits": 5,
          "outcome": "Define open data"
        },
        {
          "level": "explorer",
          "credits": 5,
          "outcome": "Explain the need for open data"
        }
      ]
    },
    "_pageLevelProgress": {
      "_showPageCompletion": true,
      "_isEnabled": true
    },
    "_trackingHub": {
      "_pageID": ""
    }
  },
  {
    "_graphic": {
      "alt": "",
      "src": "course/en/assets/1fc73255e55ba04b56c12fcf0dda29d60db46b4d.jpg"
    },
    "_id": "58e4b4ebd084d5167a04ca77",
    "_parentId": "course",
    "_type": "page",
    "_isAvailable": true,
    "_isOptional": false,
    "_lockedBy": [],
    "duration": "",
    "linkText": "View",
    "_classes": "",
    "body": "",
    "displayTitle": "Unlocking value from open data",
    "title": "Unlocking value from open data",
    "_skillsFramework": {
      "_skills": [
        {
          "level": "explorer",
          "credits": 5,
          "outcome": "Describe the benefits of working with open data"
        },
        {
          "level": "explorer",
          "credits": 5,
          "outcome": "Describe successful case studies of using and publishing open data"
        }
      ]
    },
    "_pageLevelProgress": {
      "_showPageCompletion": true,
      "_isEnabled": true
    },
    "_trackingHub": {
      "_pageID": ""
    }
  }
]