[
  {
    "_id": "594100a4d084d5167a04fc48",
    "_parentId": "594100a4d084d5167a04fc45",
    "_type": "article",
    "_isAvailable": true,
    "_isOptional": false,
    "_classes": "",
    "body": "",
    "displayTitle": "",
    "title": " "
  },
  {
    "_id": "594100a4d084d5167a04fc4f",
    "_parentId": "594100a4d084d5167a04fc45",
    "_type": "article",
    "_isAvailable": true,
    "_isOptional": false,
    "_classes": "",
    "body": "",
    "displayTitle": " ",
    "title": " "
  },
  {
    "_id": "594100a4d084d5167a04fc4b",
    "_parentId": "594100a4d084d5167a04fc45",
    "_type": "article",
    "_isAvailable": true,
    "_isOptional": false,
    "_classes": "",
    "body": "",
    "displayTitle": " ",
    "title": " "
  }
]