[
  {
    "_id": "594100a4d084d5167a04fc51",
    "_parentId": "594100a4d084d5167a04fc48",
    "_type": "block",
    "_isAvailable": true,
    "_isOptional": false,
    "_trackingId": 1,
    "_classes": "",
    "body": "",
    "displayTitle": "",
    "title": " "
  },
  {
    "_id": "594100a4d084d5167a04fc57",
    "_parentId": "594100a4d084d5167a04fc4f",
    "_type": "block",
    "_isAvailable": true,
    "_isOptional": false,
    "_trackingId": 2,
    "_classes": "color-six",
    "body": "",
    "displayTitle": " ",
    "title": " "
  },
  {
    "_id": "594100a4d084d5167a04fc56",
    "_parentId": "594100a4d084d5167a04fc4b",
    "_type": "block",
    "_isAvailable": true,
    "_isOptional": false,
    "_trackingId": 3,
    "_classes": "inverted footer",
    "body": "",
    "displayTitle": "",
    "title": " "
  },
  {
    "_id": "594100a4d084d5167a04fc60",
    "_parentId": "594100a4d084d5167a04fc48",
    "_type": "block",
    "_isAvailable": true,
    "_isOptional": false,
    "_trackingId": 4,
    "_classes": "inverted color-two",
    "body": "",
    "displayTitle": "",
    "title": " "
  },
  {
    "_id": "594100a4d084d5167a04fc66",
    "_parentId": "594100a4d084d5167a04fc4f",
    "_type": "block",
    "_isAvailable": true,
    "_isOptional": false,
    "_trackingId": 5,
    "_classes": "inverted color-six",
    "body": "",
    "displayTitle": " ",
    "title": " "
  },
  {
    "_id": "594100a4d084d5167a04fc67",
    "_parentId": "594100a4d084d5167a04fc4f",
    "_type": "block",
    "_isAvailable": true,
    "_isOptional": false,
    "_trackingId": 6,
    "_classes": "color-six",
    "body": "",
    "displayTitle": " ",
    "title": " "
  },
  {
    "_id": "594100a4d084d5167a04fc73",
    "_parentId": "594100a4d084d5167a04fc48",
    "_type": "block",
    "_isAvailable": true,
    "_isOptional": false,
    "_trackingId": 7,
    "_classes": "color-two",
    "body": "",
    "displayTitle": "",
    "title": " "
  },
  {
    "_id": "594100a4d084d5167a04fc55",
    "_parentId": "594100a4d084d5167a04fc48",
    "_type": "block",
    "_isAvailable": true,
    "_isOptional": false,
    "_trackingId": 8,
    "_classes": "inverted color-two",
    "body": "",
    "displayTitle": "",
    "title": " "
  },
  {
    "_id": "594100a4d084d5167a04fc61",
    "_parentId": "594100a4d084d5167a04fc48",
    "_type": "block",
    "_isAvailable": true,
    "_isOptional": false,
    "_trackingId": 9,
    "_classes": "color-two",
    "body": "",
    "displayTitle": "",
    "title": " "
  },
  {
    "_id": "594100a4d084d5167a04fc68",
    "_parentId": "594100a4d084d5167a04fc48",
    "_type": "block",
    "_isAvailable": true,
    "_isOptional": false,
    "_trackingId": 10,
    "_classes": "inverted color-six",
    "body": "",
    "displayTitle": " ",
    "title": " "
  }
]