[
  {
    "_id": "594100a4d084d5167a04fc45",
    "_graphic": {
      "alt": "",
      "src": "course/fr/assets/a699447adb040b8b78c36f46d46356ba124debf3.png"
    },
    "_parentId": "course",
    "_type": "page",
    "_isAvailable": true,
    "_isOptional": false,
    "_lockedBy": [],
    "duration": "",
    "linkText": "View",
    "_classes": "",
    "body": "",
    "displayTitle": "Gestion du changement au sein de l'open data",
    "title": "Gestion du changement au sein de l'open data",
    "_skillsFramework": {
      "_skills": [
        {
          "outcome": "Define change management",
          "credits": 5,
          "level": "pioneer"
        },
        {
          "outcome": "List the key elements of change management",
          "credits": 5,
          "level": "pioneer"
        },
        {
          "outcome": "Explain challenges facing change management",
          "credits": 5,
          "level": "pioneer"
        }
      ]
    },
    "_pageLevelProgress": {
      "_isEnabled": true,
      "_showPageCompletion": true
    }
  }
]