[
  {
    "_id": "57c68f754d7b7e82691e3bf1",
    "_parentId": "57c68f754d7b7e82691e3bf0",
    "_type": "block",
    "_isAvailable": true,
    "_isOptional": false,
    "_trackingId": 1,
    "_classes": "inverted color-five",
    "body": "",
    "displayTitle": "",
    "title": "   "
  },
  {
    "_id": "57c694a14d7b7e82691e3bf7",
    "_parentId": "57c68f754d7b7e82691e3bf0",
    "_type": "block",
    "_isAvailable": true,
    "_isOptional": false,
    "_trackingId": 2,
    "_classes": "color-five",
    "body": "",
    "displayTitle": "   ",
    "title": "   "
  },
  {
    "_id": "57c694df4d7b7e82691e3bf9",
    "_parentId": "57c68f754d7b7e82691e3bf0",
    "_type": "block",
    "_isAvailable": true,
    "_isOptional": false,
    "_trackingId": 3,
    "_classes": "inverted color-six",
    "body": "",
    "displayTitle": "   ",
    "title": "   "
  },
  {
    "_id": "5809f63e4d7b7e82691e3f13",
    "_parentId": "57c68f754d7b7e82691e3bf0",
    "_type": "block",
    "_isAvailable": true,
    "_isOptional": false,
    "_trackingId": 4,
    "_classes": "color-six",
    "body": "",
    "displayTitle": "   Comparing types of innovation event",
    "title": "   Comparing types of innovation event"
  },
  {
    "_id": "57c695c84d7b7e82691e3bfb",
    "_parentId": "57c68f754d7b7e82691e3bf0",
    "_type": "block",
    "_isAvailable": true,
    "_isOptional": false,
    "_trackingId": 5,
    "_classes": "inverted color-one",
    "body": "",
    "displayTitle": "   ",
    "title": "   "
  },
  {
    "_id": "57c697174d7b7e82691e3c00",
    "_parentId": "57c68f754d7b7e82691e3bf0",
    "_type": "block",
    "_isAvailable": true,
    "_isOptional": false,
    "_trackingId": 6,
    "_classes": "color-one",
    "body": "",
    "displayTitle": "   ",
    "title": "   "
  },
  {
    "_id": "57c6a4614d7b7e82691e3c0e",
    "_parentId": "57c68f754d7b7e82691e3bf0",
    "_type": "block",
    "_isAvailable": true,
    "_isOptional": false,
    "_trackingId": 7,
    "_classes": "inverted color-five",
    "body": "",
    "displayTitle": "   ",
    "title": "   "
  },
  {
    "_id": "57c6a62f4d7b7e82691e3c14",
    "_parentId": "57c68f754d7b7e82691e3bf0",
    "_type": "block",
    "_isAvailable": true,
    "_isOptional": false,
    "_trackingId": 8,
    "_classes": "color-five",
    "body": "",
    "displayTitle": "Are you ready for open innovation?",
    "title": "Are you ready for open innovation?"
  },
  {
    "_id": "57c6a64b4d7b7e82691e3c15",
    "_parentId": "57c68f754d7b7e82691e3bf0",
    "_type": "block",
    "_isAvailable": true,
    "_isOptional": false,
    "_trackingId": 9,
    "_classes": "inverted color-six",
    "body": "",
    "displayTitle": "   ",
    "title": "   "
  },
  {
    "_id": "57c6a70f4d7b7e82691e3c17",
    "_parentId": "57c68f754d7b7e82691e3bf0",
    "_type": "block",
    "_isAvailable": true,
    "_isOptional": false,
    "_trackingId": 10,
    "_classes": "inverted color-one",
    "body": "",
    "displayTitle": "   ",
    "title": "   "
  },
  {
    "_id": "57c6a9264d7b7e82691e3c1d",
    "_parentId": "57c68f754d7b7e82691e3bf0",
    "_type": "block",
    "_isAvailable": true,
    "_isOptional": false,
    "_trackingId": 11,
    "_classes": "color-one",
    "body": "",
    "displayTitle": "   ",
    "title": "   "
  },
  {
    "_id": "57c6aa394d7b7e82691e3c2c",
    "_parentId": "57c68f754d7b7e82691e3bf0",
    "_type": "block",
    "_isAvailable": true,
    "_isOptional": false,
    "_trackingId": 12,
    "_classes": "inverted color-five",
    "body": "",
    "displayTitle": "   ",
    "title": "   "
  },
  {
    "_id": "57c6ab0f4d7b7e82691e3c32",
    "_parentId": "57c68f754d7b7e82691e3bf0",
    "_type": "block",
    "_isAvailable": true,
    "_isOptional": false,
    "_trackingId": 13,
    "_classes": "inverted footer",
    "body": "",
    "displayTitle": "   ",
    "title": "   "
  }
]