[
  {
    "_graphic": {
      "alt": "",
      "src": ""
    },
    "_id": "57c68f754d7b7e82691e3bef",
    "_parentId": "course",
    "_type": "page",
    "_isAvailable": true,
    "_isOptional": false,
    "_lockedBy": [],
    "duration": "",
    "linkText": "View",
    "_classes": "",
    "body": "",
    "displayTitle": "IDB open innovation guide",
    "title": "IDB open innovation guide",
    "_pageLevelProgress": {
      "_isEnabled": true,
      "_showPageCompletion": true
    },
    "_skillsFramework": {
      "_skills": [
        {
          "outcome": "Understand open innovation techniques",
          "credits": 5,
          "level": "explorer"
        }
      ]
    },
    "_trackingHub": {
      "_pageID": "ODI_IDB1"
    }
  }
]