[
  {
    "_id": "58407bac4d7b7e82691e4b60",
    "_parentId": "58407bac4d7b7e82691e4b5f",
    "_type": "article",
    "_isAvailable": true,
    "_isOptional": false,
    "_classes": "",
    "body": "",
    "displayTitle": "  ",
    "title": "  "
  },
  {
    "_id": "58407bad4d7b7e82691e4b63",
    "_parentId": "58407bad4d7b7e82691e4b62",
    "_type": "article",
    "_isAvailable": true,
    "_isOptional": false,
    "_classes": "",
    "body": "",
    "displayTitle": " ",
    "title": " "
  },
  {
    "_id": "58407bae4d7b7e82691e4b66",
    "_parentId": "58407bae4d7b7e82691e4b65",
    "_type": "article",
    "_isAvailable": true,
    "_isOptional": false,
    "_classes": "",
    "body": "",
    "displayTitle": "  ",
    "title": "  "
  }
]