[
  {
    "_id": "58407bac4d7b7e82691e4b61",
    "_parentId": "58407bac4d7b7e82691e4b60",
    "_type": "block",
    "_isAvailable": true,
    "_isOptional": false,
    "_trackingId": 1,
    "_classes": "color-two",
    "body": "",
    "displayTitle": "",
    "title": "   "
  },
  {
    "_id": "58407bad4d7b7e82691e4b64",
    "_parentId": "58407bad4d7b7e82691e4b63",
    "_type": "block",
    "_isAvailable": true,
    "_isOptional": false,
    "_trackingId": 2,
    "_classes": "color-four",
    "body": "",
    "displayTitle": "",
    "title": " "
  },
  {
    "_id": "58407bae4d7b7e82691e4b67",
    "_parentId": "58407bae4d7b7e82691e4b66",
    "_type": "block",
    "_isAvailable": true,
    "_isOptional": false,
    "_trackingId": 3,
    "_classes": "color-five",
    "body": "",
    "displayTitle": "",
    "title": " "
  },
  {
    "_id": "587e0764b61c46e176e7e1af",
    "_parentId": "587e0764b61c46e176e7e1ae",
    "_type": "block",
    "_isAvailable": true,
    "_isOptional": false,
    "_trackingId": 4,
    "_classes": "",
    "body": "",
    "displayTitle": "",
    "title": " "
  },
  {
    "_id": "587e224cb61c46e176e7e299",
    "_parentId": "587e224cb61c46e176e7e298",
    "_type": "block",
    "_isAvailable": true,
    "_isOptional": false,
    "_trackingId": 5,
    "_classes": "color-one",
    "body": "",
    "displayTitle": "",
    "title": " "
  },
  {
    "_id": "587e3feeb61c46e176e7e42b",
    "_parentId": "587e3feeb61c46e176e7e42a",
    "_type": "block",
    "_isAvailable": true,
    "_isOptional": false,
    "_trackingId": 6,
    "_classes": "color-one",
    "body": "",
    "displayTitle": "",
    "title": " "
  },
  {
    "_id": "584131cf4d7b7e82691e4b7b",
    "_parentId": "58407bad4d7b7e82691e4b63",
    "_type": "block",
    "_isAvailable": true,
    "_isOptional": false,
    "_trackingId": 7,
    "_classes": "inverted color-four",
    "body": "",
    "displayTitle": " ",
    "title": " "
  },
  {
    "_id": "58407c4e4d7b7e82691e4b6a",
    "_parentId": "58407bac4d7b7e82691e4b60",
    "_type": "block",
    "_isAvailable": true,
    "_isOptional": false,
    "_trackingId": 8,
    "_classes": "inverted color-two",
    "body": "",
    "displayTitle": "  ",
    "title": "  "
  },
  {
    "_id": "584eb2474e62ce485eb144f9",
    "_parentId": "58407bae4d7b7e82691e4b66",
    "_type": "block",
    "_isAvailable": true,
    "_isOptional": false,
    "_trackingId": 9,
    "_classes": "inverted color-five",
    "body": "",
    "displayTitle": " ",
    "title": " "
  },
  {
    "_id": "587e0809b61c46e176e7e1b4",
    "_parentId": "587e0764b61c46e176e7e1ae",
    "_type": "block",
    "_isAvailable": true,
    "_isOptional": false,
    "_trackingId": 10,
    "_classes": "section-banner color-one inverted",
    "body": "",
    "displayTitle": " ",
    "title": " "
  },
  {
    "_id": "587e224cb61c46e176e7e29a",
    "_parentId": "587e224cb61c46e176e7e298",
    "_type": "block",
    "_isAvailable": true,
    "_isOptional": false,
    "_trackingId": 11,
    "_classes": "section-banner color-one inverted",
    "body": "",
    "displayTitle": " ",
    "title": " "
  },
  {
    "_id": "587e3feeb61c46e176e7e42c",
    "_parentId": "587e3feeb61c46e176e7e42a",
    "_type": "block",
    "_isAvailable": true,
    "_isOptional": false,
    "_trackingId": 12,
    "_classes": "section-banner color-one inverted",
    "body": "",
    "displayTitle": " ",
    "title": " "
  },
  {
    "_id": "58407fe74d7b7e82691e4b71",
    "_parentId": "58407bac4d7b7e82691e4b60",
    "_type": "block",
    "_isAvailable": true,
    "_isOptional": false,
    "_trackingId": 13,
    "_classes": "color-two",
    "body": "",
    "displayTitle": "   ",
    "title": "   "
  },
  {
    "_id": "584eb2854e62ce485eb144fc",
    "_parentId": "58407bae4d7b7e82691e4b66",
    "_type": "block",
    "_isAvailable": true,
    "_isOptional": false,
    "_trackingId": 14,
    "_classes": "color-five",
    "body": "",
    "displayTitle": " ",
    "title": " "
  },
  {
    "_id": "587e08b3b61c46e176e7e1b9",
    "_parentId": "587e0764b61c46e176e7e1ae",
    "_type": "block",
    "_isAvailable": true,
    "_isOptional": false,
    "_trackingId": 15,
    "_classes": "color-one",
    "body": "",
    "displayTitle": " ",
    "title": " "
  },
  {
    "_id": "587e224cb61c46e176e7e29b",
    "_parentId": "587e224cb61c46e176e7e298",
    "_type": "block",
    "_isAvailable": true,
    "_isOptional": false,
    "_trackingId": 16,
    "_classes": "color-one",
    "body": "",
    "displayTitle": " ",
    "title": " "
  },
  {
    "_id": "587e3feeb61c46e176e7e42d",
    "_parentId": "587e3feeb61c46e176e7e42a",
    "_type": "block",
    "_isAvailable": true,
    "_isOptional": false,
    "_trackingId": 17,
    "_classes": "color-one",
    "body": "",
    "displayTitle": " ",
    "title": " "
  },
  {
    "_id": "5891f782b61c46e176e7f051",
    "_parentId": "58407bad4d7b7e82691e4b63",
    "_type": "block",
    "_isAvailable": true,
    "_isOptional": false,
    "_trackingId": 18,
    "_classes": "color-four",
    "body": "",
    "displayTitle": " ",
    "title": " "
  },
  {
    "_id": "5849a4534d7b7e82691e4e13",
    "_parentId": "58407bad4d7b7e82691e4b63",
    "_type": "block",
    "_isAvailable": true,
    "_isOptional": false,
    "_trackingId": 19,
    "_classes": "inverted color-four",
    "body": "",
    "displayTitle": "    ",
    "title": "    "
  },
  {
    "_id": "584081b04d7b7e82691e4b75",
    "_parentId": "58407bac4d7b7e82691e4b60",
    "_type": "block",
    "_isAvailable": true,
    "_isOptional": false,
    "_trackingId": 20,
    "_classes": "inverted color-two",
    "body": "",
    "displayTitle": "   ",
    "title": "   "
  },
  {
    "_id": "587e0997b61c46e176e7e1c4",
    "_parentId": "587e0764b61c46e176e7e1ae",
    "_type": "block",
    "_isAvailable": true,
    "_isOptional": false,
    "_trackingId": 21,
    "_classes": "color-one inverted",
    "body": "",
    "displayTitle": " ",
    "title": " "
  },
  {
    "_id": "587e224cb61c46e176e7e29c",
    "_parentId": "587e224cb61c46e176e7e298",
    "_type": "block",
    "_isAvailable": true,
    "_isOptional": false,
    "_trackingId": 22,
    "_classes": "color-one inverted",
    "body": "",
    "displayTitle": " ",
    "title": " "
  },
  {
    "_id": "587e3feeb61c46e176e7e42e",
    "_parentId": "587e3feeb61c46e176e7e42a",
    "_type": "block",
    "_isAvailable": true,
    "_isOptional": false,
    "_trackingId": 23,
    "_classes": "color-one inverted",
    "body": "",
    "displayTitle": " ",
    "title": " "
  },
  {
    "_id": "584ebef44e62ce485eb14530",
    "_parentId": "58407bac4d7b7e82691e4b60",
    "_type": "block",
    "_isAvailable": true,
    "_isOptional": false,
    "_trackingId": 24,
    "_classes": "color-one",
    "body": "",
    "displayTitle": "  ",
    "title": "  "
  },
  {
    "_id": "584ee30e4e62ce485eb1457f",
    "_parentId": "58407bad4d7b7e82691e4b63",
    "_type": "block",
    "_isAvailable": true,
    "_isOptional": false,
    "_trackingId": 25,
    "_classes": "color-one section-banner",
    "body": "",
    "displayTitle": "  ",
    "title": "  "
  },
  {
    "_id": "587e09e6b61c46e176e7e1cd",
    "_parentId": "587e0764b61c46e176e7e1ae",
    "_type": "block",
    "_isAvailable": true,
    "_isOptional": false,
    "_trackingId": 26,
    "_classes": "section-banner ",
    "body": "",
    "displayTitle": " ",
    "title": " "
  },
  {
    "_id": "587e224cb61c46e176e7e29e",
    "_parentId": "587e224cb61c46e176e7e298",
    "_type": "block",
    "_isAvailable": true,
    "_isOptional": false,
    "_trackingId": 27,
    "_classes": "color-one",
    "body": "",
    "displayTitle": " ",
    "title": " "
  },
  {
    "_id": "587e3feeb61c46e176e7e430",
    "_parentId": "587e3feeb61c46e176e7e42a",
    "_type": "block",
    "_isAvailable": true,
    "_isOptional": false,
    "_trackingId": 28,
    "_classes": "color-one",
    "body": "",
    "displayTitle": " ",
    "title": " "
  },
  {
    "_id": "589b3048fda9f5660ad84a38",
    "_parentId": "58407bae4d7b7e82691e4b66",
    "_type": "block",
    "_isAvailable": true,
    "_isOptional": false,
    "_trackingId": 29,
    "_classes": "inverted color-five",
    "body": "",
    "displayTitle": " ",
    "title": " "
  },
  {
    "_id": "584ebfa34e62ce485eb14535",
    "_parentId": "58407bac4d7b7e82691e4b60",
    "_type": "block",
    "_isAvailable": true,
    "_isOptional": false,
    "_trackingId": 30,
    "_classes": "inverted color-one",
    "body": "",
    "displayTitle": "  ",
    "title": "  "
  },
  {
    "_id": "584ee3424e62ce485eb14585",
    "_parentId": "58407bad4d7b7e82691e4b63",
    "_type": "block",
    "_isAvailable": true,
    "_isOptional": false,
    "_trackingId": 31,
    "_classes": "inverted color-one",
    "body": "",
    "displayTitle": "  ",
    "title": "  "
  },
  {
    "_id": "587e0a2ab61c46e176e7e1d6",
    "_parentId": "587e0764b61c46e176e7e1ae",
    "_type": "block",
    "_isAvailable": true,
    "_isOptional": false,
    "_trackingId": 32,
    "_classes": "inverted color-two",
    "body": "",
    "displayTitle": " ",
    "title": " "
  },
  {
    "_id": "587e224cb61c46e176e7e29f",
    "_parentId": "587e224cb61c46e176e7e298",
    "_type": "block",
    "_isAvailable": true,
    "_isOptional": false,
    "_trackingId": 33,
    "_classes": "color-one inverted",
    "body": "",
    "displayTitle": " ",
    "title": " "
  },
  {
    "_id": "587e3feeb61c46e176e7e431",
    "_parentId": "587e3feeb61c46e176e7e42a",
    "_type": "block",
    "_isAvailable": true,
    "_isOptional": false,
    "_trackingId": 34,
    "_classes": "color-one inverted",
    "body": "",
    "displayTitle": " ",
    "title": " "
  },
  {
    "_id": "5899d5b2fda9f5660ad84586",
    "_parentId": "58407bae4d7b7e82691e4b66",
    "_type": "block",
    "_isAvailable": true,
    "_isOptional": false,
    "_trackingId": 35,
    "_classes": "color-five",
    "body": "",
    "displayTitle": " ",
    "title": " "
  },
  {
    "_id": "584eb61f4e62ce485eb14512",
    "_parentId": "58407bae4d7b7e82691e4b66",
    "_type": "block",
    "_isAvailable": true,
    "_isOptional": false,
    "_trackingId": 36,
    "_classes": "inverted color-five",
    "body": "",
    "displayTitle": " ",
    "title": " "
  },
  {
    "_id": "584ec1104e62ce485eb1453e",
    "_parentId": "58407bac4d7b7e82691e4b60",
    "_type": "block",
    "_isAvailable": true,
    "_isOptional": false,
    "_trackingId": 37,
    "_classes": "color-one",
    "body": "",
    "displayTitle": "  ",
    "title": "  "
  },
  {
    "_id": "584ee3694e62ce485eb14588",
    "_parentId": "58407bad4d7b7e82691e4b63",
    "_type": "block",
    "_isAvailable": true,
    "_isOptional": false,
    "_trackingId": 38,
    "_classes": "",
    "body": "",
    "displayTitle": "  ",
    "title": "  "
  },
  {
    "_id": "587e0ad7b61c46e176e7e1e1",
    "_parentId": "587e0764b61c46e176e7e1ae",
    "_type": "block",
    "_isAvailable": true,
    "_isOptional": false,
    "_trackingId": 39,
    "_classes": "color-two",
    "body": "",
    "displayTitle": " ",
    "title": " "
  },
  {
    "_id": "587e31cbb61c46e176e7e3a8",
    "_parentId": "587e224cb61c46e176e7e298",
    "_type": "block",
    "_isAvailable": true,
    "_isOptional": false,
    "_trackingId": 40,
    "_classes": "color-one",
    "body": "",
    "displayTitle": " ",
    "title": " "
  },
  {
    "_id": "587e3feeb61c46e176e7e42f",
    "_parentId": "587e3feeb61c46e176e7e42a",
    "_type": "block",
    "_isAvailable": true,
    "_isOptional": false,
    "_trackingId": 41,
    "_classes": "section-banner color-five",
    "body": "",
    "displayTitle": " ",
    "title": " "
  },
  {
    "_id": "584ec3ac4e62ce485eb14543",
    "_parentId": "58407bac4d7b7e82691e4b60",
    "_type": "block",
    "_isAvailable": true,
    "_isOptional": false,
    "_trackingId": 42,
    "_classes": "inverted color-one",
    "body": "",
    "displayTitle": "  ",
    "title": "  "
  },
  {
    "_id": "584f421b4e62ce485eb1458d",
    "_parentId": "58407bad4d7b7e82691e4b63",
    "_type": "block",
    "_isAvailable": true,
    "_isOptional": false,
    "_trackingId": 43,
    "_classes": "inverted color-one",
    "body": "",
    "displayTitle": "  ",
    "title": "  "
  },
  {
    "_id": "587e0b33b61c46e176e7e1f3",
    "_parentId": "587e0764b61c46e176e7e1ae",
    "_type": "block",
    "_isAvailable": true,
    "_isOptional": false,
    "_trackingId": 44,
    "_classes": "inverted color-three section-banner",
    "body": "",
    "displayTitle": " ",
    "title": " "
  },
  {
    "_id": "587e224cb61c46e176e7e29d",
    "_parentId": "587e224cb61c46e176e7e298",
    "_type": "block",
    "_isAvailable": true,
    "_isOptional": false,
    "_trackingId": 45,
    "_classes": "section-banner inverted color-five",
    "body": "",
    "displayTitle": " ",
    "title": " "
  },
  {
    "_id": "587e3feeb61c46e176e7e43c",
    "_parentId": "587e3feeb61c46e176e7e42a",
    "_type": "block",
    "_isAvailable": true,
    "_isOptional": false,
    "_trackingId": 46,
    "_classes": "color-five inverted",
    "body": "",
    "displayTitle": " ",
    "title": " "
  },
  {
    "_id": "5898b5abfda9f5660ad84561",
    "_parentId": "58407bae4d7b7e82691e4b66",
    "_type": "block",
    "_isAvailable": true,
    "_isOptional": false,
    "_trackingId": 47,
    "_classes": "color-five",
    "body": "",
    "displayTitle": " ",
    "title": " "
  },
  {
    "_id": "5854046eb61c46e176e7e0ed",
    "_parentId": "58407bae4d7b7e82691e4b66",
    "_type": "block",
    "_isAvailable": true,
    "_isOptional": false,
    "_trackingId": 48,
    "_classes": "inverted color-one section-banner",
    "body": "",
    "displayTitle": " ",
    "title": " "
  },
  {
    "_id": "584f425a4e62ce485eb14592",
    "_parentId": "58407bad4d7b7e82691e4b63",
    "_type": "block",
    "_isAvailable": true,
    "_isOptional": false,
    "_trackingId": 49,
    "_classes": "inverted footer",
    "body": "",
    "displayTitle": "  ",
    "title": "  "
  },
  {
    "_id": "585407e1b61c46e176e7e0f1",
    "_parentId": "58407bac4d7b7e82691e4b60",
    "_type": "block",
    "_isAvailable": true,
    "_isOptional": false,
    "_trackingId": 50,
    "_classes": "inverted footer",
    "body": "",
    "displayTitle": "",
    "title": "Summary"
  },
  {
    "_id": "587e0b70b61c46e176e7e202",
    "_parentId": "587e0764b61c46e176e7e1ae",
    "_type": "block",
    "_isAvailable": true,
    "_isOptional": false,
    "_trackingId": 51,
    "_classes": "color-three",
    "body": "",
    "displayTitle": " ",
    "title": " "
  },
  {
    "_id": "587e3349b61c46e176e7e3c5",
    "_parentId": "587e224cb61c46e176e7e298",
    "_type": "block",
    "_isAvailable": true,
    "_isOptional": false,
    "_trackingId": 52,
    "_classes": "color-five",
    "body": "",
    "displayTitle": " ",
    "title": " "
  },
  {
    "_id": "587e4476b61c46e176e7e5d1",
    "_parentId": "587e3feeb61c46e176e7e42a",
    "_type": "block",
    "_isAvailable": true,
    "_isOptional": false,
    "_trackingId": 53,
    "_classes": "color-five",
    "body": "",
    "displayTitle": " ",
    "title": " "
  },
  {
    "_id": "587e0c63b61c46e176e7e20e",
    "_parentId": "587e0764b61c46e176e7e1ae",
    "_type": "block",
    "_isAvailable": true,
    "_isOptional": false,
    "_trackingId": 54,
    "_classes": "section-banner inverted color-one",
    "body": "",
    "displayTitle": " ",
    "title": " "
  },
  {
    "_id": "587e362bb61c46e176e7e3c8",
    "_parentId": "587e224cb61c46e176e7e298",
    "_type": "block",
    "_isAvailable": true,
    "_isOptional": false,
    "_trackingId": 55,
    "_classes": "color-five inverted",
    "body": "",
    "displayTitle": " ",
    "title": " "
  },
  {
    "_id": "587e458cb61c46e176e7e5d9",
    "_parentId": "587e3feeb61c46e176e7e42a",
    "_type": "block",
    "_isAvailable": true,
    "_isOptional": false,
    "_trackingId": 56,
    "_classes": "inverted color-five",
    "body": "",
    "displayTitle": " ",
    "title": " "
  },
  {
    "_id": "5899eabefda9f5660ad84590",
    "_parentId": "58407bae4d7b7e82691e4b66",
    "_type": "block",
    "_isAvailable": true,
    "_isOptional": false,
    "_trackingId": 57,
    "_classes": "color-one",
    "body": "",
    "displayTitle": " ",
    "title": " "
  },
  {
    "_id": "586e5118b61c46e176e7e140",
    "_parentId": "58407bae4d7b7e82691e4b66",
    "_type": "block",
    "_isAvailable": true,
    "_isOptional": false,
    "_trackingId": 58,
    "_classes": "inverted color-one",
    "body": "",
    "displayTitle": " ",
    "title": " "
  },
  {
    "_id": "587e0cb3b61c46e176e7e221",
    "_parentId": "587e0764b61c46e176e7e1ae",
    "_type": "block",
    "_isAvailable": true,
    "_isOptional": false,
    "_trackingId": 59,
    "_classes": "color-one",
    "body": "",
    "displayTitle": " ",
    "title": " "
  },
  {
    "_id": "587e224cb61c46e176e7e2a0",
    "_parentId": "587e224cb61c46e176e7e298",
    "_type": "block",
    "_isAvailable": true,
    "_isOptional": false,
    "_trackingId": 60,
    "_classes": "color-three section-banner",
    "body": "",
    "displayTitle": " ",
    "title": " "
  },
  {
    "_id": "587e3feeb61c46e176e7e432",
    "_parentId": "587e3feeb61c46e176e7e42a",
    "_type": "block",
    "_isAvailable": true,
    "_isOptional": false,
    "_trackingId": 61,
    "_classes": "color-three section-banner",
    "body": "",
    "displayTitle": " ",
    "title": " "
  },
  {
    "_id": "586e66b3b61c46e176e7e154",
    "_parentId": "58407bae4d7b7e82691e4b66",
    "_type": "block",
    "_isAvailable": true,
    "_isOptional": false,
    "_trackingId": 62,
    "_classes": "color-one",
    "body": "",
    "displayTitle": " ",
    "title": " "
  },
  {
    "_id": "587e0d92b61c46e176e7e234",
    "_parentId": "587e0764b61c46e176e7e1ae",
    "_type": "block",
    "_isAvailable": true,
    "_isOptional": false,
    "_trackingId": 63,
    "_classes": "inverted color-one",
    "body": "",
    "displayTitle": " ",
    "title": " "
  },
  {
    "_id": "587e224cb61c46e176e7e2a1",
    "_parentId": "587e224cb61c46e176e7e298",
    "_type": "block",
    "_isAvailable": true,
    "_isOptional": false,
    "_trackingId": 64,
    "_classes": "color-three inverted",
    "body": "",
    "displayTitle": " ",
    "title": " "
  },
  {
    "_id": "587e3feeb61c46e176e7e433",
    "_parentId": "587e3feeb61c46e176e7e42a",
    "_type": "block",
    "_isAvailable": true,
    "_isOptional": false,
    "_trackingId": 65,
    "_classes": "color-three inverted",
    "body": "",
    "displayTitle": " ",
    "title": " "
  },
  {
    "_id": "586e67e2b61c46e176e7e15a",
    "_parentId": "58407bae4d7b7e82691e4b66",
    "_type": "block",
    "_isAvailable": true,
    "_isOptional": false,
    "_trackingId": 66,
    "_classes": "inverted color-one",
    "body": "",
    "displayTitle": " ",
    "title": " "
  },
  {
    "_id": "587e0e1cb61c46e176e7e247",
    "_parentId": "587e0764b61c46e176e7e1ae",
    "_type": "block",
    "_isAvailable": true,
    "_isOptional": false,
    "_trackingId": 67,
    "_classes": "color-one",
    "body": "",
    "displayTitle": " ",
    "title": " "
  },
  {
    "_id": "587e224cb61c46e176e7e2a2",
    "_parentId": "587e224cb61c46e176e7e298",
    "_type": "block",
    "_isAvailable": true,
    "_isOptional": false,
    "_trackingId": 68,
    "_classes": "section-banner color-one",
    "body": "",
    "displayTitle": " ",
    "title": " "
  },
  {
    "_id": "587e3feeb61c46e176e7e434",
    "_parentId": "587e3feeb61c46e176e7e42a",
    "_type": "block",
    "_isAvailable": true,
    "_isOptional": false,
    "_trackingId": 69,
    "_classes": "section-banner color-one",
    "body": "",
    "displayTitle": " ",
    "title": " "
  },
  {
    "_id": "586e7c63b61c46e176e7e16c",
    "_parentId": "58407bae4d7b7e82691e4b66",
    "_type": "block",
    "_isAvailable": true,
    "_isOptional": false,
    "_trackingId": 70,
    "_classes": "inverted footer",
    "body": "",
    "displayTitle": " ",
    "title": " "
  },
  {
    "_id": "587e0ea2b61c46e176e7e25a",
    "_parentId": "587e0764b61c46e176e7e1ae",
    "_type": "block",
    "_isAvailable": true,
    "_isOptional": false,
    "_trackingId": 71,
    "_classes": "color-one inverted",
    "body": "",
    "displayTitle": " ",
    "title": " "
  },
  {
    "_id": "587e224cb61c46e176e7e2a3",
    "_parentId": "587e224cb61c46e176e7e298",
    "_type": "block",
    "_isAvailable": true,
    "_isOptional": false,
    "_trackingId": 72,
    "_classes": "color-one inverted",
    "body": "",
    "displayTitle": " ",
    "title": " "
  },
  {
    "_id": "587e3feeb61c46e176e7e435",
    "_parentId": "587e3feeb61c46e176e7e42a",
    "_type": "block",
    "_isAvailable": true,
    "_isOptional": false,
    "_trackingId": 73,
    "_classes": "color-one inverted",
    "body": "",
    "displayTitle": " ",
    "title": " "
  },
  {
    "_id": "587e0f2cb61c46e176e7e26e",
    "_parentId": "587e0764b61c46e176e7e1ae",
    "_type": "block",
    "_isAvailable": true,
    "_isOptional": false,
    "_trackingId": 74,
    "_classes": "inverted footer",
    "body": "",
    "displayTitle": " ",
    "title": " "
  },
  {
    "_id": "587e224cb61c46e176e7e2a4",
    "_parentId": "587e224cb61c46e176e7e298",
    "_type": "block",
    "_isAvailable": true,
    "_isOptional": false,
    "_trackingId": 75,
    "_classes": "color-one",
    "body": "",
    "displayTitle": " ",
    "title": " "
  },
  {
    "_id": "587e3feeb61c46e176e7e436",
    "_parentId": "587e3feeb61c46e176e7e42a",
    "_type": "block",
    "_isAvailable": true,
    "_isOptional": false,
    "_trackingId": 76,
    "_classes": "color-one",
    "body": "",
    "displayTitle": " ",
    "title": " "
  },
  {
    "_id": "587e224cb61c46e176e7e2a5",
    "_parentId": "587e224cb61c46e176e7e298",
    "_type": "block",
    "_isAvailable": true,
    "_isOptional": false,
    "_trackingId": 77,
    "_classes": "color-one inverted",
    "body": "",
    "displayTitle": " ",
    "title": " "
  },
  {
    "_id": "587e3feeb61c46e176e7e437",
    "_parentId": "587e3feeb61c46e176e7e42a",
    "_type": "block",
    "_isAvailable": true,
    "_isOptional": false,
    "_trackingId": 78,
    "_classes": "color-one inverted",
    "body": "",
    "displayTitle": " ",
    "title": " "
  },
  {
    "_id": "587e224cb61c46e176e7e2a6",
    "_parentId": "587e224cb61c46e176e7e298",
    "_type": "block",
    "_isAvailable": true,
    "_isOptional": false,
    "_trackingId": 79,
    "_classes": "color-one",
    "body": "",
    "displayTitle": " ",
    "title": " "
  },
  {
    "_id": "587e3feeb61c46e176e7e438",
    "_parentId": "587e3feeb61c46e176e7e42a",
    "_type": "block",
    "_isAvailable": true,
    "_isOptional": false,
    "_trackingId": 80,
    "_classes": "color-one",
    "body": "",
    "displayTitle": " ",
    "title": " "
  },
  {
    "_id": "587e224cb61c46e176e7e2a7",
    "_parentId": "587e224cb61c46e176e7e298",
    "_type": "block",
    "_isAvailable": true,
    "_isOptional": false,
    "_trackingId": 81,
    "_classes": "footer inverted",
    "body": "",
    "displayTitle": " ",
    "title": " "
  },
  {
    "_id": "587e3feeb61c46e176e7e439",
    "_parentId": "587e3feeb61c46e176e7e42a",
    "_type": "block",
    "_isAvailable": true,
    "_isOptional": false,
    "_trackingId": 82,
    "_classes": "footer inverted",
    "body": "",
    "displayTitle": " ",
    "title": " "
  }
]