[
  {
    "_id": "58407bac4d7b7e82691e4b61",
    "_parentId": "58407bac4d7b7e82691e4b60",
    "_type": "block",
    "_isAvailable": true,
    "_isOptional": false,
    "_trackingId": 1,
    "_classes": "color-two",
    "body": "",
    "displayTitle": "",
    "title": "   "
  },
  {
    "_id": "58407bad4d7b7e82691e4b64",
    "_parentId": "58407bad4d7b7e82691e4b63",
    "_type": "block",
    "_isAvailable": true,
    "_isOptional": false,
    "_trackingId": 2,
    "_classes": "color-four",
    "body": "",
    "displayTitle": "",
    "title": " "
  },
  {
    "_id": "58407bae4d7b7e82691e4b67",
    "_parentId": "58407bae4d7b7e82691e4b66",
    "_type": "block",
    "_isAvailable": true,
    "_isOptional": false,
    "_trackingId": 3,
    "_classes": "color-five",
    "body": "",
    "displayTitle": "",
    "title": " "
  },
  {
    "_id": "584131cf4d7b7e82691e4b7b",
    "_parentId": "58407bad4d7b7e82691e4b63",
    "_type": "block",
    "_isAvailable": true,
    "_isOptional": false,
    "_trackingId": 4,
    "_classes": "inverted color-four",
    "body": "",
    "displayTitle": " ",
    "title": " "
  },
  {
    "_id": "58407c4e4d7b7e82691e4b6a",
    "_parentId": "58407bac4d7b7e82691e4b60",
    "_type": "block",
    "_isAvailable": true,
    "_isOptional": false,
    "_trackingId": 5,
    "_classes": "inverted color-two",
    "body": "",
    "displayTitle": "  ",
    "title": "  "
  },
  {
    "_id": "584eb2474e62ce485eb144f9",
    "_parentId": "58407bae4d7b7e82691e4b66",
    "_type": "block",
    "_isAvailable": true,
    "_isOptional": false,
    "_trackingId": 6,
    "_classes": "inverted color-five",
    "body": "",
    "displayTitle": " ",
    "title": " "
  },
  {
    "_id": "58407fe74d7b7e82691e4b71",
    "_parentId": "58407bac4d7b7e82691e4b60",
    "_type": "block",
    "_isAvailable": true,
    "_isOptional": false,
    "_trackingId": 7,
    "_classes": "color-two",
    "body": "",
    "displayTitle": "   ",
    "title": "   "
  },
  {
    "_id": "584134ef4d7b7e82691e4b7e",
    "_parentId": "58407bad4d7b7e82691e4b63",
    "_type": "block",
    "_isAvailable": true,
    "_isOptional": false,
    "_trackingId": 8,
    "_classes": "color-four",
    "body": "",
    "displayTitle": " ",
    "title": " "
  },
  {
    "_id": "584eb2854e62ce485eb144fc",
    "_parentId": "58407bae4d7b7e82691e4b66",
    "_type": "block",
    "_isAvailable": true,
    "_isOptional": false,
    "_trackingId": 9,
    "_classes": "color-five",
    "body": "",
    "displayTitle": " ",
    "title": " "
  },
  {
    "_id": "5849a4534d7b7e82691e4e13",
    "_parentId": "58407bad4d7b7e82691e4b63",
    "_type": "block",
    "_isAvailable": true,
    "_isOptional": false,
    "_trackingId": 10,
    "_classes": "inverted color-four",
    "body": "",
    "displayTitle": "    ",
    "title": "    "
  },
  {
    "_id": "584081b04d7b7e82691e4b75",
    "_parentId": "58407bac4d7b7e82691e4b60",
    "_type": "block",
    "_isAvailable": true,
    "_isOptional": false,
    "_trackingId": 11,
    "_classes": "inverted color-two",
    "body": "",
    "displayTitle": "   ",
    "title": "   "
  },
  {
    "_id": "584eb3514e62ce485eb14502",
    "_parentId": "58407bae4d7b7e82691e4b66",
    "_type": "block",
    "_isAvailable": true,
    "_isOptional": false,
    "_trackingId": 12,
    "_classes": "inverted color-five",
    "body": "",
    "displayTitle": " ",
    "title": " "
  },
  {
    "_id": "584eb4754e62ce485eb14505",
    "_parentId": "58407bae4d7b7e82691e4b66",
    "_type": "block",
    "_isAvailable": true,
    "_isOptional": false,
    "_trackingId": 13,
    "_classes": "color-five",
    "body": "",
    "displayTitle": " ",
    "title": " "
  },
  {
    "_id": "584ebef44e62ce485eb14530",
    "_parentId": "58407bac4d7b7e82691e4b60",
    "_type": "block",
    "_isAvailable": true,
    "_isOptional": false,
    "_trackingId": 14,
    "_classes": "color-one",
    "body": "",
    "displayTitle": "  ",
    "title": "  "
  },
  {
    "_id": "584ee30e4e62ce485eb1457f",
    "_parentId": "58407bad4d7b7e82691e4b63",
    "_type": "block",
    "_isAvailable": true,
    "_isOptional": false,
    "_trackingId": 15,
    "_classes": "color-one",
    "body": "",
    "displayTitle": "  ",
    "title": "  "
  },
  {
    "_id": "584ebfa34e62ce485eb14535",
    "_parentId": "58407bac4d7b7e82691e4b60",
    "_type": "block",
    "_isAvailable": true,
    "_isOptional": false,
    "_trackingId": 16,
    "_classes": "inverted color-one",
    "body": "",
    "displayTitle": "  ",
    "title": "  "
  },
  {
    "_id": "584ee3424e62ce485eb14585",
    "_parentId": "58407bad4d7b7e82691e4b63",
    "_type": "block",
    "_isAvailable": true,
    "_isOptional": false,
    "_trackingId": 17,
    "_classes": "inverted color-one",
    "body": "",
    "displayTitle": "  ",
    "title": "  "
  },
  {
    "_id": "584eb7b24e62ce485eb1451b",
    "_parentId": "58407bae4d7b7e82691e4b66",
    "_type": "block",
    "_isAvailable": true,
    "_isOptional": false,
    "_trackingId": 18,
    "_classes": "inverted color-five",
    "body": "",
    "displayTitle": " ",
    "title": " "
  },
  {
    "_id": "584eb61f4e62ce485eb14512",
    "_parentId": "58407bae4d7b7e82691e4b66",
    "_type": "block",
    "_isAvailable": true,
    "_isOptional": false,
    "_trackingId": 19,
    "_classes": "color-five",
    "body": "",
    "displayTitle": " ",
    "title": " "
  },
  {
    "_id": "584ec1104e62ce485eb1453e",
    "_parentId": "58407bac4d7b7e82691e4b60",
    "_type": "block",
    "_isAvailable": true,
    "_isOptional": false,
    "_trackingId": 20,
    "_classes": "color-one",
    "body": "",
    "displayTitle": "  ",
    "title": "  "
  },
  {
    "_id": "584ee3694e62ce485eb14588",
    "_parentId": "58407bad4d7b7e82691e4b63",
    "_type": "block",
    "_isAvailable": true,
    "_isOptional": false,
    "_trackingId": 21,
    "_classes": "",
    "body": "",
    "displayTitle": "  ",
    "title": "  "
  },
  {
    "_id": "584eb7774e62ce485eb14518",
    "_parentId": "58407bae4d7b7e82691e4b66",
    "_type": "block",
    "_isAvailable": true,
    "_isOptional": false,
    "_trackingId": 22,
    "_classes": "inverted color-five",
    "body": "",
    "displayTitle": " ",
    "title": " "
  },
  {
    "_id": "584ec3ac4e62ce485eb14543",
    "_parentId": "58407bac4d7b7e82691e4b60",
    "_type": "block",
    "_isAvailable": true,
    "_isOptional": false,
    "_trackingId": 23,
    "_classes": "inverted color-one",
    "body": "",
    "displayTitle": "  ",
    "title": "  "
  },
  {
    "_id": "584f421b4e62ce485eb1458d",
    "_parentId": "58407bad4d7b7e82691e4b63",
    "_type": "block",
    "_isAvailable": true,
    "_isOptional": false,
    "_trackingId": 24,
    "_classes": "inverted color-one",
    "body": "",
    "displayTitle": "  ",
    "title": "  "
  },
  {
    "_id": "5854046eb61c46e176e7e0ed",
    "_parentId": "58407bae4d7b7e82691e4b66",
    "_type": "block",
    "_isAvailable": true,
    "_isOptional": false,
    "_trackingId": 25,
    "_classes": "color-one section-banner",
    "body": "",
    "displayTitle": " ",
    "title": " "
  },
  {
    "_id": "584f425a4e62ce485eb14592",
    "_parentId": "58407bad4d7b7e82691e4b63",
    "_type": "block",
    "_isAvailable": true,
    "_isOptional": false,
    "_trackingId": 26,
    "_classes": "inverted footer",
    "body": "",
    "displayTitle": "  ",
    "title": "  "
  },
  {
    "_id": "585407e1b61c46e176e7e0f1",
    "_parentId": "58407bac4d7b7e82691e4b60",
    "_type": "block",
    "_isAvailable": true,
    "_isOptional": false,
    "_trackingId": 27,
    "_classes": "inverted footer",
    "body": "",
    "displayTitle": "",
    "title": "Summary"
  },
  {
    "_id": "586e5118b61c46e176e7e140",
    "_parentId": "58407bae4d7b7e82691e4b66",
    "_type": "block",
    "_isAvailable": true,
    "_isOptional": false,
    "_trackingId": 28,
    "_classes": "inverted color-one",
    "body": "",
    "displayTitle": " ",
    "title": " "
  },
  {
    "_id": "586e6140b61c46e176e7e14f",
    "_parentId": "58407bae4d7b7e82691e4b66",
    "_type": "block",
    "_isAvailable": true,
    "_isOptional": false,
    "_trackingId": 29,
    "_classes": "color-one",
    "body": "",
    "displayTitle": " ",
    "title": " "
  },
  {
    "_id": "586e66b3b61c46e176e7e154",
    "_parentId": "58407bae4d7b7e82691e4b66",
    "_type": "block",
    "_isAvailable": true,
    "_isOptional": false,
    "_trackingId": 30,
    "_classes": "inverted color-one",
    "body": "",
    "displayTitle": " ",
    "title": " "
  },
  {
    "_id": "586e67e2b61c46e176e7e15a",
    "_parentId": "58407bae4d7b7e82691e4b66",
    "_type": "block",
    "_isAvailable": true,
    "_isOptional": false,
    "_trackingId": 31,
    "_classes": "color-one",
    "body": "",
    "displayTitle": " ",
    "title": " "
  },
  {
    "_id": "586e7c63b61c46e176e7e16c",
    "_parentId": "58407bae4d7b7e82691e4b66",
    "_type": "block",
    "_isAvailable": true,
    "_isOptional": false,
    "_trackingId": 32,
    "_classes": "inverted footer",
    "body": "",
    "displayTitle": " ",
    "title": " "
  }
]