[
  {
    "_graphic": {
      "alt": "",
      "src": "course/en/assets/94164aeed2f6885fcdf44f9fe5484855c5238353.jpg"
    },
    "_id": "587e0764b61c46e176e7e1ad",
    "_parentId": "course",
    "_type": "page",
    "_isAvailable": true,
    "_isOptional": false,
    "_lockedBy": [],
    "duration": "",
    "linkText": "View",
    "_classes": "",
    "body": "<p>The public expects access to data about key areas.&nbsp;This&nbsp;module examines the benefits of publishing open data for local authorities, businesses and communities.</p>",
    "displayTitle": "Making transparency work for you",
    "title": "Making transparency work for you",
    "_skillsFramework": {
      "_skills": []
    },
    "_pageLevelProgress": {
      "_isEnabled": true,
      "_showPageCompletion": true
    }
  },
  {
    "_graphic": {
      "alt": "",
      "src": "course/en/assets/eed0644dc961a7812f4380ae199c1a1bc239ad74.jpg"
    },
    "_id": "587e224cb61c46e176e7e297",
    "_parentId": "course",
    "_type": "page",
    "_isAvailable": true,
    "_isOptional": false,
    "_lockedBy": [],
    "duration": "",
    "linkText": "View",
    "_classes": "",
    "body": "<p>Publishing open data can be challenging. This module looks at some of the ways you can publish better quality data and takes you through the 12 steps of publishing a complete, high-quality dataset.</p>",
    "displayTitle": "Making publishing work for you",
    "title": "Making publishing work for you",
    "_skillsFramework": {
      "_skills": []
    },
    "_pageLevelProgress": {
      "_isEnabled": true,
      "_showPageCompletion": true
    }
  },
  {
    "_graphic": {
      "alt": "",
      "src": "course/en/assets/39dd7ab8c3ce4c1cae1f1bb14f189b5c452699a5.jpg"
    },
    "_id": "587e3feeb61c46e176e7e429",
    "_parentId": "course",
    "_type": "page",
    "_isAvailable": true,
    "_isOptional": false,
    "_lockedBy": [],
    "duration": "",
    "linkText": "View",
    "_classes": "",
    "body": "<p>Standards play a key role in the publication of data. This module&nbsp;examines where local authorities can find the right support to help them publish good quality, consistent open data.</p>\n",
    "displayTitle": "Making standards work for you",
    "title": "Making standards work for you",
    "_pageLevelProgress": {
      "_isEnabled": true,
      "_showPageCompletion": true
    },
    "_skillsFramework": {
      "_skills": []
    }
  },
  {
    "_graphic": {
      "alt": "",
      "src": "course/en/assets/be470020848ed617d92d832679da7b45a19059ec.png"
    },
    "_id": "58407bac4d7b7e82691e4b5f",
    "_parentId": "course",
    "_type": "page",
    "_isAvailable": true,
    "_isOptional": false,
    "_lockedBy": [],
    "duration": "",
    "linkText": "View",
    "_classes": "",
    "body": "<p>Data is transforming the way local authorities work. This module looks at why local government is turning to data to solve problems and improve processes, some of the tools they use to do it, and how success is being&nbsp;measured.&nbsp;</p>\n",
    "displayTitle": "Making your data work for you",
    "title": "Making your data work for you",
    "_skillsFramework": {
      "_skills": []
    },
    "_pageLevelProgress": {
      "_isEnabled": true,
      "_showPageCompletion": true
    }
  },
  {
    "_graphic": {
      "alt": "",
      "src": "course/en/assets/2c892e598e3cfd41ff06c3b7a59a31ea49d13010.png"
    },
    "_id": "58407bad4d7b7e82691e4b62",
    "_parentId": "course",
    "_type": "page",
    "_isAvailable": true,
    "_isOptional": false,
    "_lockedBy": [],
    "duration": "",
    "linkText": "View",
    "_classes": "",
    "body": "<p>This module looks at the impact of data use in local government to highlight where and how exemplary work is being done, and to inspire other local authorities to make working with data a core part of their practices.</p>\n",
    "displayTitle": "Making an impact with data",
    "title": "Making an impact with data",
    "_pageLevelProgress": {
      "_isEnabled": true,
      "_showPageCompletion": true
    },
    "_skillsFramework": {
      "_skills": []
    }
  },
  {
    "_graphic": {
      "alt": "",
      "src": "course/en/assets/6bacf6beda3fd05a2897d487648f3180f5fe53ef.png"
    },
    "_id": "58407bae4d7b7e82691e4b65",
    "_parentId": "course",
    "_type": "page",
    "_isAvailable": true,
    "_isOptional": false,
    "_lockedBy": [],
    "duration": "",
    "linkText": "View",
    "_classes": "",
    "body": "<p style=\"margin-left:-.25pt\">Clear, effective communication of the benefits from better use of data is essential to capture people&rsquo;s imaginations and gain their trust and understanding. This module will prepare you to deliver a pitch for better use of data.</p>",
    "displayTitle": "Making the case for data",
    "title": "Making the case for data",
    "_skillsFramework": {
      "_skills": []
    },
    "_pageLevelProgress": {
      "_isEnabled": true,
      "_showPageCompletion": true
    }
  }
]