[
  {
    "_id": "593fe1d8d084d5167a04f80e",
    "_parentId": "593fe1d8d084d5167a04f806",
    "_type": "article",
    "_isAvailable": true,
    "_isOptional": false,
    "_classes": "",
    "body": "",
    "displayTitle": "",
    "title": " "
  },
  {
    "_id": "593fe1d8d084d5167a04f809",
    "_parentId": "593fe1d8d084d5167a04f806",
    "_type": "article",
    "_isAvailable": true,
    "_isOptional": false,
    "_classes": "",
    "body": "",
    "displayTitle": " ",
    "title": " "
  },
  {
    "_id": "593fe1d8d084d5167a04f80a",
    "_parentId": "593fe1d8d084d5167a04f806",
    "_type": "article",
    "_isAvailable": true,
    "_isOptional": false,
    "_classes": "",
    "body": "",
    "displayTitle": " ",
    "title": " "
  }
]