[
  {
    "_id": "593fe1d8d084d5167a04f815",
    "_parentId": "593fe1d8d084d5167a04f80e",
    "_type": "block",
    "_isAvailable": true,
    "_isOptional": false,
    "_trackingId": 1,
    "_classes": "",
    "body": "",
    "displayTitle": "",
    "title": " "
  },
  {
    "_id": "593fe1d8d084d5167a04f820",
    "_parentId": "593fe1d8d084d5167a04f809",
    "_type": "block",
    "_isAvailable": true,
    "_isOptional": false,
    "_trackingId": 2,
    "_classes": "color-six",
    "body": "",
    "displayTitle": " ",
    "title": " "
  },
  {
    "_id": "593fe1d8d084d5167a04f821",
    "_parentId": "593fe1d8d084d5167a04f80a",
    "_type": "block",
    "_isAvailable": true,
    "_isOptional": false,
    "_trackingId": 3,
    "_classes": "inverted footer",
    "body": "",
    "displayTitle": " ",
    "title": " "
  },
  {
    "_id": "593fe1d8d084d5167a04f816",
    "_parentId": "593fe1d8d084d5167a04f80e",
    "_type": "block",
    "_isAvailable": true,
    "_isOptional": false,
    "_trackingId": 4,
    "_classes": "inverted color-four",
    "body": "",
    "displayTitle": "",
    "title": " "
  },
  {
    "_id": "593fe1d8d084d5167a04f822",
    "_parentId": "593fe1d8d084d5167a04f809",
    "_type": "block",
    "_isAvailable": true,
    "_isOptional": false,
    "_trackingId": 5,
    "_classes": "inverted color-six",
    "body": "",
    "displayTitle": " ",
    "title": " "
  },
  {
    "_id": "593fe1d8d084d5167a04f811",
    "_parentId": "593fe1d8d084d5167a04f809",
    "_type": "block",
    "_isAvailable": true,
    "_isOptional": false,
    "_trackingId": 6,
    "_classes": "color-six",
    "body": "",
    "displayTitle": " ",
    "title": " "
  },
  {
    "_id": "593fe1d8d084d5167a04f817",
    "_parentId": "593fe1d8d084d5167a04f80e",
    "_type": "block",
    "_isAvailable": true,
    "_isOptional": false,
    "_trackingId": 7,
    "_classes": "color-four",
    "body": "",
    "displayTitle": "",
    "title": " "
  },
  {
    "_id": "593fe1d8d084d5167a04f818",
    "_parentId": "593fe1d8d084d5167a04f80e",
    "_type": "block",
    "_isAvailable": true,
    "_isOptional": false,
    "_trackingId": 8,
    "_classes": "inverted color-four",
    "body": "",
    "displayTitle": "",
    "title": " "
  },
  {
    "_id": "593fe1d8d084d5167a04f823",
    "_parentId": "593fe1d8d084d5167a04f809",
    "_type": "block",
    "_isAvailable": true,
    "_isOptional": false,
    "_trackingId": 9,
    "_classes": "inverted color-six",
    "body": "",
    "displayTitle": " ",
    "title": " "
  },
  {
    "_id": "593fe1d8d084d5167a04f819",
    "_parentId": "593fe1d8d084d5167a04f80e",
    "_type": "block",
    "_isAvailable": true,
    "_isOptional": false,
    "_trackingId": 10,
    "_classes": "color-four",
    "body": "",
    "displayTitle": "",
    "title": " "
  },
  {
    "_id": "593fe1d8d084d5167a04f832",
    "_parentId": "593fe1d8d084d5167a04f80e",
    "_type": "block",
    "_isAvailable": true,
    "_isOptional": false,
    "_trackingId": 11,
    "_classes": "",
    "body": "",
    "displayTitle": " ",
    "title": " "
  },
  {
    "_id": "593fe1d8d084d5167a04f81a",
    "_parentId": "593fe1d8d084d5167a04f80e",
    "_type": "block",
    "_isAvailable": true,
    "_isOptional": false,
    "_trackingId": 12,
    "_classes": "inverted color-four",
    "body": "",
    "displayTitle": "",
    "title": " "
  },
  {
    "_id": "593fe1d8d084d5167a04f81b",
    "_parentId": "593fe1d8d084d5167a04f80e",
    "_type": "block",
    "_isAvailable": true,
    "_isOptional": false,
    "_trackingId": 13,
    "_classes": "color-four",
    "body": "",
    "displayTitle": "",
    "title": " "
  },
  {
    "_id": "593fe1d8d084d5167a04f81c",
    "_parentId": "593fe1d8d084d5167a04f80e",
    "_type": "block",
    "_isAvailable": true,
    "_isOptional": false,
    "_trackingId": 14,
    "_classes": "inverted color-six",
    "body": "",
    "displayTitle": "",
    "title": " "
  }
]