[
  {
    "_id": "5982e376d084d5167a051e0b",
    "_parentId": "5982e376d084d5167a051ddb",
    "_type": "block",
    "_isAvailable": true,
    "_isOptional": false,
    "_trackingId": 1,
    "_classes": "inverted color-two",
    "body": "",
    "displayTitle": " ",
    "title": " "
  },
  {
    "_id": "5982e376d084d5167a051e23",
    "_parentId": "5982e376d084d5167a051de0",
    "_type": "block",
    "_isAvailable": true,
    "_isOptional": false,
    "_trackingId": 2,
    "_classes": "color-three",
    "body": "",
    "displayTitle": " ",
    "title": " "
  },
  {
    "_id": "5982e376d084d5167a051dec",
    "_parentId": "5982e376d084d5167a051ddc",
    "_type": "block",
    "_isAvailable": true,
    "_isOptional": false,
    "_trackingId": 3,
    "_classes": "inverted footer",
    "body": "",
    "displayTitle": " ",
    "title": " "
  },
  {
    "_id": "5982e376d084d5167a051ded",
    "_parentId": "5982e376d084d5167a051de3",
    "_type": "block",
    "_isAvailable": true,
    "_isOptional": false,
    "_trackingId": 4,
    "_classes": "color-three",
    "body": "",
    "displayTitle": "",
    "title": " "
  },
  {
    "_id": "5982e376d084d5167a051df1",
    "_parentId": "5982e376d084d5167a051de1",
    "_type": "block",
    "_isAvailable": true,
    "_isOptional": false,
    "_trackingId": 5,
    "_classes": "",
    "body": "",
    "displayTitle": " ",
    "title": " "
  },
  {
    "_id": "5982e376d084d5167a051df3",
    "_parentId": "5982e376d084d5167a051de6",
    "_type": "block",
    "_isAvailable": true,
    "_isOptional": false,
    "_trackingId": 6,
    "_classes": "color-two",
    "body": "",
    "displayTitle": "",
    "title": " "
  },
  {
    "_id": "5982e376d084d5167a051df7",
    "_parentId": "5982e376d084d5167a051dd8",
    "_type": "block",
    "_isAvailable": true,
    "_isOptional": false,
    "_trackingId": 7,
    "_classes": "",
    "body": "",
    "displayTitle": "",
    "title": " "
  },
  {
    "_id": "5982e376d084d5167a051dfb",
    "_parentId": "5982e376d084d5167a051dda",
    "_type": "block",
    "_isAvailable": true,
    "_isOptional": false,
    "_trackingId": 8,
    "_classes": "inverted footer",
    "body": "",
    "displayTitle": " ",
    "title": " "
  },
  {
    "_id": "5982e376d084d5167a051dfc",
    "_parentId": "5982e376d084d5167a051dd7",
    "_type": "block",
    "_isAvailable": true,
    "_isOptional": false,
    "_trackingId": 9,
    "_classes": "inverted color-one",
    "body": "",
    "displayTitle": " ",
    "title": " "
  },
  {
    "_id": "5982e376d084d5167a051e00",
    "_parentId": "5982e376d084d5167a051dd9",
    "_type": "block",
    "_isAvailable": true,
    "_isOptional": false,
    "_trackingId": 10,
    "_classes": "inverted color-one",
    "body": "",
    "displayTitle": " ",
    "title": " "
  },
  {
    "_id": "5982e376d084d5167a051e0d",
    "_parentId": "5982e376d084d5167a051dd6",
    "_type": "block",
    "_isAvailable": true,
    "_isOptional": false,
    "_trackingId": 11,
    "_classes": "inverted footer",
    "body": "",
    "displayTitle": " ",
    "title": " "
  },
  {
    "_id": "5982e376d084d5167a051e12",
    "_parentId": "5982e376d084d5167a051ddd",
    "_type": "block",
    "_isAvailable": true,
    "_isOptional": false,
    "_trackingId": 12,
    "_classes": "",
    "body": "",
    "displayTitle": "",
    "title": " "
  },
  {
    "_id": "5982e376d084d5167a051e13",
    "_parentId": "5982e376d084d5167a051de4",
    "_type": "block",
    "_isAvailable": true,
    "_isOptional": false,
    "_trackingId": 13,
    "_classes": "color-three",
    "body": "",
    "displayTitle": " ",
    "title": " "
  },
  {
    "_id": "5982e376d084d5167a051e1e",
    "_parentId": "5982e376d084d5167a051de7",
    "_type": "block",
    "_isAvailable": true,
    "_isOptional": false,
    "_trackingId": 14,
    "_classes": "color-five",
    "body": "",
    "displayTitle": " ",
    "title": " "
  },
  {
    "_id": "5982e376d084d5167a051e21",
    "_parentId": "5982e376d084d5167a051dde",
    "_type": "block",
    "_isAvailable": true,
    "_isOptional": false,
    "_trackingId": 15,
    "_classes": "footer inverted",
    "body": "",
    "displayTitle": " ",
    "title": " "
  },
  {
    "_id": "5982e376d084d5167a051e16",
    "_parentId": "5982e376d084d5167a051de5",
    "_type": "block",
    "_isAvailable": true,
    "_isOptional": false,
    "_trackingId": 16,
    "_classes": "inverted footer",
    "body": "",
    "displayTitle": " ",
    "title": " "
  },
  {
    "_id": "5982e376d084d5167a051def",
    "_parentId": "5982e376d084d5167a051ddb",
    "_type": "block",
    "_isAvailable": true,
    "_isOptional": false,
    "_trackingId": 17,
    "_classes": "",
    "body": "",
    "displayTitle": " ",
    "title": " "
  },
  {
    "_id": "5982e376d084d5167a051df8",
    "_parentId": "5982e376d084d5167a051dd8",
    "_type": "block",
    "_isAvailable": true,
    "_isOptional": false,
    "_trackingId": 18,
    "_classes": "inverted color-one",
    "body": "",
    "displayTitle": " ",
    "title": " "
  },
  {
    "_id": "5982e376d084d5167a051dff",
    "_parentId": "5982e376d084d5167a051ddf",
    "_type": "block",
    "_isAvailable": true,
    "_isOptional": false,
    "_trackingId": 19,
    "_classes": "inverted color-ten",
    "body": "",
    "displayTitle": " ",
    "title": " "
  },
  {
    "_id": "5982e376d084d5167a051e07",
    "_parentId": "5982e376d084d5167a051de2",
    "_type": "block",
    "_isAvailable": true,
    "_isOptional": false,
    "_trackingId": 20,
    "_classes": "inverted footer",
    "body": "",
    "displayTitle": " ",
    "title": " "
  },
  {
    "_id": "5982e376d084d5167a051e08",
    "_parentId": "5982e376d084d5167a051de3",
    "_type": "block",
    "_isAvailable": true,
    "_isOptional": false,
    "_trackingId": 21,
    "_classes": "inverted color-three",
    "body": "",
    "displayTitle": " ",
    "title": " "
  },
  {
    "_id": "5982e376d084d5167a051e0e",
    "_parentId": "5982e376d084d5167a051de0",
    "_type": "block",
    "_isAvailable": true,
    "_isOptional": false,
    "_trackingId": 22,
    "_classes": "inverted color-three",
    "body": "",
    "displayTitle": " ",
    "title": " "
  },
  {
    "_id": "5982e376d084d5167a051e10",
    "_parentId": "5982e376d084d5167a051de1",
    "_type": "block",
    "_isAvailable": true,
    "_isOptional": false,
    "_trackingId": 23,
    "_classes": "inverted color-nine",
    "body": "",
    "displayTitle": " ",
    "title": " "
  },
  {
    "_id": "5982e376d084d5167a051e14",
    "_parentId": "5982e376d084d5167a051de4",
    "_type": "block",
    "_isAvailable": true,
    "_isOptional": false,
    "_trackingId": 24,
    "_classes": "inverted color-three",
    "body": "",
    "displayTitle": " ",
    "title": " "
  },
  {
    "_id": "5982e376d084d5167a051e17",
    "_parentId": "5982e376d084d5167a051de6",
    "_type": "block",
    "_isAvailable": true,
    "_isOptional": false,
    "_trackingId": 25,
    "_classes": "inverted color-two",
    "body": "",
    "displayTitle": " ",
    "title": " "
  },
  {
    "_id": "5982e376d084d5167a051e1a",
    "_parentId": "5982e376d084d5167a051ddd",
    "_type": "block",
    "_isAvailable": true,
    "_isOptional": false,
    "_trackingId": 26,
    "_classes": "inverted color-four",
    "body": "",
    "displayTitle": " ",
    "title": " "
  },
  {
    "_id": "5982e376d084d5167a051e1f",
    "_parentId": "5982e376d084d5167a051de7",
    "_type": "block",
    "_isAvailable": true,
    "_isOptional": false,
    "_trackingId": 27,
    "_classes": "inverted color-five",
    "body": "",
    "displayTitle": " ",
    "title": " "
  },
  {
    "_id": "5982e376d084d5167a051e24",
    "_parentId": "5982e376d084d5167a051dd7",
    "_type": "block",
    "_isAvailable": true,
    "_isOptional": false,
    "_trackingId": 28,
    "_classes": "color-one",
    "body": "",
    "displayTitle": " ",
    "title": " "
  },
  {
    "_id": "5982e376d084d5167a051e2a",
    "_parentId": "5982e376d084d5167a051dd9",
    "_type": "block",
    "_isAvailable": true,
    "_isOptional": false,
    "_trackingId": 29,
    "_classes": "color-one",
    "body": "",
    "displayTitle": " ",
    "title": " "
  },
  {
    "_id": "5982e376d084d5167a051dea",
    "_parentId": "5982e376d084d5167a051ddf",
    "_type": "block",
    "_isAvailable": true,
    "_isOptional": false,
    "_trackingId": 30,
    "_classes": "",
    "body": "",
    "displayTitle": " ",
    "title": " "
  },
  {
    "_id": "5982e376d084d5167a051dfa",
    "_parentId": "5982e376d084d5167a051dd8",
    "_type": "block",
    "_isAvailable": true,
    "_isOptional": false,
    "_trackingId": 31,
    "_classes": "",
    "body": "",
    "displayTitle": " ",
    "title": " "
  },
  {
    "_id": "5982e376d084d5167a051dfd",
    "_parentId": "5982e376d084d5167a051dd7",
    "_type": "block",
    "_isAvailable": true,
    "_isOptional": false,
    "_trackingId": 32,
    "_classes": "inverted color-one",
    "body": "",
    "displayTitle": " ",
    "title": " "
  },
  {
    "_id": "5982e376d084d5167a051e04",
    "_parentId": "5982e376d084d5167a051de1",
    "_type": "block",
    "_isAvailable": true,
    "_isOptional": false,
    "_trackingId": 33,
    "_classes": "",
    "body": "",
    "displayTitle": " ",
    "title": " "
  },
  {
    "_id": "5982e376d084d5167a051e09",
    "_parentId": "5982e376d084d5167a051de3",
    "_type": "block",
    "_isAvailable": true,
    "_isOptional": false,
    "_trackingId": 34,
    "_classes": "color-three",
    "body": "",
    "displayTitle": " ",
    "title": " "
  },
  {
    "_id": "5982e376d084d5167a051e0c",
    "_parentId": "5982e376d084d5167a051ddb",
    "_type": "block",
    "_isAvailable": true,
    "_isOptional": false,
    "_trackingId": 35,
    "_classes": "inverted color-two",
    "body": "",
    "displayTitle": " ",
    "title": " "
  },
  {
    "_id": "5982e376d084d5167a051e1b",
    "_parentId": "5982e376d084d5167a051ddd",
    "_type": "block",
    "_isAvailable": true,
    "_isOptional": false,
    "_trackingId": 36,
    "_classes": "color-four",
    "body": "",
    "displayTitle": " ",
    "title": " "
  },
  {
    "_id": "5982e376d084d5167a051e20",
    "_parentId": "5982e376d084d5167a051de7",
    "_type": "block",
    "_isAvailable": true,
    "_isOptional": false,
    "_trackingId": 37,
    "_classes": "color-five",
    "body": "",
    "displayTitle": " ",
    "title": " "
  },
  {
    "_id": "5982e376d084d5167a051e22",
    "_parentId": "5982e376d084d5167a051de0",
    "_type": "block",
    "_isAvailable": true,
    "_isOptional": false,
    "_trackingId": 38,
    "_classes": "color-three",
    "body": "",
    "displayTitle": " ",
    "title": " "
  },
  {
    "_id": "5982e376d084d5167a051e25",
    "_parentId": "5982e376d084d5167a051de6",
    "_type": "block",
    "_isAvailable": true,
    "_isOptional": false,
    "_trackingId": 39,
    "_classes": "color-two",
    "body": "",
    "displayTitle": " ",
    "title": " "
  },
  {
    "_id": "5982e376d084d5167a051e27",
    "_parentId": "5982e376d084d5167a051de4",
    "_type": "block",
    "_isAvailable": true,
    "_isOptional": false,
    "_trackingId": 40,
    "_classes": "color-three",
    "body": "",
    "displayTitle": " ",
    "title": " "
  },
  {
    "_id": "5982e376d084d5167a051de8",
    "_parentId": "5982e376d084d5167a051dd8",
    "_type": "block",
    "_isAvailable": true,
    "_isOptional": false,
    "_trackingId": 41,
    "_classes": "inverted color-one",
    "body": "",
    "displayTitle": " ",
    "title": " "
  },
  {
    "_id": "5982e376d084d5167a051df0",
    "_parentId": "5982e376d084d5167a051ddb",
    "_type": "block",
    "_isAvailable": true,
    "_isOptional": false,
    "_trackingId": 42,
    "_classes": "",
    "body": "",
    "displayTitle": " ",
    "title": " "
  },
  {
    "_id": "5982e376d084d5167a051df6",
    "_parentId": "5982e376d084d5167a051ddf",
    "_type": "block",
    "_isAvailable": true,
    "_isOptional": false,
    "_trackingId": 43,
    "_classes": "inverted color-three",
    "body": "",
    "displayTitle": " ",
    "title": " "
  },
  {
    "_id": "5982e376d084d5167a051e0a",
    "_parentId": "5982e376d084d5167a051de3",
    "_type": "block",
    "_isAvailable": true,
    "_isOptional": false,
    "_trackingId": 44,
    "_classes": "inverted color-three",
    "body": "",
    "displayTitle": " ",
    "title": " "
  },
  {
    "_id": "5982e376d084d5167a051e0f",
    "_parentId": "5982e376d084d5167a051de0",
    "_type": "block",
    "_isAvailable": true,
    "_isOptional": false,
    "_trackingId": 45,
    "_classes": "inverted color-three",
    "body": "",
    "displayTitle": " ",
    "title": " "
  },
  {
    "_id": "5982e376d084d5167a051e11",
    "_parentId": "5982e376d084d5167a051de1",
    "_type": "block",
    "_isAvailable": true,
    "_isOptional": false,
    "_trackingId": 46,
    "_classes": "inverted color-ten",
    "body": "",
    "displayTitle": " ",
    "title": " "
  },
  {
    "_id": "5982e376d084d5167a051e15",
    "_parentId": "5982e376d084d5167a051de4",
    "_type": "block",
    "_isAvailable": true,
    "_isOptional": false,
    "_trackingId": 47,
    "_classes": "inverted color-three",
    "body": "",
    "displayTitle": " ",
    "title": " "
  },
  {
    "_id": "5982e376d084d5167a051e18",
    "_parentId": "5982e376d084d5167a051de6",
    "_type": "block",
    "_isAvailable": true,
    "_isOptional": false,
    "_trackingId": 48,
    "_classes": "inverted color-two",
    "body": "",
    "displayTitle": " ",
    "title": " "
  },
  {
    "_id": "5982e376d084d5167a051e1c",
    "_parentId": "5982e376d084d5167a051ddd",
    "_type": "block",
    "_isAvailable": true,
    "_isOptional": false,
    "_trackingId": 49,
    "_classes": "inverted color-four",
    "body": "",
    "displayTitle": " ",
    "title": " "
  },
  {
    "_id": "5982e376d084d5167a051de9",
    "_parentId": "5982e376d084d5167a051dd8",
    "_type": "block",
    "_isAvailable": true,
    "_isOptional": false,
    "_trackingId": 50,
    "_classes": "",
    "body": "",
    "displayTitle": " ",
    "title": " "
  },
  {
    "_id": "5982e376d084d5167a051e28",
    "_parentId": "5982e376d084d5167a051de3",
    "_type": "block",
    "_isAvailable": true,
    "_isOptional": false,
    "_trackingId": 51,
    "_classes": "color-three",
    "body": "",
    "displayTitle": " ",
    "title": " "
  },
  {
    "_id": "5982e376d084d5167a051deb",
    "_parentId": "5982e376d084d5167a051ddf",
    "_type": "block",
    "_isAvailable": true,
    "_isOptional": false,
    "_trackingId": 52,
    "_classes": "",
    "body": "",
    "displayTitle": " ",
    "title": " "
  },
  {
    "_id": "5982e376d084d5167a051dfe",
    "_parentId": "5982e376d084d5167a051dd7",
    "_type": "block",
    "_isAvailable": true,
    "_isOptional": false,
    "_trackingId": 53,
    "_classes": "",
    "body": "",
    "displayTitle": " ",
    "title": " "
  },
  {
    "_id": "5982e376d084d5167a051e01",
    "_parentId": "5982e376d084d5167a051de0",
    "_type": "block",
    "_isAvailable": true,
    "_isOptional": false,
    "_trackingId": 54,
    "_classes": "color-three",
    "body": "",
    "displayTitle": " ",
    "title": " "
  },
  {
    "_id": "5982e376d084d5167a051e05",
    "_parentId": "5982e376d084d5167a051de1",
    "_type": "block",
    "_isAvailable": true,
    "_isOptional": false,
    "_trackingId": 55,
    "_classes": "",
    "body": "",
    "displayTitle": " ",
    "title": " "
  },
  {
    "_id": "5982e376d084d5167a051e1d",
    "_parentId": "5982e376d084d5167a051ddd",
    "_type": "block",
    "_isAvailable": true,
    "_isOptional": false,
    "_trackingId": 56,
    "_classes": "color-four",
    "body": "",
    "displayTitle": " ",
    "title": " "
  },
  {
    "_id": "5982e376d084d5167a051e26",
    "_parentId": "5982e376d084d5167a051de6",
    "_type": "block",
    "_isAvailable": true,
    "_isOptional": false,
    "_trackingId": 57,
    "_classes": "color-two",
    "body": "",
    "displayTitle": " ",
    "title": " "
  },
  {
    "_id": "5982e376d084d5167a051e19",
    "_parentId": "5982e376d084d5167a051de6",
    "_type": "block",
    "_isAvailable": true,
    "_isOptional": false,
    "_trackingId": 58,
    "_classes": "inverted color-three section-banner",
    "body": "",
    "displayTitle": " ",
    "title": " "
  },
  {
    "_id": "5982e376d084d5167a051dee",
    "_parentId": "5982e376d084d5167a051de3",
    "_type": "block",
    "_isAvailable": true,
    "_isOptional": false,
    "_trackingId": 59,
    "_classes": "inverted color-three",
    "body": "",
    "displayTitle": " ",
    "title": " "
  },
  {
    "_id": "5982e376d084d5167a051df4",
    "_parentId": "5982e376d084d5167a051ddd",
    "_type": "block",
    "_isAvailable": true,
    "_isOptional": false,
    "_trackingId": 60,
    "_classes": "inverted color-five section-banner",
    "body": "",
    "displayTitle": " ",
    "title": " "
  },
  {
    "_id": "5982e376d084d5167a051df5",
    "_parentId": "5982e376d084d5167a051dd8",
    "_type": "block",
    "_isAvailable": true,
    "_isOptional": false,
    "_trackingId": 61,
    "_classes": "inverted color-one",
    "body": "",
    "displayTitle": " ",
    "title": " "
  },
  {
    "_id": "5982e376d084d5167a051e02",
    "_parentId": "5982e376d084d5167a051de0",
    "_type": "block",
    "_isAvailable": true,
    "_isOptional": false,
    "_trackingId": 62,
    "_classes": "inverted color-three",
    "body": "",
    "displayTitle": " ",
    "title": " "
  },
  {
    "_id": "5982e376d084d5167a051e06",
    "_parentId": "5982e376d084d5167a051de1",
    "_type": "block",
    "_isAvailable": true,
    "_isOptional": false,
    "_trackingId": 63,
    "_classes": "inverted color-five",
    "body": "",
    "displayTitle": " ",
    "title": " "
  },
  {
    "_id": "5982e376d084d5167a051df2",
    "_parentId": "5982e376d084d5167a051de1",
    "_type": "block",
    "_isAvailable": true,
    "_isOptional": false,
    "_trackingId": 64,
    "_classes": "",
    "body": "",
    "displayTitle": " ",
    "title": " "
  },
  {
    "_id": "5982e376d084d5167a051df9",
    "_parentId": "5982e376d084d5167a051dd8",
    "_type": "block",
    "_isAvailable": true,
    "_isOptional": false,
    "_trackingId": 65,
    "_classes": "section-banner",
    "body": "",
    "displayTitle": " ",
    "title": " "
  },
  {
    "_id": "5982e376d084d5167a051e03",
    "_parentId": "5982e376d084d5167a051de0",
    "_type": "block",
    "_isAvailable": true,
    "_isOptional": false,
    "_trackingId": 66,
    "_classes": "section-banner",
    "body": "",
    "displayTitle": " ",
    "title": " "
  },
  {
    "_id": "5982e376d084d5167a051e29",
    "_parentId": "5982e376d084d5167a051de3",
    "_type": "block",
    "_isAvailable": true,
    "_isOptional": false,
    "_trackingId": 67,
    "_classes": "color-one",
    "body": "",
    "displayTitle": " ",
    "title": " "
  }
]