{
  "_globals": {
    "_accessibility": {
      "accessibilityToggleTextOn": "Ввімкнути доступ",
      "accessibilityToggleTextOff": "Вимкнути доступ",
      "_accessibilityInstructions": {
        "touch": "Вказівки щодо використання. Рухайтеся вліво для переходу на наступну сторінку. Рухайтеся вправо для переходу на попердню сторінку. Для вибору використовуйте double tab. Скористайтеся двома пальцями, щоб перейти до верхньої частини сторінки.",
        "notouch": "Вказівки щодо використання. Використовуйте tab для переходу на наступну вкладку. Використовуйте вкладку shift для перехову на попередню. Використовуйте клавішу enter для вибору. Використовуйте escape, щоб перейти до верхньої частини сторінки.",
        "ipad": "Інструкції щодо використання сенсорних екранів. Рухайтеся вліво для переходу на наступну сторінку. Рухайтеся вправо для переходу на попердню сторінку. Для вибору використовуйте double tab. Скористайтеся двома пальцями, щоб перейти до верхньої частини сторінки. Інструкції з використання клавіатури. Використовуйте left для переходу на наступну сторінку. Використовуйте right для переходу на попередню. Використовуйте вгору та вниз для вибору."
      },
      "_ariaLabels": {
        "navigation": "Панель навігації",
        "menuLoaded": "Завантажене меню",
        "menu": "Меню",
        "menuItem": "Пункт меню",
        "menuViewButton": "Натисніть тут, щоб ввійти",
        "page": "Сторінка",
        "pageLoaded": "Завантажена сторінка",
        "previous": "Назад",
        "navigationBack": "Повернутися назад",
        "navigationDrawer": "Відкрити ресурси курсу та пошук",
        "closeResources": "Закрити ресурси",
        "drawerBack": "Повернутися до вкладки",
        "drawer": "Бокова вкладка",
        "closePopup": "Закрити діалогове вікно",
        "next": "Далі",
        "done": "Готово",
        "complete": "Завершено",
        "incomplete": "Незавершено",
        "correct": "Правильно",
        "locked": "Заблоковано",
        "accessibilityToggleButton": "За допомогою цієї клавіші ви можете ввімкнути/вимкнути доступ",
        "feedbackPopUp": "Діалогове вікно відкрите",
        "visited": "Відвідувана сторінка",
        "menuBack": "Повернутися до меню",
        "menuIndicatorHeading": "Заголовок пункту меню"
      }
    },
    "_components": {
      "_graphic": {
        "ariaRegion": ""
      },
      "_mcq": {
        "ariaRegion": "Це -питання-з множинним вибором. Вибравши опцію, виберіть кнопку submit нижче."
      },
      "_gmcq": {
        "ariaRegion": "Це -питання-графік з множинним вибором. Вибравши опцію, виберіть кнопку submit нижче."
      },
      "_text": {
        "ariaRegion": ""
      },
      "_media": {
        "ariaRegion": "Це відео. Виберіть play/pause для перегляду або прослуховування",
        "transcriptButton": "Перейдіть за покликанням для перегляду транскрипту"
      },
      "_narrative": {
        "ariaRegion": "Це галерея зображень з пояснювальним текстом. Використовуйте next та previous елементи навігації для роботи з текстом"
      },
      "_accordion": {
        "ariaRegion": "Цей графічний компонент - це \"гармошка\", що складається з панелей збірного вмісту, що містять текст відображення. Виберіть заголовки елементів, щоб змінити видимість цих панелей вмісту."
      }
    },
    "_extensions": {
      "_pageLevelProgress": {
        "pageLevelProgress": "Вибір сторінок",
        "pageLevelProgressIndicatorBar": "Панель прогресу. Натисніть тут, щоб переглянути прогрес, та оберіть елемент, щоб перейти до нього. Ви завершили.",
        "pageLevelProgressMenuBar": "Ви завершили.",
        "pageLevelProgressEnd": "Кінець розділів сторінки.",
        "optionalContent": "Вибірковий зміст."
      }
    }
  },
  "_id": "course",
  "_start": {
    "_isEnabled": false,
    "_startIds": [],
    "_force": false,
    "_isMenuDisabled": false
  },
  "_type": "course",
  "_lockType": "",
  "_classes": "",
  "_buttons": {
    "_submit": {
      "buttonText": "Надіслати",
      "ariaLabel": "Надіслати"
    },
    "_reset": {
      "buttonText": "Перезавантажити",
      "ariaLabel": "Перезавантажити"
    },
    "_showCorrectAnswer": {
      "buttonText": "Показати правильну відповідь",
      "ariaLabel": "Показати правильну відповідь"
    },
    "_hideCorrectAnswer": {
      "buttonText": "Сховати правильну відповідь",
      "ariaLabel": "Сховати правильну відповідь"
    },
    "_showFeedback": {
      "buttonText": "Показати роз'яснення",
      "ariaLabel": "Показати роз'яснення"
    },
    "remainingAttemptsText": "Спроби, що залишилися",
    "remainingAttemptText": "Остання спроба ",
    "disabledAriaLabel": "Наразі кнопка неактивна"
  },
  "_latestTrackingId": 67,
  "body": "<p>Ласкаво просимо до цього набору модулів. Перегляньте наше відео нижче, щоб дізнатись, що ви вивчите.</p>",
  "displayTitle": "TAPAS (UKR)",
  "title": "TAPAS (UKR)",
  "_pageLevelProgress": {
    "_isEnabled": true,
    "_showPageCompletion": true
  }
}