[
  {
    "_id": "59301c64d084d5167a04ec44",
    "_parentId": "59301c64d084d5167a04ec3c",
    "_type": "block",
    "_isAvailable": true,
    "_isOptional": false,
    "_trackingId": 1,
    "_classes": "color-nine",
    "body": "",
    "displayTitle": "",
    "title": " "
  },
  {
    "_id": "59301c64d084d5167a04ec45",
    "_parentId": "59301c64d084d5167a04ec3e",
    "_type": "block",
    "_isAvailable": true,
    "_isOptional": false,
    "_trackingId": 2,
    "_classes": "color-nine",
    "body": "",
    "displayTitle": "",
    "title": " "
  },
  {
    "_id": "59301c64d084d5167a04ec46",
    "_parentId": "59301c64d084d5167a04ec40",
    "_type": "block",
    "_isAvailable": true,
    "_isOptional": false,
    "_trackingId": 3,
    "_classes": "color-nine",
    "body": "",
    "displayTitle": "",
    "title": " "
  },
  {
    "_id": "59301c64d084d5167a04ec54",
    "_parentId": "59301c64d084d5167a04ec37",
    "_type": "block",
    "_isAvailable": true,
    "_isOptional": false,
    "_trackingId": 4,
    "_classes": "color-four",
    "body": "",
    "displayTitle": "",
    "title": " "
  },
  {
    "_id": "59301c64d084d5167a04ec63",
    "_parentId": "59301c64d084d5167a04ec39",
    "_type": "block",
    "_isAvailable": true,
    "_isOptional": false,
    "_trackingId": 5,
    "_classes": "",
    "body": "",
    "displayTitle": "",
    "title": "  "
  },
  {
    "_id": "59301c64d084d5167a04ec89",
    "_parentId": "59301c64d084d5167a04ec3d",
    "_type": "block",
    "_isAvailable": true,
    "_isOptional": false,
    "_trackingId": 6,
    "_classes": "color-six",
    "body": "",
    "displayTitle": "",
    "title": " "
  },
  {
    "_id": "59301c64d084d5167a04eca9",
    "_parentId": "59301c64d084d5167a04ec3f",
    "_type": "block",
    "_isAvailable": true,
    "_isOptional": false,
    "_trackingId": 7,
    "_classes": "color-six",
    "body": "",
    "displayTitle": "",
    "title": " "
  },
  {
    "_id": "59301c64d084d5167a04ec43",
    "_parentId": "59301c64d084d5167a04ec3b",
    "_type": "block",
    "_isAvailable": true,
    "_isOptional": false,
    "_trackingId": 8,
    "_classes": "color-four",
    "body": "",
    "displayTitle": "",
    "title": " "
  },
  {
    "_id": "59301c64d084d5167a04ec4a",
    "_parentId": "59301c64d084d5167a04ec36",
    "_type": "block",
    "_isAvailable": true,
    "_isOptional": false,
    "_trackingId": 9,
    "_classes": "color-six",
    "body": "",
    "displayTitle": "",
    "title": " "
  },
  {
    "_id": "59301c64d084d5167a04ec5c",
    "_parentId": "59301c64d084d5167a04ec38",
    "_type": "block",
    "_isAvailable": true,
    "_isOptional": false,
    "_trackingId": 10,
    "_classes": "color-five",
    "body": "",
    "displayTitle": "",
    "title": " "
  },
  {
    "_id": "59301c64d084d5167a04ec69",
    "_parentId": "59301c64d084d5167a04ec3a",
    "_type": "block",
    "_isAvailable": true,
    "_isOptional": false,
    "_trackingId": 11,
    "_classes": "color-six",
    "body": "",
    "displayTitle": "",
    "title": " "
  },
  {
    "_id": "59301c64d084d5167a04ec47",
    "_parentId": "59301c64d084d5167a04ec40",
    "_type": "block",
    "_isAvailable": true,
    "_isOptional": false,
    "_trackingId": 12,
    "_classes": "inverted color-nine",
    "body": "",
    "displayTitle": " ",
    "title": " "
  },
  {
    "_id": "59301c64d084d5167a04ec48",
    "_parentId": "59301c64d084d5167a04ec37",
    "_type": "block",
    "_isAvailable": true,
    "_isOptional": false,
    "_trackingId": 13,
    "_classes": "inverted color-four",
    "body": "",
    "displayTitle": " ",
    "title": " "
  },
  {
    "_id": "59301c64d084d5167a04ec4b",
    "_parentId": "59301c64d084d5167a04ec36",
    "_type": "block",
    "_isAvailable": true,
    "_isOptional": false,
    "_trackingId": 14,
    "_classes": "inverted color-six",
    "body": "",
    "displayTitle": " ",
    "title": " "
  },
  {
    "_id": "59301c64d084d5167a04ec5d",
    "_parentId": "59301c64d084d5167a04ec38",
    "_type": "block",
    "_isAvailable": true,
    "_isOptional": false,
    "_trackingId": 15,
    "_classes": "inverted color-five",
    "body": "",
    "displayTitle": " ",
    "title": " "
  },
  {
    "_id": "59301c64d084d5167a04ec6a",
    "_parentId": "59301c64d084d5167a04ec3a",
    "_type": "block",
    "_isAvailable": true,
    "_isOptional": false,
    "_trackingId": 16,
    "_classes": "inverted color-six",
    "body": "",
    "displayTitle": " ",
    "title": " "
  },
  {
    "_id": "59301c64d084d5167a04ec75",
    "_parentId": "59301c64d084d5167a04ec3b",
    "_type": "block",
    "_isAvailable": true,
    "_isOptional": false,
    "_trackingId": 17,
    "_classes": "inverted color-four",
    "body": "",
    "displayTitle": " ",
    "title": " "
  },
  {
    "_id": "59301c64d084d5167a04ec80",
    "_parentId": "59301c64d084d5167a04ec3c",
    "_type": "block",
    "_isAvailable": true,
    "_isOptional": false,
    "_trackingId": 18,
    "_classes": "inverted color-nine",
    "body": "",
    "displayTitle": "  ",
    "title": "  "
  },
  {
    "_id": "59301c64d084d5167a04ec95",
    "_parentId": "59301c64d084d5167a04ec39",
    "_type": "block",
    "_isAvailable": true,
    "_isOptional": false,
    "_trackingId": 19,
    "_classes": "inverted color-four",
    "body": "",
    "displayTitle": "  ",
    "title": "  "
  },
  {
    "_id": "59301c64d084d5167a04ec96",
    "_parentId": "59301c64d084d5167a04ec3d",
    "_type": "block",
    "_isAvailable": true,
    "_isOptional": false,
    "_trackingId": 20,
    "_classes": "inverted color-six",
    "body": "",
    "displayTitle": "  ",
    "title": "  "
  },
  {
    "_id": "59301c64d084d5167a04eca0",
    "_parentId": "59301c64d084d5167a04ec3e",
    "_type": "block",
    "_isAvailable": true,
    "_isOptional": false,
    "_trackingId": 21,
    "_classes": "inverted color-nine",
    "body": "",
    "displayTitle": "  ",
    "title": "  "
  },
  {
    "_id": "59301c64d084d5167a04ecaa",
    "_parentId": "59301c64d084d5167a04ec3f",
    "_type": "block",
    "_isAvailable": true,
    "_isOptional": false,
    "_trackingId": 22,
    "_classes": "inverted color-five",
    "body": "",
    "displayTitle": " ",
    "title": " "
  },
  {
    "_id": "59301c64d084d5167a04ec41",
    "_parentId": "59301c64d084d5167a04ec3a",
    "_type": "block",
    "_isAvailable": true,
    "_isOptional": false,
    "_trackingId": 23,
    "_classes": " color-six",
    "body": "",
    "displayTitle": " ",
    "title": " "
  },
  {
    "_id": "59301c64d084d5167a04ec50",
    "_parentId": "59301c64d084d5167a04ec37",
    "_type": "block",
    "_isAvailable": true,
    "_isOptional": false,
    "_trackingId": 24,
    "_classes": "color-four",
    "body": "",
    "displayTitle": " ",
    "title": " "
  },
  {
    "_id": "59301c64d084d5167a04ec5e",
    "_parentId": "59301c64d084d5167a04ec38",
    "_type": "block",
    "_isAvailable": true,
    "_isOptional": false,
    "_trackingId": 25,
    "_classes": " color-five",
    "body": "",
    "displayTitle": " ",
    "title": " "
  },
  {
    "_id": "59301c64d084d5167a04ec68",
    "_parentId": "59301c64d084d5167a04ec39",
    "_type": "block",
    "_isAvailable": true,
    "_isOptional": false,
    "_trackingId": 26,
    "_classes": " color-four",
    "body": "",
    "displayTitle": " ",
    "title": " "
  },
  {
    "_id": "59301c64d084d5167a04ec76",
    "_parentId": "59301c64d084d5167a04ec3b",
    "_type": "block",
    "_isAvailable": true,
    "_isOptional": false,
    "_trackingId": 27,
    "_classes": "color-four",
    "body": "",
    "displayTitle": " ",
    "title": " "
  },
  {
    "_id": "59301c64d084d5167a04ec81",
    "_parentId": "59301c64d084d5167a04ec3c",
    "_type": "block",
    "_isAvailable": true,
    "_isOptional": false,
    "_trackingId": 28,
    "_classes": "color-nine",
    "body": "",
    "displayTitle": " ",
    "title": " "
  },
  {
    "_id": "59301c64d084d5167a04ec8a",
    "_parentId": "59301c64d084d5167a04ec40",
    "_type": "block",
    "_isAvailable": true,
    "_isOptional": false,
    "_trackingId": 29,
    "_classes": "color-nine",
    "body": "",
    "displayTitle": "",
    "title": "  "
  },
  {
    "_id": "59301c64d084d5167a04ec94",
    "_parentId": "59301c64d084d5167a04ec36",
    "_type": "block",
    "_isAvailable": true,
    "_isOptional": false,
    "_trackingId": 30,
    "_classes": "color-six",
    "body": "",
    "displayTitle": "  ",
    "title": "  "
  },
  {
    "_id": "59301c64d084d5167a04ec97",
    "_parentId": "59301c64d084d5167a04ec3d",
    "_type": "block",
    "_isAvailable": true,
    "_isOptional": false,
    "_trackingId": 31,
    "_classes": "color-six",
    "body": "",
    "displayTitle": "  ",
    "title": "  "
  },
  {
    "_id": "59301c64d084d5167a04eca1",
    "_parentId": "59301c64d084d5167a04ec3e",
    "_type": "block",
    "_isAvailable": true,
    "_isOptional": false,
    "_trackingId": 32,
    "_classes": "color-nine",
    "body": "",
    "displayTitle": "  ",
    "title": "  "
  },
  {
    "_id": "59301c64d084d5167a04ecab",
    "_parentId": "59301c64d084d5167a04ec3f",
    "_type": "block",
    "_isAvailable": true,
    "_isOptional": false,
    "_trackingId": 33,
    "_classes": "color-five",
    "body": "",
    "displayTitle": " ",
    "title": " "
  },
  {
    "_id": "59301c64d084d5167a04ec49",
    "_parentId": "59301c64d084d5167a04ec37",
    "_type": "block",
    "_isAvailable": true,
    "_isOptional": false,
    "_trackingId": 34,
    "_classes": "inverted color-four",
    "body": "",
    "displayTitle": " ",
    "title": " "
  },
  {
    "_id": "59301c64d084d5167a04ec4c",
    "_parentId": "59301c64d084d5167a04ec36",
    "_type": "block",
    "_isAvailable": true,
    "_isOptional": false,
    "_trackingId": 35,
    "_classes": "inverted color-six",
    "body": "",
    "displayTitle": "  ",
    "title": "  "
  },
  {
    "_id": "59301c64d084d5167a04ec5f",
    "_parentId": "59301c64d084d5167a04ec38",
    "_type": "block",
    "_isAvailable": true,
    "_isOptional": false,
    "_trackingId": 36,
    "_classes": "inverted color-five",
    "body": "",
    "displayTitle": " ",
    "title": " "
  },
  {
    "_id": "59301c64d084d5167a04ec64",
    "_parentId": "59301c64d084d5167a04ec39",
    "_type": "block",
    "_isAvailable": true,
    "_isOptional": false,
    "_trackingId": 37,
    "_classes": "inverted color-four",
    "body": "",
    "displayTitle": "  ",
    "title": "  "
  },
  {
    "_id": "59301c64d084d5167a04ec77",
    "_parentId": "59301c64d084d5167a04ec3b",
    "_type": "block",
    "_isAvailable": true,
    "_isOptional": false,
    "_trackingId": 38,
    "_classes": "inverted color-four ",
    "body": "",
    "displayTitle": " ",
    "title": " "
  },
  {
    "_id": "59301c64d084d5167a04ec82",
    "_parentId": "59301c64d084d5167a04ec3c",
    "_type": "block",
    "_isAvailable": true,
    "_isOptional": false,
    "_trackingId": 39,
    "_classes": "inverted color-nine",
    "body": "",
    "displayTitle": " ",
    "title": " "
  },
  {
    "_id": "59301c64d084d5167a04ec8b",
    "_parentId": "59301c64d084d5167a04ec40",
    "_type": "block",
    "_isAvailable": true,
    "_isOptional": false,
    "_trackingId": 40,
    "_classes": "inverted color-nine",
    "body": "",
    "displayTitle": "  ",
    "title": "  "
  },
  {
    "_id": "59301c64d084d5167a04ec98",
    "_parentId": "59301c64d084d5167a04ec3d",
    "_type": "block",
    "_isAvailable": true,
    "_isOptional": false,
    "_trackingId": 41,
    "_classes": "inverted color-six",
    "body": "",
    "displayTitle": "  ",
    "title": "  "
  },
  {
    "_id": "59301c64d084d5167a04eca2",
    "_parentId": "59301c64d084d5167a04ec3e",
    "_type": "block",
    "_isAvailable": true,
    "_isOptional": false,
    "_trackingId": 42,
    "_classes": "inverted color-nine",
    "body": "",
    "displayTitle": "  ",
    "title": "  "
  },
  {
    "_id": "59301c64d084d5167a04ecac",
    "_parentId": "59301c64d084d5167a04ec3f",
    "_type": "block",
    "_isAvailable": true,
    "_isOptional": false,
    "_trackingId": 43,
    "_classes": "inverted color-five",
    "body": "",
    "displayTitle": " ",
    "title": " "
  },
  {
    "_id": "59301c64d084d5167a04ecb4",
    "_parentId": "59301c64d084d5167a04ec3a",
    "_type": "block",
    "_isAvailable": true,
    "_isOptional": false,
    "_trackingId": 44,
    "_classes": "inverted color-six",
    "body": "<p>Try the two games below to see how effective pop-out can be. All you have to do is find the odd one out as quickly as possible.</p>\n",
    "displayTitle": "How effective is pop out?",
    "title": "How effective is pop out?"
  },
  {
    "_id": "59301c64d084d5167a04ec42",
    "_parentId": "59301c64d084d5167a04ec3a",
    "_type": "block",
    "_isAvailable": true,
    "_isOptional": false,
    "_trackingId": 45,
    "_classes": "color-six ",
    "body": "",
    "displayTitle": " ",
    "title": " "
  },
  {
    "_id": "59301c64d084d5167a04ec53",
    "_parentId": "59301c64d084d5167a04ec37",
    "_type": "block",
    "_isAvailable": true,
    "_isOptional": false,
    "_trackingId": 46,
    "_classes": "color-four ",
    "body": "",
    "displayTitle": " ",
    "title": " "
  },
  {
    "_id": "59301c64d084d5167a04ec57",
    "_parentId": "59301c64d084d5167a04ec36",
    "_type": "block",
    "_isAvailable": true,
    "_isOptional": false,
    "_trackingId": 47,
    "_classes": " color-six",
    "body": "",
    "displayTitle": "",
    "title": " "
  },
  {
    "_id": "59301c64d084d5167a04ec60",
    "_parentId": "59301c64d084d5167a04ec38",
    "_type": "block",
    "_isAvailable": true,
    "_isOptional": false,
    "_trackingId": 48,
    "_classes": "section-banner color-seven",
    "body": "",
    "displayTitle": " ",
    "title": " "
  },
  {
    "_id": "59301c64d084d5167a04ec70",
    "_parentId": "59301c64d084d5167a04ec39",
    "_type": "block",
    "_isAvailable": true,
    "_isOptional": false,
    "_trackingId": 49,
    "_classes": "color-seven section-banner",
    "body": "",
    "displayTitle": "  ",
    "title": "  "
  },
  {
    "_id": "59301c64d084d5167a04ec78",
    "_parentId": "59301c64d084d5167a04ec3b",
    "_type": "block",
    "_isAvailable": true,
    "_isOptional": false,
    "_trackingId": 50,
    "_classes": "color-four",
    "body": "",
    "displayTitle": " ",
    "title": " "
  },
  {
    "_id": "59301c64d084d5167a04ec83",
    "_parentId": "59301c64d084d5167a04ec3c",
    "_type": "block",
    "_isAvailable": true,
    "_isOptional": false,
    "_trackingId": 51,
    "_classes": "color-nine",
    "body": "",
    "displayTitle": " ",
    "title": " "
  },
  {
    "_id": "59301c64d084d5167a04ec8c",
    "_parentId": "59301c64d084d5167a04ec40",
    "_type": "block",
    "_isAvailable": true,
    "_isOptional": false,
    "_trackingId": 52,
    "_classes": "color-nine",
    "body": "",
    "displayTitle": " ",
    "title": " "
  },
  {
    "_id": "59301c64d084d5167a04ec99",
    "_parentId": "59301c64d084d5167a04ec3d",
    "_type": "block",
    "_isAvailable": true,
    "_isOptional": false,
    "_trackingId": 53,
    "_classes": "color-six",
    "body": "",
    "displayTitle": "  ",
    "title": "  "
  },
  {
    "_id": "59301c64d084d5167a04eca3",
    "_parentId": "59301c64d084d5167a04ec3e",
    "_type": "block",
    "_isAvailable": true,
    "_isOptional": false,
    "_trackingId": 54,
    "_classes": "color-nine",
    "body": "",
    "displayTitle": "  ",
    "title": "  "
  },
  {
    "_id": "59301c64d084d5167a04ecad",
    "_parentId": "59301c64d084d5167a04ec3f",
    "_type": "block",
    "_isAvailable": true,
    "_isOptional": false,
    "_trackingId": 55,
    "_classes": "color-five",
    "body": "",
    "displayTitle": " ",
    "title": " "
  },
  {
    "_id": "59301c64d084d5167a04ec4d",
    "_parentId": "59301c64d084d5167a04ec37",
    "_type": "block",
    "_isAvailable": true,
    "_isOptional": false,
    "_trackingId": 56,
    "_classes": "inverted color-four ",
    "body": "",
    "displayTitle": " ",
    "title": " "
  },
  {
    "_id": "59301c64d084d5167a04ec56",
    "_parentId": "59301c64d084d5167a04ec36",
    "_type": "block",
    "_isAvailable": true,
    "_isOptional": false,
    "_trackingId": 57,
    "_classes": "inverted color-six",
    "body": "",
    "displayTitle": "",
    "title": " "
  },
  {
    "_id": "59301c64d084d5167a04ec67",
    "_parentId": "59301c64d084d5167a04ec38",
    "_type": "block",
    "_isAvailable": true,
    "_isOptional": false,
    "_trackingId": 58,
    "_classes": "inverted color-seven ",
    "body": "",
    "displayTitle": " ",
    "title": " "
  },
  {
    "_id": "59301c64d084d5167a04ec6b",
    "_parentId": "59301c64d084d5167a04ec3a",
    "_type": "block",
    "_isAvailable": true,
    "_isOptional": false,
    "_trackingId": 59,
    "_classes": "section-banner inverted color-seven ",
    "body": "",
    "displayTitle": " ",
    "title": " "
  },
  {
    "_id": "59301c64d084d5167a04ec71",
    "_parentId": "59301c64d084d5167a04ec39",
    "_type": "block",
    "_isAvailable": true,
    "_isOptional": false,
    "_trackingId": 60,
    "_classes": " inverted color-seven",
    "body": "",
    "displayTitle": " ",
    "title": " "
  },
  {
    "_id": "59301c64d084d5167a04ec79",
    "_parentId": "59301c64d084d5167a04ec3b",
    "_type": "block",
    "_isAvailable": true,
    "_isOptional": false,
    "_trackingId": 61,
    "_classes": "inverted color-four",
    "body": "",
    "displayTitle": " ",
    "title": " "
  },
  {
    "_id": "59301c64d084d5167a04ec84",
    "_parentId": "59301c64d084d5167a04ec3c",
    "_type": "block",
    "_isAvailable": true,
    "_isOptional": false,
    "_trackingId": 62,
    "_classes": " inverted color-seven section-banner",
    "body": "",
    "displayTitle": " ",
    "title": " "
  },
  {
    "_id": "59301c64d084d5167a04ec8d",
    "_parentId": "59301c64d084d5167a04ec40",
    "_type": "block",
    "_isAvailable": true,
    "_isOptional": false,
    "_trackingId": 63,
    "_classes": "inverted color-nine",
    "body": "",
    "displayTitle": "  ",
    "title": "  "
  },
  {
    "_id": "59301c64d084d5167a04ec9a",
    "_parentId": "59301c64d084d5167a04ec3d",
    "_type": "block",
    "_isAvailable": true,
    "_isOptional": false,
    "_trackingId": 64,
    "_classes": "inverted color-seven section-banner",
    "body": "",
    "displayTitle": "  ",
    "title": "  "
  },
  {
    "_id": "59301c64d084d5167a04eca4",
    "_parentId": "59301c64d084d5167a04ec3e",
    "_type": "block",
    "_isAvailable": true,
    "_isOptional": false,
    "_trackingId": 65,
    "_classes": "inverted color-seven ",
    "body": "",
    "displayTitle": "  ",
    "title": "  "
  },
  {
    "_id": "59301c64d084d5167a04ecae",
    "_parentId": "59301c64d084d5167a04ec3f",
    "_type": "block",
    "_isAvailable": true,
    "_isOptional": false,
    "_trackingId": 66,
    "_classes": "inverted color-seven section-banner",
    "body": "",
    "displayTitle": " ",
    "title": " "
  },
  {
    "_id": "59301c64d084d5167a04ec59",
    "_parentId": "59301c64d084d5167a04ec36",
    "_type": "block",
    "_isAvailable": true,
    "_isOptional": false,
    "_trackingId": 67,
    "_classes": " ",
    "body": "",
    "displayTitle": "",
    "title": "  "
  },
  {
    "_id": "59301c64d084d5167a04ec85",
    "_parentId": "59301c64d084d5167a04ec3c",
    "_type": "block",
    "_isAvailable": true,
    "_isOptional": false,
    "_trackingId": 68,
    "_classes": " ",
    "body": "",
    "displayTitle": "  ",
    "title": "  "
  },
  {
    "_id": "59301c64d084d5167a04ec51",
    "_parentId": "59301c64d084d5167a04ec37",
    "_type": "block",
    "_isAvailable": true,
    "_isOptional": false,
    "_trackingId": 69,
    "_classes": " color-seven section-banner",
    "body": "",
    "displayTitle": " ",
    "title": " "
  },
  {
    "_id": "59301c64d084d5167a04ec66",
    "_parentId": "59301c64d084d5167a04ec38",
    "_type": "block",
    "_isAvailable": true,
    "_isOptional": false,
    "_trackingId": 70,
    "_classes": " color-seven",
    "body": "",
    "displayTitle": " ",
    "title": " "
  },
  {
    "_id": "59301c64d084d5167a04ec6c",
    "_parentId": "59301c64d084d5167a04ec3a",
    "_type": "block",
    "_isAvailable": true,
    "_isOptional": false,
    "_trackingId": 71,
    "_classes": " color-seven",
    "body": "",
    "displayTitle": " ",
    "title": " "
  },
  {
    "_id": "59301c64d084d5167a04ec72",
    "_parentId": "59301c64d084d5167a04ec39",
    "_type": "block",
    "_isAvailable": true,
    "_isOptional": false,
    "_trackingId": 72,
    "_classes": "color-seven",
    "body": "",
    "displayTitle": " ",
    "title": " "
  },
  {
    "_id": "59301c64d084d5167a04ec7a",
    "_parentId": "59301c64d084d5167a04ec3b",
    "_type": "block",
    "_isAvailable": true,
    "_isOptional": false,
    "_trackingId": 73,
    "_classes": "section-banner color-seven",
    "body": "",
    "displayTitle": " ",
    "title": " "
  },
  {
    "_id": "59301c64d084d5167a04ec92",
    "_parentId": "59301c64d084d5167a04ec40",
    "_type": "block",
    "_isAvailable": true,
    "_isOptional": false,
    "_trackingId": 74,
    "_classes": "color-seven section-banner",
    "body": "",
    "displayTitle": "  ",
    "title": "  "
  },
  {
    "_id": "59301c64d084d5167a04ec9b",
    "_parentId": "59301c64d084d5167a04ec3d",
    "_type": "block",
    "_isAvailable": true,
    "_isOptional": false,
    "_trackingId": 75,
    "_classes": "",
    "body": "",
    "displayTitle": "  ",
    "title": "  "
  },
  {
    "_id": "59301c64d084d5167a04eca5",
    "_parentId": "59301c64d084d5167a04ec3e",
    "_type": "block",
    "_isAvailable": true,
    "_isOptional": false,
    "_trackingId": 76,
    "_classes": "color-seven",
    "body": "",
    "displayTitle": "  ",
    "title": "  "
  },
  {
    "_id": "59301c64d084d5167a04ecaf",
    "_parentId": "59301c64d084d5167a04ec3f",
    "_type": "block",
    "_isAvailable": true,
    "_isOptional": false,
    "_trackingId": 77,
    "_classes": "color-seven",
    "body": "",
    "displayTitle": " ",
    "title": " "
  },
  {
    "_id": "59301c64d084d5167a04ec4e",
    "_parentId": "59301c64d084d5167a04ec37",
    "_type": "block",
    "_isAvailable": true,
    "_isOptional": false,
    "_trackingId": 78,
    "_classes": " inverted color-seven ",
    "body": "",
    "displayTitle": " ",
    "title": " "
  },
  {
    "_id": "59301c64d084d5167a04ec58",
    "_parentId": "59301c64d084d5167a04ec36",
    "_type": "block",
    "_isAvailable": true,
    "_isOptional": false,
    "_trackingId": 79,
    "_classes": "inverted color-seven section-banner",
    "body": "",
    "displayTitle": "  ",
    "title": "  "
  },
  {
    "_id": "59301c64d084d5167a04ec65",
    "_parentId": "59301c64d084d5167a04ec38",
    "_type": "block",
    "_isAvailable": true,
    "_isOptional": false,
    "_trackingId": 80,
    "_classes": "inverted color-seven",
    "body": "",
    "displayTitle": " ",
    "title": " "
  },
  {
    "_id": "59301c64d084d5167a04ec6d",
    "_parentId": "59301c64d084d5167a04ec3a",
    "_type": "block",
    "_isAvailable": true,
    "_isOptional": false,
    "_trackingId": 81,
    "_classes": "inverted color-seven",
    "body": "",
    "displayTitle": " ",
    "title": " "
  },
  {
    "_id": "59301c64d084d5167a04ec73",
    "_parentId": "59301c64d084d5167a04ec39",
    "_type": "block",
    "_isAvailable": true,
    "_isOptional": false,
    "_trackingId": 82,
    "_classes": "inverted color-seven",
    "body": "",
    "displayTitle": " ",
    "title": " "
  },
  {
    "_id": "59301c64d084d5167a04ec7b",
    "_parentId": "59301c64d084d5167a04ec3b",
    "_type": "block",
    "_isAvailable": true,
    "_isOptional": false,
    "_trackingId": 83,
    "_classes": "inverted color-seven",
    "body": "",
    "displayTitle": " ",
    "title": " "
  },
  {
    "_id": "59301c64d084d5167a04ec86",
    "_parentId": "59301c64d084d5167a04ec3c",
    "_type": "block",
    "_isAvailable": true,
    "_isOptional": false,
    "_trackingId": 84,
    "_classes": " inverted color-seven",
    "body": "",
    "displayTitle": " ",
    "title": " "
  },
  {
    "_id": "59301c64d084d5167a04ec8e",
    "_parentId": "59301c64d084d5167a04ec40",
    "_type": "block",
    "_isAvailable": true,
    "_isOptional": false,
    "_trackingId": 85,
    "_classes": "inverted color-seven",
    "body": "",
    "displayTitle": "  ",
    "title": "  "
  },
  {
    "_id": "59301c64d084d5167a04ec9c",
    "_parentId": "59301c64d084d5167a04ec3d",
    "_type": "block",
    "_isAvailable": true,
    "_isOptional": false,
    "_trackingId": 86,
    "_classes": "inverted color-seven",
    "body": "",
    "displayTitle": "  ",
    "title": "  "
  },
  {
    "_id": "59301c64d084d5167a04eca6",
    "_parentId": "59301c64d084d5167a04ec3e",
    "_type": "block",
    "_isAvailable": true,
    "_isOptional": false,
    "_trackingId": 87,
    "_classes": "inverted color-seven",
    "body": "",
    "displayTitle": "  ",
    "title": "  "
  },
  {
    "_id": "59301c64d084d5167a04ecb0",
    "_parentId": "59301c64d084d5167a04ec3f",
    "_type": "block",
    "_isAvailable": true,
    "_isOptional": false,
    "_trackingId": 88,
    "_classes": "inverted color-seven",
    "body": "",
    "displayTitle": " ",
    "title": " "
  },
  {
    "_id": "59301c64d084d5167a04ec5a",
    "_parentId": "59301c64d084d5167a04ec36",
    "_type": "block",
    "_isAvailable": true,
    "_isOptional": false,
    "_trackingId": 89,
    "_classes": " ",
    "body": "",
    "displayTitle": "  ",
    "title": "  "
  },
  {
    "_id": "59301c64d084d5167a04ec87",
    "_parentId": "59301c64d084d5167a04ec3c",
    "_type": "block",
    "_isAvailable": true,
    "_isOptional": false,
    "_trackingId": 90,
    "_classes": " ",
    "body": "",
    "displayTitle": " ",
    "title": " "
  },
  {
    "_id": "59301c64d084d5167a04ec52",
    "_parentId": "59301c64d084d5167a04ec37",
    "_type": "block",
    "_isAvailable": true,
    "_isOptional": false,
    "_trackingId": 91,
    "_classes": "color-seven ",
    "body": "",
    "displayTitle": " ",
    "title": " "
  },
  {
    "_id": "59301c64d084d5167a04ec61",
    "_parentId": "59301c64d084d5167a04ec38",
    "_type": "block",
    "_isAvailable": true,
    "_isOptional": false,
    "_trackingId": 92,
    "_classes": "footer inverted",
    "body": "",
    "displayTitle": " ",
    "title": " "
  },
  {
    "_id": "59301c64d084d5167a04ec6e",
    "_parentId": "59301c64d084d5167a04ec3a",
    "_type": "block",
    "_isAvailable": true,
    "_isOptional": false,
    "_trackingId": 93,
    "_classes": " color-seven",
    "body": "",
    "displayTitle": " ",
    "title": " "
  },
  {
    "_id": "59301c64d084d5167a04ec74",
    "_parentId": "59301c64d084d5167a04ec39",
    "_type": "block",
    "_isAvailable": true,
    "_isOptional": false,
    "_trackingId": 94,
    "_classes": "inverted footer ",
    "body": "",
    "displayTitle": "  ",
    "title": "  "
  },
  {
    "_id": "59301c64d084d5167a04ec7c",
    "_parentId": "59301c64d084d5167a04ec3b",
    "_type": "block",
    "_isAvailable": true,
    "_isOptional": false,
    "_trackingId": 95,
    "_classes": "color-seven",
    "body": "",
    "displayTitle": " ",
    "title": " "
  },
  {
    "_id": "59301c64d084d5167a04ec8f",
    "_parentId": "59301c64d084d5167a04ec40",
    "_type": "block",
    "_isAvailable": true,
    "_isOptional": false,
    "_trackingId": 96,
    "_classes": "color-seven",
    "body": "",
    "displayTitle": "  ",
    "title": "  "
  },
  {
    "_id": "59301c64d084d5167a04ec9d",
    "_parentId": "59301c64d084d5167a04ec3d",
    "_type": "block",
    "_isAvailable": true,
    "_isOptional": false,
    "_trackingId": 97,
    "_classes": "",
    "body": "",
    "displayTitle": "   ",
    "title": "   "
  },
  {
    "_id": "59301c64d084d5167a04eca7",
    "_parentId": "59301c64d084d5167a04ec3e",
    "_type": "block",
    "_isAvailable": true,
    "_isOptional": false,
    "_trackingId": 98,
    "_classes": "color-seven",
    "body": "",
    "displayTitle": "  ",
    "title": "  "
  },
  {
    "_id": "59301c64d084d5167a04ecb1",
    "_parentId": "59301c64d084d5167a04ec3f",
    "_type": "block",
    "_isAvailable": true,
    "_isOptional": false,
    "_trackingId": 99,
    "_classes": "color-seven",
    "body": "",
    "displayTitle": " ",
    "title": " "
  },
  {
    "_id": "59301c64d084d5167a04ec4f",
    "_parentId": "59301c64d084d5167a04ec37",
    "_type": "block",
    "_isAvailable": true,
    "_isOptional": false,
    "_trackingId": 100,
    "_classes": "inverted color-seven ",
    "body": "",
    "displayTitle": " ",
    "title": " "
  },
  {
    "_id": "59301c64d084d5167a04ec5b",
    "_parentId": "59301c64d084d5167a04ec36",
    "_type": "block",
    "_isAvailable": true,
    "_isOptional": false,
    "_trackingId": 101,
    "_classes": "inverted color-seven ",
    "body": "",
    "displayTitle": " ",
    "title": " "
  },
  {
    "_id": "59301c64d084d5167a04ec6f",
    "_parentId": "59301c64d084d5167a04ec3a",
    "_type": "block",
    "_isAvailable": true,
    "_isOptional": false,
    "_trackingId": 102,
    "_classes": "inverted footer",
    "body": "",
    "displayTitle": " ",
    "title": " "
  },
  {
    "_id": "59301c64d084d5167a04ec7d",
    "_parentId": "59301c64d084d5167a04ec3b",
    "_type": "block",
    "_isAvailable": true,
    "_isOptional": false,
    "_trackingId": 103,
    "_classes": "inverted color-seven",
    "body": "",
    "displayTitle": " ",
    "title": " "
  },
  {
    "_id": "59301c64d084d5167a04ec88",
    "_parentId": "59301c64d084d5167a04ec3c",
    "_type": "block",
    "_isAvailable": true,
    "_isOptional": false,
    "_trackingId": 104,
    "_classes": "inverted footer",
    "body": "",
    "displayTitle": " ",
    "title": " "
  },
  {
    "_id": "59301c64d084d5167a04ec90",
    "_parentId": "59301c64d084d5167a04ec40",
    "_type": "block",
    "_isAvailable": true,
    "_isOptional": false,
    "_trackingId": 105,
    "_classes": "inverted color-seven",
    "body": "",
    "displayTitle": "  ",
    "title": "  "
  },
  {
    "_id": "59301c64d084d5167a04ec9e",
    "_parentId": "59301c64d084d5167a04ec3d",
    "_type": "block",
    "_isAvailable": true,
    "_isOptional": false,
    "_trackingId": 106,
    "_classes": "inverted color-seven",
    "body": "",
    "displayTitle": "  ",
    "title": "  "
  },
  {
    "_id": "59301c64d084d5167a04eca8",
    "_parentId": "59301c64d084d5167a04ec3e",
    "_type": "block",
    "_isAvailable": true,
    "_isOptional": false,
    "_trackingId": 107,
    "_classes": "inverted footer",
    "body": "",
    "displayTitle": "  ",
    "title": "  "
  },
  {
    "_id": "59301c64d084d5167a04ecb2",
    "_parentId": "59301c64d084d5167a04ec3f",
    "_type": "block",
    "_isAvailable": true,
    "_isOptional": false,
    "_trackingId": 108,
    "_classes": "inverted color-seven",
    "body": "",
    "displayTitle": " ",
    "title": " "
  },
  {
    "_id": "59301c64d084d5167a04ec62",
    "_parentId": "59301c64d084d5167a04ec36",
    "_type": "block",
    "_isAvailable": true,
    "_isOptional": false,
    "_trackingId": 109,
    "_classes": " ",
    "body": "",
    "displayTitle": "  ",
    "title": "  "
  },
  {
    "_id": "59301c64d084d5167a04ec55",
    "_parentId": "59301c64d084d5167a04ec37",
    "_type": "block",
    "_isAvailable": true,
    "_isOptional": false,
    "_trackingId": 110,
    "_classes": "inverted footer",
    "body": "",
    "displayTitle": " ",
    "title": " "
  },
  {
    "_id": "59301c64d084d5167a04ec7e",
    "_parentId": "59301c64d084d5167a04ec3b",
    "_type": "block",
    "_isAvailable": true,
    "_isOptional": false,
    "_trackingId": 111,
    "_classes": "color-seven",
    "body": "",
    "displayTitle": " ",
    "title": " "
  },
  {
    "_id": "59301c64d084d5167a04ec93",
    "_parentId": "59301c64d084d5167a04ec40",
    "_type": "block",
    "_isAvailable": true,
    "_isOptional": false,
    "_trackingId": 112,
    "_classes": "inverted footer  ",
    "body": "",
    "displayTitle": "  ",
    "title": "  "
  },
  {
    "_id": "59301c64d084d5167a04ec9f",
    "_parentId": "59301c64d084d5167a04ec3d",
    "_type": "block",
    "_isAvailable": true,
    "_isOptional": false,
    "_trackingId": 113,
    "_classes": "inverted footer",
    "body": "",
    "displayTitle": "  ",
    "title": "  "
  },
  {
    "_id": "59301c64d084d5167a04ecb3",
    "_parentId": "59301c64d084d5167a04ec3f",
    "_type": "block",
    "_isAvailable": true,
    "_isOptional": false,
    "_trackingId": 114,
    "_classes": "footer inverted",
    "body": "",
    "displayTitle": " ",
    "title": " "
  },
  {
    "_id": "59301c64d084d5167a04ec7f",
    "_parentId": "59301c64d084d5167a04ec3b",
    "_type": "block",
    "_isAvailable": true,
    "_isOptional": false,
    "_trackingId": 115,
    "_classes": "inverted footer",
    "body": "",
    "displayTitle": " ",
    "title": " "
  },
  {
    "_id": "59301c64d084d5167a04ec91",
    "_parentId": "59301c64d084d5167a04ec36",
    "_type": "block",
    "_isAvailable": true,
    "_isOptional": false,
    "_trackingId": 116,
    "_classes": "inverted footer",
    "body": "",
    "displayTitle": "  ",
    "title": "  "
  }
]