[
  {
    "_id": "59301c64d084d5167a04ec2b",
    "_graphic": {
      "alt": "",
      "src": "course/en/assets/cea53ba894f73eac454fb2f7cde74ce401909d9b.png"
    },
    "_parentId": "course",
    "_type": "page",
    "_isAvailable": true,
    "_isOptional": false,
    "_lockedBy": [],
    "duration": "",
    "linkText": "View",
    "_classes": "",
    "body": "<p dir=\"ltr\">A modern data scientist is expected to be a catalyst for change in an organisation. This requires not only performing complex data manipulation, but also being able to present the outcomes to senior level decision-makers. In this module we look at how data has changed the way we tell stories.</p>",
    "displayTitle": "1. Introduction to data storytelling",
    "title": "1. Introduction to data storytelling",
    "_skillsFramework": {
      "_skills": [
        {
          "outcome": "Explain how data has changed the way we find stories",
          "credits": 5,
          "level": "explorer"
        },
        {
          "level": "explorer",
          "credits": 5,
          "outcome": "Explain how data has changed the way we tell stories"
        },
        {
          "level": "explorer",
          "credits": 5,
          "outcome": "Give examples of data stories"
        }
      ]
    },
    "_trackingHub": {
      "_pageID": ""
    },
    "_pageLevelProgress": {
      "_isEnabled": true,
      "_showPageCompletion": true
    }
  },
  {
    "_id": "59301c64d084d5167a04ec2f",
    "_graphic": {
      "alt": "",
      "src": "course/en/assets/301936c4e7d37e6647647b3c3e5a305f0ae8a56f.jpg"
    },
    "_parentId": "course",
    "_type": "page",
    "_isAvailable": true,
    "_isOptional": false,
    "_lockedBy": [],
    "duration": "",
    "linkText": "View",
    "_classes": "",
    "body": "<p dir=\"ltr\">A modern data scientist is expected to undertake many &ndash;&nbsp;if not all &ndash; of the stages of data storytelling. To be successful, you need to understand the time requirement of every stage in the process.</p>",
    "displayTitle": "2. The four step process",
    "title": "2. The four step process",
    "_skillsFramework": {
      "_skills": [
        {
          "outcome": "Explain the data storytelling process",
          "credits": 5,
          "level": "explorer"
        },
        {
          "level": "explorer",
          "credits": 5,
          "outcome": "Plan a data storytelling project"
        }
      ]
    },
    "_trackingHub": {
      "_pageID": ""
    },
    "_pageLevelProgress": {
      "_isEnabled": true,
      "_showPageCompletion": true
    }
  },
  {
    "_id": "59301c64d084d5167a04ec2e",
    "_graphic": {
      "alt": "",
      "src": "course/en/assets/97d34793bbe8926e04194b6c543ac459b473764c.jpg"
    },
    "_parentId": "course",
    "_type": "page",
    "_isAvailable": true,
    "_isOptional": false,
    "_lockedBy": [],
    "duration": "",
    "linkText": "View",
    "_classes": "",
    "body": "<p>When working with data, it&#39;s&nbsp;critical to understand your rights and your responsibility in ensuring legal and ethical use of data. This module introduces the&nbsp;aspects of law that cover the use of content in different scenarios.&nbsp;</p>",
    "displayTitle": "3. Understanding your rights to use data",
    "title": "3. Understanding your rights to use data",
    "_skillsFramework": {
      "_skills": [
        {
          "level": "explorer",
          "credits": 5,
          "outcome": "Describe how copyright and licensing relate to open data"
        },
        {
          "level": "explorer",
          "credits": 5,
          "outcome": "Identify instances of open licenses and effective application"
        },
        {
          "level": "explorer",
          "credits": 5,
          "outcome": "Explain how copyright exceptions affect the use of data"
        }
      ]
    },
    "_trackingHub": {
      "_pageID": ""
    },
    "_pageLevelProgress": {
      "_isEnabled": true,
      "_showPageCompletion": true
    }
  },
  {
    "_id": "59301c64d084d5167a04ec30",
    "_graphic": {
      "alt": "",
      "src": "course/en/assets/2164576f217243b4bc9bfb61f6c5f8a5b9bdbc87.jpg"
    },
    "_parentId": "course",
    "_type": "page",
    "_isAvailable": true,
    "_isOptional": false,
    "_lockedBy": [],
    "duration": "",
    "linkText": "View",
    "_classes": "",
    "body": "<p dir=\"ltr\">Data plays a key role in storytelling, but not all data is easy to find. This module looks at where you can start to find data and how to find data that&#39;s hidden on the web.</p>",
    "displayTitle": "4. Gathering data",
    "title": "4. Gathering data",
    "_skillsFramework": {
      "_skills": [
        {
          "level": "practitioner",
          "credits": 5,
          "outcome": "Explain the difference between downloadable and hidden data"
        },
        {
          "level": "practitioner",
          "credits": 5,
          "outcome": "Find downloadable data"
        },
        {
          "level": "practitioner",
          "credits": 5,
          "outcome": "Find hidden data"
        },
        {
          "level": "practitioner",
          "credits": 5,
          "outcome": "Describe the benefit of using hidden data"
        }
      ]
    },
    "_trackingHub": {
      "_pageID": ""
    },
    "_pageLevelProgress": {
      "_isEnabled": true,
      "_showPageCompletion": true
    }
  },
  {
    "_id": "59301c64d084d5167a04ec2c",
    "_graphic": {
      "alt": "",
      "src": "course/en/assets/55fdaceae3e61bfad0b68be0efcf8b4e312e1342.jpg"
    },
    "_parentId": "course",
    "_type": "page",
    "_isAvailable": true,
    "_isOptional": false,
    "_lockedBy": [],
    "duration": "",
    "linkText": "View",
    "_classes": "",
    "body": "<p dir=\"ltr\">Having gathered data from&nbsp;different sources, an essential skill of a data scientist is to organise that data so that it&#39;s&nbsp;ready to be processed. A modern data scientist should design and implement a structure for a dataset that can be understood by the audience, and this module will show you how.&nbsp;</p>",
    "displayTitle": "5. Organising data",
    "title": "5. Organising data",
    "_skillsFramework": {
      "_skills": [
        {
          "level": "explorer",
          "credits": 5,
          "outcome": "Identify good and bad spreadsheet layouts"
        },
        {
          "level": "practitioner",
          "credits": 5,
          "outcome": "Create good column titles for a spreadsheet"
        },
        {
          "level": "practitioner",
          "credits": 5,
          "outcome": "Use header rows and freeze functions in spreadsheets"
        },
        {
          "level": "practitioner",
          "credits": 5,
          "outcome": "Use different data types in a spreadsheet"
        }
      ]
    },
    "_trackingHub": {
      "_pageID": ""
    },
    "_pageLevelProgress": {
      "_isEnabled": true,
      "_showPageCompletion": true
    }
  },
  {
    "_id": "59301c64d084d5167a04ec31",
    "_graphic": {
      "alt": "",
      "src": "course/en/assets/33486d36922cc44d7b5832d0c3a21bc1722f88af.jpg"
    },
    "_parentId": "course",
    "_type": "page",
    "_isAvailable": true,
    "_isOptional": false,
    "_lockedBy": [],
    "duration": "",
    "linkText": "View",
    "_classes": "",
    "body": "<p dir=\"ltr\">Data containing errors leads to stories containing errors. Before any analysis can take place, a data scientist needs to be able to identify and remove them from data. This module looks at common errors and useful tools to remove them.</p>",
    "displayTitle": "6. Cleaning data",
    "title": "6. Cleaning data",
    "_skillsFramework": {
      "_skills": [
        {
          "level": "explorer",
          "credits": 5,
          "outcome": "Explain how and why data needs to be cleaned"
        },
        {
          "level": "practitioner",
          "credits": 5,
          "outcome": "Recognise a number of errors in data"
        },
        {
          "level": "practitioner",
          "credits": 10,
          "outcome": "Clean a dataset"
        }
      ]
    },
    "_trackingHub": {
      "_pageID": ""
    },
    "_pageLevelProgress": {
      "_isEnabled": true,
      "_showPageCompletion": true
    }
  },
  {
    "_id": "59301c64d084d5167a04ec35",
    "_graphic": {
      "alt": "",
      "src": "course/en/assets/42cae611b9faff51566fabe51f7bfb9615f01211.jpg"
    },
    "_parentId": "course",
    "_type": "page",
    "_isAvailable": true,
    "_isOptional": false,
    "_lockedBy": [],
    "duration": "",
    "linkText": "View",
    "_classes": "",
    "body": "<p dir=\"ltr\">Once data is clean, it&#39;s ready for analysis; but this analysis doesn&#39;t have to use complex statistical methods. A modern data scientist should be comfortable using common analysis techniques such as pivot tables, and this module shows you how.&nbsp;</p>",
    "displayTitle": "7. Filtering and pivot tables",
    "title": "7. Filtering and pivot tables",
    "_skillsFramework": {
      "_skills": [
        {
          "level": "practitioner",
          "credits": 5,
          "outcome": "Apply filters to a spreadsheet"
        },
        {
          "level": "practitioner",
          "credits": 5,
          "outcome": "Sort data in a spreadsheet"
        },
        {
          "level": "practitioner",
          "credits": 5,
          "outcome": "Apply formula to a spreadsheet"
        },
        {
          "level": "practitioner",
          "credits": 10,
          "outcome": "Create a set of analytics for a spreadsheet"
        }
      ]
    },
    "_trackingHub": {
      "_pageID": ""
    },
    "_pageLevelProgress": {
      "_isEnabled": true,
      "_showPageCompletion": true
    }
  },
  {
    "_id": "59301c64d084d5167a04ec32",
    "_graphic": {
      "alt": "",
      "src": "course/en/assets/ca044aca014a764b789ad1c8c4481eaa0e2ef182.jpg"
    },
    "_parentId": "course",
    "_type": "page",
    "_isAvailable": true,
    "_isOptional": false,
    "_lockedBy": [],
    "duration": "",
    "linkText": "View",
    "_classes": "",
    "body": "<p dir=\"ltr\">A modern data scientist will work&nbsp;with many different types of visualisation, from common graphs to advanced statistical plots to geographic representations. Learn more about the options for bringing your data to life in this module.</p>",
    "displayTitle": "8. Data visualisation formats",
    "title": "8. Data visualisation formats",
    "_skillsFramework": {
      "_skills": [
        {
          "level": "explorer",
          "credits": 5,
          "outcome": "Describe a number data visualisations and their usage"
        },
        {
          "level": "explorer",
          "credits": 5,
          "outcome": "Choose an appropriate visualisation for data"
        }
      ]
    },
    "_trackingHub": {
      "_pageID": ""
    },
    "_pageLevelProgress": {
      "_isEnabled": true,
      "_showPageCompletion": true
    }
  },
  {
    "_id": "59301c64d084d5167a04ec33",
    "_graphic": {
      "alt": "",
      "src": "course/en/assets/d2445a55c3baba4530ca53aef667079d65b9b497.jpg"
    },
    "_parentId": "course",
    "_type": "page",
    "_isAvailable": true,
    "_isOptional": false,
    "_lockedBy": [],
    "duration": "",
    "linkText": "View",
    "_classes": "",
    "body": "<p>Picking the right visualisation is only the first part of telling effective stories. Plotting the right data in the correct way, making good use of colour and other visual cues is essential to making the story &ldquo;pop out&rdquo; at the audience.</p>",
    "displayTitle": "9. Data visualisation best practice",
    "title": "9. Data visualisation best practice",
    "_skillsFramework": {
      "_skills": [
        {
          "level": "strategist",
          "credits": 5,
          "outcome": "Describe how the human brain interprets visually presented data"
        },
        {
          "level": "practitioner",
          "credits": 5,
          "outcome": "Use colour and pop-out to help clearly present information"
        }
      ]
    },
    "_trackingHub": {
      "_pageID": ""
    },
    "_pageLevelProgress": {
      "_isEnabled": true,
      "_showPageCompletion": true
    }
  },
  {
    "_id": "59301c64d084d5167a04ec2d",
    "_graphic": {
      "alt": "",
      "src": "course/en/assets/c5ee47a1a79ee4e989b5d26e2b71c7e1892d1e7d.jpg"
    },
    "_parentId": "course",
    "_type": "page",
    "_isAvailable": true,
    "_isOptional": false,
    "_lockedBy": [],
    "duration": "",
    "linkText": "View",
    "_classes": "",
    "body": "<p dir=\"ltr\">The use of visual deception can create intrigue, but it can also&nbsp;be used to mislead. A modern data scientist should be able to choose deception techniques that engage and inform, and avoid those which intentionally mislead.</p>",
    "displayTitle": "10. Visual deception",
    "title": "10. Visual deception",
    "_skillsFramework": {
      "_skills": [
        {
          "level": "strategist",
          "credits": 10,
          "outcome": "Identify a number of deception techniques in visulisations"
        }
      ]
    },
    "_trackingHub": {
      "_pageID": ""
    },
    "_pageLevelProgress": {
      "_isEnabled": true,
      "_showPageCompletion": true
    }
  },
  {
    "_id": "59301c64d084d5167a04ec34",
    "_graphic": {
      "alt": "",
      "src": "course/en/assets/60f5321e92f1c6ea08493dd85e5da0f6b47e654b.jpg"
    },
    "_parentId": "course",
    "_type": "page",
    "_isAvailable": true,
    "_isOptional": false,
    "_lockedBy": [],
    "duration": "",
    "linkText": "View",
    "_classes": "",
    "body": "<p dir=\"ltr\">A modern data scientist is expected to be a catalyst for change in an organisation. This requires not only performing complex data manipulation, but also being able to present the outcomes to senior level decision-makers. This means creating a memorable story which not only requires an effective visualisation but an engaging narrative.</p>",
    "displayTitle": "11. Narrating your story",
    "title": "11. Narrating your story",
    "_skillsFramework": {
      "_skills": [
        {
          "level": "explorer",
          "credits": 5,
          "outcome": "List the steps writing a narrative"
        },
        {
          "level": "strategist",
          "credits": 5,
          "outcome": "Write effective headlines"
        },
        {
          "level": "strategist",
          "credits": 5,
          "outcome": "Identify techniques to help share your story"
        }
      ]
    },
    "_trackingHub": {
      "_pageID": ""
    },
    "_pageLevelProgress": {
      "_isEnabled": true,
      "_showPageCompletion": true
    }
  }
]