[
  {
    "_id": "5955046fd084d5167a050937",
    "_parentId": "5955046fd084d5167a050901",
    "_type": "block",
    "_isAvailable": true,
    "_isOptional": false,
    "_trackingId": 1,
    "_classes": "color-two",
    "body": "",
    "displayTitle": "",
    "title": " "
  },
  {
    "_id": "59550470d084d5167a050945",
    "_parentId": "5955046fd084d5167a050903",
    "_type": "block",
    "_isAvailable": true,
    "_isOptional": false,
    "_trackingId": 2,
    "_classes": "color-one",
    "body": "",
    "displayTitle": " ",
    "title": " "
  },
  {
    "_id": "59550470d084d5167a050948",
    "_parentId": "5955046fd084d5167a050904",
    "_type": "block",
    "_isAvailable": true,
    "_isOptional": false,
    "_trackingId": 3,
    "_classes": "inverted footer summary",
    "body": "",
    "displayTitle": " ",
    "title": " "
  },
  {
    "_id": "5955046fd084d5167a050938",
    "_parentId": "5955046fd084d5167a050901",
    "_type": "block",
    "_isAvailable": true,
    "_isOptional": false,
    "_trackingId": 4,
    "_classes": "inverted color-two",
    "body": "",
    "displayTitle": " ",
    "title": " "
  },
  {
    "_id": "59550470d084d5167a050946",
    "_parentId": "5955046fd084d5167a050903",
    "_type": "block",
    "_isAvailable": true,
    "_isOptional": false,
    "_trackingId": 5,
    "_classes": "inverted color-one",
    "body": "",
    "displayTitle": " ",
    "title": " "
  },
  {
    "_id": "5955046fd084d5167a05093a",
    "_parentId": "5955046fd084d5167a050901",
    "_type": "block",
    "_isAvailable": true,
    "_isOptional": false,
    "_trackingId": 6,
    "_classes": "color-two",
    "body": "",
    "displayTitle": " ",
    "title": " "
  },
  {
    "_id": "59550470d084d5167a050947",
    "_parentId": "5955046fd084d5167a050903",
    "_type": "block",
    "_isAvailable": true,
    "_isOptional": false,
    "_trackingId": 7,
    "_classes": "color-one",
    "body": "",
    "displayTitle": " ",
    "title": " "
  },
  {
    "_id": "5955046fd084d5167a050939",
    "_parentId": "5955046fd084d5167a050901",
    "_type": "block",
    "_isAvailable": true,
    "_isOptional": false,
    "_trackingId": 8,
    "_classes": "inverted color-two",
    "body": "",
    "displayTitle": " ",
    "title": " "
  },
  {
    "_id": "59550470d084d5167a05093b",
    "_parentId": "5955046fd084d5167a050901",
    "_type": "block",
    "_isAvailable": true,
    "_isOptional": false,
    "_trackingId": 9,
    "_classes": "color-two",
    "body": "",
    "displayTitle": " ",
    "title": " "
  },
  {
    "_id": "59550470d084d5167a05093f",
    "_parentId": "5955046fd084d5167a050901",
    "_type": "block",
    "_isAvailable": true,
    "_isOptional": false,
    "_trackingId": 10,
    "_classes": "inverted color-two",
    "body": "",
    "displayTitle": " ",
    "title": " "
  },
  {
    "_id": "59550470d084d5167a050940",
    "_parentId": "5955046fd084d5167a050901",
    "_type": "block",
    "_isAvailable": true,
    "_isOptional": false,
    "_trackingId": 11,
    "_classes": "color-two",
    "body": "",
    "displayTitle": " ",
    "title": " "
  },
  {
    "_id": "59550470d084d5167a050944",
    "_parentId": "5955046fd084d5167a050901",
    "_type": "block",
    "_isAvailable": true,
    "_isOptional": false,
    "_trackingId": 12,
    "_classes": "inverted color-one",
    "body": "",
    "displayTitle": " ",
    "title": " "
  }
]