[
  {
    "_id": "59400156d084d5167a04f918",
    "_parentId": "59400156d084d5167a04f915",
    "_type": "article",
    "_isAvailable": true,
    "_isOptional": false,
    "_classes": "",
    "body": "",
    "displayTitle": "",
    "title": " "
  },
  {
    "_id": "59400156d084d5167a04f91f",
    "_parentId": "59400156d084d5167a04f915",
    "_type": "article",
    "_isAvailable": true,
    "_isOptional": false,
    "_classes": "",
    "body": "",
    "displayTitle": " ",
    "title": " "
  },
  {
    "_id": "59400156d084d5167a04f91b",
    "_parentId": "59400156d084d5167a04f915",
    "_type": "article",
    "_isAvailable": true,
    "_isOptional": false,
    "_classes": "",
    "body": "",
    "displayTitle": " ",
    "title": " "
  }
]