[
  {
    "_id": "5891cb83b61c46e176e7ebc5",
    "_parentId": "5891cb83b61c46e176e7ebbc",
    "_type": "article",
    "_isAvailable": true,
    "_isOptional": false,
    "_classes": "",
    "body": "",
    "displayTitle": " ",
    "title": " "
  },
  {
    "_id": "5891cb83b61c46e176e7ebc1",
    "_parentId": "5891cb83b61c46e176e7ebb8",
    "_type": "article",
    "_isAvailable": true,
    "_isOptional": false,
    "_classes": "",
    "body": "",
    "displayTitle": " ",
    "title": " "
  },
  {
    "_id": "5891cb83b61c46e176e7ebc7",
    "_parentId": "5891cb83b61c46e176e7ebb6",
    "_type": "article",
    "_isAvailable": true,
    "_isOptional": false,
    "_classes": "",
    "body": "",
    "displayTitle": " ",
    "title": " "
  },
  {
    "_id": "5891cb83b61c46e176e7ebc2",
    "_parentId": "5891cb83b61c46e176e7ebbd",
    "_type": "article",
    "_isAvailable": true,
    "_isOptional": false,
    "_classes": "",
    "body": "",
    "displayTitle": " ",
    "title": " "
  },
  {
    "_id": "5891cb83b61c46e176e7ebc8",
    "_parentId": "5891cb83b61c46e176e7ebba",
    "_type": "article",
    "_isAvailable": true,
    "_isOptional": false,
    "_classes": "",
    "body": "",
    "displayTitle": " ",
    "title": " "
  },
  {
    "_id": "5891cb83b61c46e176e7ebc3",
    "_parentId": "5891cb83b61c46e176e7ebb5",
    "_type": "article",
    "_isAvailable": true,
    "_isOptional": false,
    "_classes": "",
    "body": "",
    "displayTitle": "  ",
    "title": "  "
  },
  {
    "_id": "5891cb83b61c46e176e7ebc9",
    "_parentId": "5891cb83b61c46e176e7ebb7",
    "_type": "article",
    "_isAvailable": true,
    "_isOptional": false,
    "_classes": "",
    "body": "",
    "displayTitle": " ",
    "title": " "
  },
  {
    "_id": "5891cb83b61c46e176e7ebc4",
    "_parentId": "5891cb83b61c46e176e7ebbe",
    "_type": "article",
    "_isAvailable": true,
    "_isOptional": false,
    "_classes": "",
    "body": "",
    "displayTitle": " ",
    "title": " "
  },
  {
    "_id": "5891cb83b61c46e176e7ebca",
    "_parentId": "5891cb83b61c46e176e7ebbf",
    "_type": "article",
    "_isAvailable": true,
    "_isOptional": false,
    "_classes": "",
    "body": "",
    "displayTitle": "    ",
    "title": "    "
  },
  {
    "_id": "5894b15efda9f5660ad84273",
    "_parentId": "5894b15efda9f5660ad8426f",
    "_type": "article",
    "_isAvailable": true,
    "_isOptional": false,
    "_classes": "",
    "body": "",
    "displayTitle": " ",
    "title": " "
  },
  {
    "_id": "5894b15efda9f5660ad84274",
    "_parentId": "5894b15efda9f5660ad84268",
    "_type": "article",
    "_isAvailable": true,
    "_isOptional": false,
    "_classes": "",
    "body": "",
    "displayTitle": " ",
    "title": " "
  },
  {
    "_id": "5894b15efda9f5660ad84276",
    "_parentId": "5894b15efda9f5660ad8426a",
    "_type": "article",
    "_isAvailable": true,
    "_isOptional": false,
    "_classes": "",
    "body": "",
    "displayTitle": " ",
    "title": " "
  },
  {
    "_id": "5894b15efda9f5660ad8427d",
    "_parentId": "5894b15efda9f5660ad8426e",
    "_type": "article",
    "_isAvailable": true,
    "_isOptional": false,
    "_classes": "",
    "body": "",
    "displayTitle": " ",
    "title": " "
  },
  {
    "_id": "589b213cfda9f5660ad845a9",
    "_parentId": "589b213cfda9f5660ad845a6",
    "_type": "article",
    "_isAvailable": true,
    "_isOptional": false,
    "_classes": "",
    "body": "",
    "displayTitle": "  ",
    "title": "  "
  }
]