[
  {
    "_id": "5891cb83b61c46e176e7ebf6",
    "_parentId": "5891cb83b61c46e176e7ebc4",
    "_type": "block",
    "_isAvailable": true,
    "_isOptional": false,
    "_trackingId": 1,
    "_classes": " color-three",
    "body": "",
    "displayTitle": " ",
    "title": " "
  },
  {
    "_id": "5891cb83b61c46e176e7ebfb",
    "_parentId": "5891cb83b61c46e176e7ebc3",
    "_type": "block",
    "_isAvailable": true,
    "_isOptional": false,
    "_trackingId": 2,
    "_classes": " inverted color-three",
    "body": "",
    "displayTitle": " ",
    "title": " "
  },
  {
    "_id": "5891cb83b61c46e176e7ec18",
    "_parentId": "5891cb83b61c46e176e7ebca",
    "_type": "block",
    "_isAvailable": true,
    "_isOptional": false,
    "_trackingId": 3,
    "_classes": "color-three",
    "body": "",
    "displayTitle": "  ",
    "title": "  "
  },
  {
    "_id": "5891cb83b61c46e176e7ec2f",
    "_parentId": "5891cb83b61c46e176e7ebc8",
    "_type": "block",
    "_isAvailable": true,
    "_isOptional": false,
    "_trackingId": 4,
    "_classes": "color-three",
    "body": "",
    "displayTitle": "  ",
    "title": "  "
  },
  {
    "_id": "5891cb83b61c46e176e7ec39",
    "_parentId": "5891cb83b61c46e176e7ebc9",
    "_type": "block",
    "_isAvailable": true,
    "_isOptional": false,
    "_trackingId": 5,
    "_classes": "color-three",
    "body": "",
    "displayTitle": " ",
    "title": " "
  },
  {
    "_id": "5891cb83b61c46e176e7ec25",
    "_parentId": "5891cb83b61c46e176e7ebc7",
    "_type": "block",
    "_isAvailable": true,
    "_isOptional": false,
    "_trackingId": 6,
    "_classes": "color-three",
    "body": "",
    "displayTitle": "  ",
    "title": "  "
  },
  {
    "_id": "5894b15efda9f5660ad84292",
    "_parentId": "5894b15efda9f5660ad84273",
    "_type": "block",
    "_isAvailable": true,
    "_isOptional": false,
    "_trackingId": 7,
    "_classes": "color-seven",
    "body": "",
    "displayTitle": " ",
    "title": " "
  },
  {
    "_id": "58d0e9d1d084d5167a04b31f",
    "_parentId": "58d0e9d1d084d5167a04b31e",
    "_type": "block",
    "_isAvailable": true,
    "_isOptional": false,
    "_trackingId": 8,
    "_classes": "color-one",
    "body": "",
    "displayTitle": "",
    "title": " "
  },
  {
    "_id": "58d0ed60d084d5167a04b39e",
    "_parentId": "58d0ed5fd084d5167a04b39c",
    "_type": "block",
    "_isAvailable": true,
    "_isOptional": false,
    "_trackingId": 9,
    "_classes": "color-five",
    "body": "",
    "displayTitle": "",
    "title": " "
  },
  {
    "_id": "58d0f1d1d084d5167a04b421",
    "_parentId": "58d0f1d1d084d5167a04b417",
    "_type": "block",
    "_isAvailable": true,
    "_isOptional": false,
    "_trackingId": 10,
    "_classes": "color-five",
    "body": "",
    "displayTitle": "",
    "title": " "
  },
  {
    "_id": "58d0f5f8d084d5167a04b47f",
    "_parentId": "58d0f5f8d084d5167a04b47e",
    "_type": "block",
    "_isAvailable": true,
    "_isOptional": false,
    "_trackingId": 11,
    "_classes": "color-one",
    "body": "",
    "displayTitle": "",
    "title": "  "
  },
  {
    "_id": "58d0f800d084d5167a04b4e9",
    "_parentId": "58d0f800d084d5167a04b4e8",
    "_type": "block",
    "_isAvailable": true,
    "_isOptional": false,
    "_trackingId": 12,
    "_classes": "color-seven",
    "body": "",
    "displayTitle": "",
    "title": " "
  },
  {
    "_id": "58d0fb92d084d5167a04b630",
    "_parentId": "58d0fb92d084d5167a04b62f",
    "_type": "block",
    "_isAvailable": true,
    "_isOptional": false,
    "_trackingId": 13,
    "_classes": "color-six",
    "body": "",
    "displayTitle": "",
    "title": " "
  },
  {
    "_id": "58d10222d084d5167a04b670",
    "_parentId": "58d10222d084d5167a04b66f",
    "_type": "block",
    "_isAvailable": true,
    "_isOptional": false,
    "_trackingId": 14,
    "_classes": "color-one",
    "body": "",
    "displayTitle": "",
    "title": " "
  },
  {
    "_id": "58d103ecd084d5167a04b6c8",
    "_parentId": "58d103ecd084d5167a04b6c7",
    "_type": "block",
    "_isAvailable": true,
    "_isOptional": false,
    "_trackingId": 15,
    "_classes": "color-seven",
    "body": "",
    "displayTitle": "",
    "title": " "
  },
  {
    "_id": "58d1055fd084d5167a04b770",
    "_parentId": "58d1055fd084d5167a04b76f",
    "_type": "block",
    "_isAvailable": true,
    "_isOptional": false,
    "_trackingId": 16,
    "_classes": "color-five",
    "body": "",
    "displayTitle": "",
    "title": " "
  },
  {
    "_id": "58d1066dd084d5167a04b80a",
    "_parentId": "58d1066dd084d5167a04b809",
    "_type": "block",
    "_isAvailable": true,
    "_isOptional": false,
    "_trackingId": 17,
    "_classes": "color-seven",
    "body": "",
    "displayTitle": "",
    "title": " "
  },
  {
    "_id": "58d1076ed084d5167a04b86e",
    "_parentId": "58d1076ed084d5167a04b86b",
    "_type": "block",
    "_isAvailable": true,
    "_isOptional": false,
    "_trackingId": 18,
    "_classes": "color-six",
    "body": "",
    "displayTitle": "",
    "title": " "
  },
  {
    "_id": "58d1087ad084d5167a04b8bb",
    "_parentId": "58d1087ad084d5167a04b8b1",
    "_type": "block",
    "_isAvailable": true,
    "_isOptional": false,
    "_trackingId": 19,
    "_classes": "color-one",
    "body": "",
    "displayTitle": "",
    "title": " "
  },
  {
    "_id": "58d109f2d084d5167a04b946",
    "_parentId": "58d109f2d084d5167a04b945",
    "_type": "block",
    "_isAvailable": true,
    "_isOptional": false,
    "_trackingId": 20,
    "_classes": "color-nine",
    "body": "",
    "displayTitle": "",
    "title": " "
  },
  {
    "_id": "58d0ebb5d084d5167a04b365",
    "_parentId": "58d0ebb5d084d5167a04b361",
    "_type": "block",
    "_isAvailable": true,
    "_isOptional": false,
    "_trackingId": 21,
    "_classes": "color-three",
    "body": "",
    "displayTitle": " ",
    "title": " "
  },
  {
    "_id": "5891cb83b61c46e176e7ebd8",
    "_parentId": "5891cb83b61c46e176e7ebc1",
    "_type": "block",
    "_isAvailable": true,
    "_isOptional": false,
    "_trackingId": 22,
    "_classes": " inverted color-three ",
    "body": "",
    "displayTitle": " ",
    "title": " "
  },
  {
    "_id": "5891cb83b61c46e176e7ebf1",
    "_parentId": "5891cb83b61c46e176e7ebc2",
    "_type": "block",
    "_isAvailable": true,
    "_isOptional": false,
    "_trackingId": 23,
    "_classes": "inverted color-three ",
    "body": "",
    "displayTitle": " ",
    "title": " "
  },
  {
    "_id": "5891cb83b61c46e176e7ebfc",
    "_parentId": "5891cb83b61c46e176e7ebc3",
    "_type": "block",
    "_isAvailable": true,
    "_isOptional": false,
    "_trackingId": 24,
    "_classes": "color-three",
    "body": "",
    "displayTitle": " ",
    "title": " "
  },
  {
    "_id": "5891cb83b61c46e176e7ec05",
    "_parentId": "5891cb83b61c46e176e7ebc5",
    "_type": "block",
    "_isAvailable": true,
    "_isOptional": false,
    "_trackingId": 25,
    "_classes": "inverted color-three",
    "body": "",
    "displayTitle": " ",
    "title": " "
  },
  {
    "_id": "5891cb83b61c46e176e7ec26",
    "_parentId": "5891cb83b61c46e176e7ebc7",
    "_type": "block",
    "_isAvailable": true,
    "_isOptional": false,
    "_trackingId": 26,
    "_classes": "inverted color-three",
    "body": "",
    "displayTitle": "  ",
    "title": "  "
  },
  {
    "_id": "5891cb83b61c46e176e7ec3a",
    "_parentId": "5891cb83b61c46e176e7ebc9",
    "_type": "block",
    "_isAvailable": true,
    "_isOptional": false,
    "_trackingId": 27,
    "_classes": "inverted color-three",
    "body": "",
    "displayTitle": " ",
    "title": " "
  },
  {
    "_id": "5894b15efda9f5660ad84291",
    "_parentId": "58d0e9e1d084d5167a04b35e",
    "_type": "block",
    "_isAvailable": true,
    "_isOptional": false,
    "_trackingId": 28,
    "_classes": "inverted footer",
    "body": "",
    "displayTitle": " ",
    "title": " "
  },
  {
    "_id": "5894b15efda9f5660ad842a4",
    "_parentId": "58d0ebbdd084d5167a04b399",
    "_type": "block",
    "_isAvailable": true,
    "_isOptional": false,
    "_trackingId": 29,
    "_classes": "inverted footer",
    "body": "",
    "displayTitle": " ",
    "title": " "
  },
  {
    "_id": "5894b15efda9f5660ad842b9",
    "_parentId": "5894b15efda9f5660ad84276",
    "_type": "block",
    "_isAvailable": true,
    "_isOptional": false,
    "_trackingId": 30,
    "_classes": "inverted color-three",
    "body": "",
    "displayTitle": " ",
    "title": " "
  },
  {
    "_id": "589c8d07fda9f5660ad84a4a",
    "_parentId": "5894b15efda9f5660ad84274",
    "_type": "block",
    "_isAvailable": true,
    "_isOptional": false,
    "_trackingId": 31,
    "_classes": "inverted color-three",
    "body": "",
    "displayTitle": " ",
    "title": " "
  },
  {
    "_id": "5894b15efda9f5660ad842e6",
    "_parentId": "5894b15efda9f5660ad8427d",
    "_type": "block",
    "_isAvailable": true,
    "_isOptional": false,
    "_trackingId": 32,
    "_classes": "color-three",
    "body": "",
    "displayTitle": " ",
    "title": " "
  },
  {
    "_id": "58d0ebb5d084d5167a04b368",
    "_parentId": "58d0ebb5d084d5167a04b361",
    "_type": "block",
    "_isAvailable": true,
    "_isOptional": false,
    "_trackingId": 33,
    "_classes": "inverted color-three",
    "body": "",
    "displayTitle": " ",
    "title": " "
  },
  {
    "_id": "58d0f1d1d084d5167a04b418",
    "_parentId": "58d0f1d1d084d5167a04b417",
    "_type": "block",
    "_isAvailable": true,
    "_isOptional": false,
    "_trackingId": 34,
    "_classes": "inverted color-five",
    "body": "",
    "displayTitle": " ",
    "title": " "
  },
  {
    "_id": "58d0f5f9d084d5167a04b487",
    "_parentId": "58d0f5f8d084d5167a04b47e",
    "_type": "block",
    "_isAvailable": true,
    "_isOptional": false,
    "_trackingId": 35,
    "_classes": "inverted color-one",
    "body": "",
    "displayTitle": "  ",
    "title": "  "
  },
  {
    "_id": "58d0f6ead084d5167a04b4dc",
    "_parentId": "58d0f6e4d084d5167a04b4d9",
    "_type": "block",
    "_isAvailable": true,
    "_isOptional": false,
    "_trackingId": 36,
    "_classes": "inverted footer ",
    "body": "",
    "displayTitle": "  ",
    "title": "  "
  },
  {
    "_id": "58d0f800d084d5167a04b4ea",
    "_parentId": "58d0f800d084d5167a04b4e8",
    "_type": "block",
    "_isAvailable": true,
    "_isOptional": false,
    "_trackingId": 37,
    "_classes": "inverted color-seven",
    "body": "",
    "displayTitle": " ",
    "title": " "
  },
  {
    "_id": "58d0f8f7d084d5167a04b5f3",
    "_parentId": "58d0f8f1d084d5167a04b5f0",
    "_type": "block",
    "_isAvailable": true,
    "_isOptional": false,
    "_trackingId": 38,
    "_classes": "footer inverted",
    "body": "",
    "displayTitle": " ",
    "title": " "
  },
  {
    "_id": "58d0fb92d084d5167a04b631",
    "_parentId": "58d0fb92d084d5167a04b62f",
    "_type": "block",
    "_isAvailable": true,
    "_isOptional": false,
    "_trackingId": 39,
    "_classes": "inverted color-six",
    "body": "",
    "displayTitle": "  ",
    "title": "  "
  },
  {
    "_id": "58d0fbe5d084d5167a04b669",
    "_parentId": "58d0fbdfd084d5167a04b666",
    "_type": "block",
    "_isAvailable": true,
    "_isOptional": false,
    "_trackingId": 40,
    "_classes": "inverted footer",
    "body": "",
    "displayTitle": "  ",
    "title": "  "
  },
  {
    "_id": "58d10222d084d5167a04b671",
    "_parentId": "58d10222d084d5167a04b66f",
    "_type": "block",
    "_isAvailable": true,
    "_isOptional": false,
    "_trackingId": 41,
    "_classes": "inverted color-one",
    "body": "",
    "displayTitle": " ",
    "title": " "
  },
  {
    "_id": "58d10231d084d5167a04b6ad",
    "_parentId": "58d1022cd084d5167a04b6aa",
    "_type": "block",
    "_isAvailable": true,
    "_isOptional": false,
    "_trackingId": 42,
    "_classes": "inverted footer",
    "body": "",
    "displayTitle": " ",
    "title": " "
  },
  {
    "_id": "58d103ecd084d5167a04b6c9",
    "_parentId": "58d103ecd084d5167a04b6c7",
    "_type": "block",
    "_isAvailable": true,
    "_isOptional": false,
    "_trackingId": 43,
    "_classes": "inverted color-seven",
    "body": "",
    "displayTitle": " ",
    "title": " "
  },
  {
    "_id": "58d1041ed084d5167a04b75b",
    "_parentId": "58d10412d084d5167a04b758",
    "_type": "block",
    "_isAvailable": true,
    "_isOptional": false,
    "_trackingId": 44,
    "_classes": "inverted footer",
    "body": "",
    "displayTitle": " ",
    "title": " "
  },
  {
    "_id": "58d10560d084d5167a04b771",
    "_parentId": "58d1055fd084d5167a04b76f",
    "_type": "block",
    "_isAvailable": true,
    "_isOptional": false,
    "_trackingId": 45,
    "_classes": "inverted color-five",
    "body": "",
    "displayTitle": "  ",
    "title": "  "
  },
  {
    "_id": "58d1056cd084d5167a04b7d4",
    "_parentId": "58d10565d084d5167a04b7d1",
    "_type": "block",
    "_isAvailable": true,
    "_isOptional": false,
    "_trackingId": 46,
    "_classes": "inverted footer",
    "body": "",
    "displayTitle": "  ",
    "title": "  "
  },
  {
    "_id": "58d1066dd084d5167a04b80b",
    "_parentId": "58d1066dd084d5167a04b809",
    "_type": "block",
    "_isAvailable": true,
    "_isOptional": false,
    "_trackingId": 47,
    "_classes": "inverted color-seven",
    "body": "",
    "displayTitle": " ",
    "title": " "
  },
  {
    "_id": "58d10679d084d5167a04b862",
    "_parentId": "58d10673d084d5167a04b85f",
    "_type": "block",
    "_isAvailable": true,
    "_isOptional": false,
    "_trackingId": 48,
    "_classes": "footer inverted",
    "body": "",
    "displayTitle": " ",
    "title": " "
  },
  {
    "_id": "58d1076ed084d5167a04b86f",
    "_parentId": "58d1076ed084d5167a04b86b",
    "_type": "block",
    "_isAvailable": true,
    "_isOptional": false,
    "_trackingId": 49,
    "_classes": "inverted color-six",
    "body": "",
    "displayTitle": " ",
    "title": " "
  },
  {
    "_id": "58d10779d084d5167a04b8aa",
    "_parentId": "58d10774d084d5167a04b8a7",
    "_type": "block",
    "_isAvailable": true,
    "_isOptional": false,
    "_trackingId": 50,
    "_classes": "inverted footer",
    "body": "",
    "displayTitle": " ",
    "title": " "
  },
  {
    "_id": "58d1087ad084d5167a04b8b2",
    "_parentId": "58d1087ad084d5167a04b8b1",
    "_type": "block",
    "_isAvailable": true,
    "_isOptional": false,
    "_trackingId": 51,
    "_classes": "inverted color-one",
    "body": "",
    "displayTitle": " ",
    "title": " "
  },
  {
    "_id": "58d10887d084d5167a04b91c",
    "_parentId": "58d10882d084d5167a04b919",
    "_type": "block",
    "_isAvailable": true,
    "_isOptional": false,
    "_trackingId": 52,
    "_classes": "inverted footer",
    "body": "",
    "displayTitle": " ",
    "title": " "
  },
  {
    "_id": "58d109f2d084d5167a04b947",
    "_parentId": "58d109f2d084d5167a04b945",
    "_type": "block",
    "_isAvailable": true,
    "_isOptional": false,
    "_trackingId": 53,
    "_classes": "inverted color-nine",
    "body": "",
    "displayTitle": " ",
    "title": " "
  },
  {
    "_id": "58d10a00d084d5167a04b9d6",
    "_parentId": "58d109f9d084d5167a04b9d3",
    "_type": "block",
    "_isAvailable": true,
    "_isOptional": false,
    "_trackingId": 54,
    "_classes": "inverted footer  ",
    "body": "",
    "displayTitle": "  ",
    "title": "  "
  },
  {
    "_id": "589b213dfda9f5660ad845fe",
    "_parentId": "589b213cfda9f5660ad845a9",
    "_type": "block",
    "_isAvailable": true,
    "_isOptional": false,
    "_trackingId": 55,
    "_classes": "color-three",
    "body": "",
    "displayTitle": " ",
    "title": " "
  },
  {
    "_id": "5894b15efda9f5660ad8429b",
    "_parentId": "5894b15efda9f5660ad84273",
    "_type": "block",
    "_isAvailable": true,
    "_isOptional": false,
    "_trackingId": 56,
    "_classes": "inverted color-seven",
    "body": "",
    "displayTitle": " ",
    "title": " "
  },
  {
    "_id": "58d0e9d2d084d5167a04b323",
    "_parentId": "58d0e9d1d084d5167a04b31e",
    "_type": "block",
    "_isAvailable": true,
    "_isOptional": false,
    "_trackingId": 57,
    "_classes": "inverted color-one",
    "body": "",
    "displayTitle": " ",
    "title": " "
  },
  {
    "_id": "58d0ed60d084d5167a04b39f",
    "_parentId": "58d0ed5fd084d5167a04b39c",
    "_type": "block",
    "_isAvailable": true,
    "_isOptional": false,
    "_trackingId": 58,
    "_classes": "inverted color-five",
    "body": "",
    "displayTitle": " ",
    "title": " "
  },
  {
    "_id": "58d0ed8ad084d5167a04b3e1",
    "_parentId": "58d0ed80d084d5167a04b3de",
    "_type": "block",
    "_isAvailable": true,
    "_isOptional": false,
    "_trackingId": 59,
    "_classes": "inverted footer",
    "body": "",
    "displayTitle": " ",
    "title": " "
  },
  {
    "_id": "58d0f1ebd084d5167a04b472",
    "_parentId": "58d0f1e5d084d5167a04b46f",
    "_type": "block",
    "_isAvailable": true,
    "_isOptional": false,
    "_trackingId": 60,
    "_classes": "inverted footer",
    "body": "",
    "displayTitle": " ",
    "title": " "
  },
  {
    "_id": "5891cb83b61c46e176e7ebdc",
    "_parentId": "5891cb83b61c46e176e7ebc1",
    "_type": "block",
    "_isAvailable": true,
    "_isOptional": false,
    "_trackingId": 61,
    "_classes": "color-three ",
    "body": "",
    "displayTitle": " ",
    "title": " "
  },
  {
    "_id": "5891cb83b61c46e176e7ebf0",
    "_parentId": "5891cb83b61c46e176e7ebc2",
    "_type": "block",
    "_isAvailable": true,
    "_isOptional": false,
    "_trackingId": 62,
    "_classes": " color-three",
    "body": "",
    "displayTitle": " ",
    "title": " "
  },
  {
    "_id": "5891cb83b61c46e176e7ebf7",
    "_parentId": "5891cb83b61c46e176e7ebc4",
    "_type": "block",
    "_isAvailable": true,
    "_isOptional": false,
    "_trackingId": 63,
    "_classes": "inverted color-three",
    "body": "",
    "displayTitle": " ",
    "title": " "
  },
  {
    "_id": "5891cb83b61c46e176e7ebfd",
    "_parentId": "5891cb83b61c46e176e7ebc3",
    "_type": "block",
    "_isAvailable": true,
    "_isOptional": false,
    "_trackingId": 64,
    "_classes": "inverted color-three",
    "body": "",
    "displayTitle": " ",
    "title": " "
  },
  {
    "_id": "5891cb83b61c46e176e7ec06",
    "_parentId": "5891cb83b61c46e176e7ebc5",
    "_type": "block",
    "_isAvailable": true,
    "_isOptional": false,
    "_trackingId": 65,
    "_classes": "color-three",
    "body": "",
    "displayTitle": " ",
    "title": " "
  },
  {
    "_id": "5891cb83b61c46e176e7ec19",
    "_parentId": "5891cb83b61c46e176e7ebca",
    "_type": "block",
    "_isAvailable": true,
    "_isOptional": false,
    "_trackingId": 66,
    "_classes": "inverted color-three",
    "body": "",
    "displayTitle": "  ",
    "title": "  "
  },
  {
    "_id": "5891cb83b61c46e176e7ec30",
    "_parentId": "5891cb83b61c46e176e7ebc8",
    "_type": "block",
    "_isAvailable": true,
    "_isOptional": false,
    "_trackingId": 67,
    "_classes": "inverted color-three",
    "body": "",
    "displayTitle": "  ",
    "title": "  "
  },
  {
    "_id": "5891cb83b61c46e176e7ec3b",
    "_parentId": "5891cb83b61c46e176e7ebc9",
    "_type": "block",
    "_isAvailable": true,
    "_isOptional": false,
    "_trackingId": 68,
    "_classes": "color-three",
    "body": "",
    "displayTitle": " ",
    "title": " "
  },
  {
    "_id": "5891cb83b61c46e176e7ec27",
    "_parentId": "5891cb83b61c46e176e7ebc7",
    "_type": "block",
    "_isAvailable": true,
    "_isOptional": false,
    "_trackingId": 69,
    "_classes": "color-three",
    "body": "",
    "displayTitle": "   ",
    "title": "   "
  },
  {
    "_id": "5894b15efda9f5660ad8428f",
    "_parentId": "5894b15efda9f5660ad84274",
    "_type": "block",
    "_isAvailable": true,
    "_isOptional": false,
    "_trackingId": 70,
    "_classes": "color-three",
    "body": "",
    "displayTitle": " ",
    "title": " "
  },
  {
    "_id": "5894b15efda9f5660ad8429c",
    "_parentId": "5894b15efda9f5660ad84273",
    "_type": "block",
    "_isAvailable": true,
    "_isOptional": false,
    "_trackingId": 71,
    "_classes": "color-seven",
    "body": "",
    "displayTitle": " ",
    "title": " "
  },
  {
    "_id": "5894b15efda9f5660ad842e7",
    "_parentId": "5894b15efda9f5660ad8427d",
    "_type": "block",
    "_isAvailable": true,
    "_isOptional": false,
    "_trackingId": 72,
    "_classes": "inverted color-three",
    "body": "",
    "displayTitle": " ",
    "title": " "
  },
  {
    "_id": "589b213dfda9f5660ad845c4",
    "_parentId": "589b213cfda9f5660ad845a9",
    "_type": "block",
    "_isAvailable": true,
    "_isOptional": false,
    "_trackingId": 73,
    "_classes": "color-three inverted",
    "body": "",
    "displayTitle": " ",
    "title": " "
  },
  {
    "_id": "5894b15efda9f5660ad842bb",
    "_parentId": "5894b15efda9f5660ad84276",
    "_type": "block",
    "_isAvailable": true,
    "_isOptional": false,
    "_trackingId": 74,
    "_classes": "color-three",
    "body": "",
    "displayTitle": " ",
    "title": " "
  },
  {
    "_id": "58d0ed60d084d5167a04b3a0",
    "_parentId": "58d0ed5fd084d5167a04b39c",
    "_type": "block",
    "_isAvailable": true,
    "_isOptional": false,
    "_trackingId": 75,
    "_classes": "color-five",
    "body": "",
    "displayTitle": " ",
    "title": " "
  },
  {
    "_id": "58d0f5f9d084d5167a04b481",
    "_parentId": "58d0f5f8d084d5167a04b47e",
    "_type": "block",
    "_isAvailable": true,
    "_isOptional": false,
    "_trackingId": 76,
    "_classes": " color-one",
    "body": "",
    "displayTitle": " ",
    "title": " "
  },
  {
    "_id": "58d0f800d084d5167a04b4eb",
    "_parentId": "58d0f800d084d5167a04b4e8",
    "_type": "block",
    "_isAvailable": true,
    "_isOptional": false,
    "_trackingId": 77,
    "_classes": "color-seven",
    "body": "",
    "displayTitle": " ",
    "title": " "
  },
  {
    "_id": "58d0fb92d084d5167a04b632",
    "_parentId": "58d0fb92d084d5167a04b62f",
    "_type": "block",
    "_isAvailable": true,
    "_isOptional": false,
    "_trackingId": 78,
    "_classes": "color-six",
    "body": "",
    "displayTitle": "  ",
    "title": "  "
  },
  {
    "_id": "58d10223d084d5167a04b677",
    "_parentId": "58d10222d084d5167a04b66f",
    "_type": "block",
    "_isAvailable": true,
    "_isOptional": false,
    "_trackingId": 79,
    "_classes": "color-one",
    "body": "",
    "displayTitle": " ",
    "title": " "
  },
  {
    "_id": "58d103ecd084d5167a04b6ca",
    "_parentId": "58d103ecd084d5167a04b6c7",
    "_type": "block",
    "_isAvailable": true,
    "_isOptional": false,
    "_trackingId": 80,
    "_classes": "color-seven",
    "body": "",
    "displayTitle": " ",
    "title": " "
  },
  {
    "_id": "58d10560d084d5167a04b772",
    "_parentId": "58d1055fd084d5167a04b76f",
    "_type": "block",
    "_isAvailable": true,
    "_isOptional": false,
    "_trackingId": 81,
    "_classes": "color-five",
    "body": "",
    "displayTitle": "  ",
    "title": "  "
  },
  {
    "_id": "58d1066dd084d5167a04b80c",
    "_parentId": "58d1066dd084d5167a04b809",
    "_type": "block",
    "_isAvailable": true,
    "_isOptional": false,
    "_trackingId": 82,
    "_classes": " color-seven",
    "body": "",
    "displayTitle": " ",
    "title": " "
  },
  {
    "_id": "58d1076ed084d5167a04b86c",
    "_parentId": "58d1076ed084d5167a04b86b",
    "_type": "block",
    "_isAvailable": true,
    "_isOptional": false,
    "_trackingId": 83,
    "_classes": " color-six",
    "body": "",
    "displayTitle": " ",
    "title": " "
  },
  {
    "_id": "58d1087ad084d5167a04b8b7",
    "_parentId": "58d1087ad084d5167a04b8b1",
    "_type": "block",
    "_isAvailable": true,
    "_isOptional": false,
    "_trackingId": 84,
    "_classes": "color-one",
    "body": "",
    "displayTitle": " ",
    "title": " "
  },
  {
    "_id": "58d109f2d084d5167a04b948",
    "_parentId": "58d109f2d084d5167a04b945",
    "_type": "block",
    "_isAvailable": true,
    "_isOptional": false,
    "_trackingId": 85,
    "_classes": "color-nine",
    "body": "",
    "displayTitle": "",
    "title": "  "
  },
  {
    "_id": "58d0e9d2d084d5167a04b324",
    "_parentId": "58d0e9d1d084d5167a04b31e",
    "_type": "block",
    "_isAvailable": true,
    "_isOptional": false,
    "_trackingId": 86,
    "_classes": "color-one",
    "body": "",
    "displayTitle": " ",
    "title": " "
  },
  {
    "_id": "58d0ebb5d084d5167a04b366",
    "_parentId": "58d0ebb5d084d5167a04b361",
    "_type": "block",
    "_isAvailable": true,
    "_isOptional": false,
    "_trackingId": 87,
    "_classes": "color-three",
    "body": "",
    "displayTitle": " ",
    "title": " "
  },
  {
    "_id": "58d0f1d1d084d5167a04b422",
    "_parentId": "58d0f1d1d084d5167a04b417",
    "_type": "block",
    "_isAvailable": true,
    "_isOptional": false,
    "_trackingId": 88,
    "_classes": "color-five",
    "body": "",
    "displayTitle": " ",
    "title": " "
  },
  {
    "_id": "5891cb83b61c46e176e7ebd9",
    "_parentId": "5891cb83b61c46e176e7ebc1",
    "_type": "block",
    "_isAvailable": true,
    "_isOptional": false,
    "_trackingId": 89,
    "_classes": "inverted color-three ",
    "body": "",
    "displayTitle": " ",
    "title": " "
  },
  {
    "_id": "5891cb83b61c46e176e7ebef",
    "_parentId": "5891cb83b61c46e176e7ebc2",
    "_type": "block",
    "_isAvailable": true,
    "_isOptional": false,
    "_trackingId": 90,
    "_classes": "inverted color-three",
    "body": "",
    "displayTitle": " ",
    "title": " "
  },
  {
    "_id": "5891cb83b61c46e176e7ebf8",
    "_parentId": "5891cb83b61c46e176e7ebc4",
    "_type": "block",
    "_isAvailable": true,
    "_isOptional": false,
    "_trackingId": 91,
    "_classes": " color-three",
    "body": "",
    "displayTitle": " ",
    "title": " "
  },
  {
    "_id": "5891cb83b61c46e176e7ec07",
    "_parentId": "5891cb83b61c46e176e7ebc5",
    "_type": "block",
    "_isAvailable": true,
    "_isOptional": false,
    "_trackingId": 92,
    "_classes": "inverted color-three",
    "body": "",
    "displayTitle": " ",
    "title": " "
  },
  {
    "_id": "5891cb83b61c46e176e7ec1a",
    "_parentId": "5891cb83b61c46e176e7ebca",
    "_type": "block",
    "_isAvailable": true,
    "_isOptional": false,
    "_trackingId": 93,
    "_classes": "color-three",
    "body": "",
    "displayTitle": "  ",
    "title": "  "
  },
  {
    "_id": "5891cb83b61c46e176e7ec28",
    "_parentId": "5891cb83b61c46e176e7ebc7",
    "_type": "block",
    "_isAvailable": true,
    "_isOptional": false,
    "_trackingId": 94,
    "_classes": "inverted color-three",
    "body": "",
    "displayTitle": "  ",
    "title": "  "
  },
  {
    "_id": "5891cb83b61c46e176e7ec31",
    "_parentId": "5891cb83b61c46e176e7ebc8",
    "_type": "block",
    "_isAvailable": true,
    "_isOptional": false,
    "_trackingId": 95,
    "_classes": "color-three",
    "body": "",
    "displayTitle": "  ",
    "title": "  "
  },
  {
    "_id": "5891cb83b61c46e176e7ec3c",
    "_parentId": "5891cb83b61c46e176e7ebc9",
    "_type": "block",
    "_isAvailable": true,
    "_isOptional": false,
    "_trackingId": 96,
    "_classes": "inverted color-three",
    "body": "",
    "displayTitle": " ",
    "title": " "
  },
  {
    "_id": "589b213dfda9f5660ad845c5",
    "_parentId": "589b213cfda9f5660ad845a9",
    "_type": "block",
    "_isAvailable": true,
    "_isOptional": false,
    "_trackingId": 97,
    "_classes": "color-three",
    "body": "",
    "displayTitle": " ",
    "title": " "
  },
  {
    "_id": "5894b15efda9f5660ad8429d",
    "_parentId": "5894b15efda9f5660ad84273",
    "_type": "block",
    "_isAvailable": true,
    "_isOptional": false,
    "_trackingId": 98,
    "_classes": "inverted color-seven",
    "body": "",
    "displayTitle": " ",
    "title": " "
  },
  {
    "_id": "58bd80bbd084d5167a04ad82",
    "_parentId": "5894b15efda9f5660ad84276",
    "_type": "block",
    "_isAvailable": true,
    "_isOptional": false,
    "_trackingId": 99,
    "_classes": "inverted color-three",
    "body": "",
    "displayTitle": " ",
    "title": " "
  },
  {
    "_id": "58bd9794d084d5167a04adc5",
    "_parentId": "5894b15efda9f5660ad84274",
    "_type": "block",
    "_isAvailable": true,
    "_isOptional": false,
    "_trackingId": 100,
    "_classes": "inverted color-three",
    "body": "",
    "displayTitle": " ",
    "title": " "
  },
  {
    "_id": "5894b15efda9f5660ad842e8",
    "_parentId": "5894b15efda9f5660ad8427d",
    "_type": "block",
    "_isAvailable": true,
    "_isOptional": false,
    "_trackingId": 101,
    "_classes": "color-three",
    "body": "",
    "displayTitle": " ",
    "title": " "
  },
  {
    "_id": "58d0ebb5d084d5167a04b36b",
    "_parentId": "58d0ebb5d084d5167a04b361",
    "_type": "block",
    "_isAvailable": true,
    "_isOptional": false,
    "_trackingId": 102,
    "_classes": "inverted color-three",
    "body": "",
    "displayTitle": " ",
    "title": " "
  },
  {
    "_id": "58d0ed60d084d5167a04b3a7",
    "_parentId": "58d0ed5fd084d5167a04b39c",
    "_type": "block",
    "_isAvailable": true,
    "_isOptional": false,
    "_trackingId": 103,
    "_classes": "inverted color-five",
    "body": "",
    "displayTitle": " ",
    "title": " "
  },
  {
    "_id": "58d0f1d1d084d5167a04b419",
    "_parentId": "58d0f1d1d084d5167a04b417",
    "_type": "block",
    "_isAvailable": true,
    "_isOptional": false,
    "_trackingId": 104,
    "_classes": "inverted color-five",
    "body": "",
    "displayTitle": " ",
    "title": " "
  },
  {
    "_id": "58d0f5f8d084d5167a04b480",
    "_parentId": "58d0f5f8d084d5167a04b47e",
    "_type": "block",
    "_isAvailable": true,
    "_isOptional": false,
    "_trackingId": 105,
    "_classes": "inverted color-one",
    "body": "",
    "displayTitle": "  ",
    "title": "  "
  },
  {
    "_id": "58d0fb92d084d5167a04b633",
    "_parentId": "58d0fb92d084d5167a04b62f",
    "_type": "block",
    "_isAvailable": true,
    "_isOptional": false,
    "_trackingId": 106,
    "_classes": "inverted color-six",
    "body": "",
    "displayTitle": "  ",
    "title": "  "
  },
  {
    "_id": "58d10222d084d5167a04b672",
    "_parentId": "58d10222d084d5167a04b66f",
    "_type": "block",
    "_isAvailable": true,
    "_isOptional": false,
    "_trackingId": 107,
    "_classes": "inverted color-one",
    "body": "",
    "displayTitle": " ",
    "title": " "
  },
  {
    "_id": "58d103ecd084d5167a04b6cb",
    "_parentId": "58d103ecd084d5167a04b6c7",
    "_type": "block",
    "_isAvailable": true,
    "_isOptional": false,
    "_trackingId": 108,
    "_classes": "inverted color-seven ",
    "body": "",
    "displayTitle": " ",
    "title": " "
  },
  {
    "_id": "58d10560d084d5167a04b773",
    "_parentId": "58d1055fd084d5167a04b76f",
    "_type": "block",
    "_isAvailable": true,
    "_isOptional": false,
    "_trackingId": 109,
    "_classes": "inverted color-five",
    "body": "",
    "displayTitle": "  ",
    "title": "  "
  },
  {
    "_id": "58d1066dd084d5167a04b80d",
    "_parentId": "58d1066dd084d5167a04b809",
    "_type": "block",
    "_isAvailable": true,
    "_isOptional": false,
    "_trackingId": 110,
    "_classes": "inverted color-seven",
    "body": "",
    "displayTitle": " ",
    "title": " "
  },
  {
    "_id": "58d108fcd084d5167a04b92c",
    "_parentId": "58d1087ad084d5167a04b8b1",
    "_type": "block",
    "_isAvailable": true,
    "_isOptional": false,
    "_trackingId": 111,
    "_classes": "inverted color-one",
    "body": "",
    "displayTitle": " ",
    "title": " "
  },
  {
    "_id": "58d109f2d084d5167a04b949",
    "_parentId": "58d109f2d084d5167a04b945",
    "_type": "block",
    "_isAvailable": true,
    "_isOptional": false,
    "_trackingId": 112,
    "_classes": "inverted color-nine",
    "body": "",
    "displayTitle": "  ",
    "title": "  "
  },
  {
    "_id": "58d0e9d2d084d5167a04b325",
    "_parentId": "58d0e9d1d084d5167a04b31e",
    "_type": "block",
    "_isAvailable": true,
    "_isOptional": false,
    "_trackingId": 113,
    "_classes": "inverted color-one",
    "body": "",
    "displayTitle": " ",
    "title": " "
  },
  {
    "_id": "58d0f800d084d5167a04b4ec",
    "_parentId": "58d0f800d084d5167a04b4e8",
    "_type": "block",
    "_isAvailable": true,
    "_isOptional": false,
    "_trackingId": 114,
    "_classes": "inverted color-seven",
    "body": "",
    "displayTitle": " ",
    "title": " "
  },
  {
    "_id": "58d1076ed084d5167a04b875",
    "_parentId": "58d1076ed084d5167a04b86b",
    "_type": "block",
    "_isAvailable": true,
    "_isOptional": false,
    "_trackingId": 115,
    "_classes": "inverted color-six",
    "body": "<p>Try the two games below to see how effective pop-out can be. All you have to do is find the odd one out as quickly as possible.</p>",
    "displayTitle": "How effective is pop out?",
    "title": "How effective is pop out?"
  },
  {
    "_id": "5891cb83b61c46e176e7ec08",
    "_parentId": "5891cb83b61c46e176e7ebc5",
    "_type": "block",
    "_isAvailable": true,
    "_isOptional": false,
    "_trackingId": 116,
    "_classes": "color-three",
    "body": "",
    "displayTitle": " ",
    "title": " "
  },
  {
    "_id": "5894b15efda9f5660ad8429e",
    "_parentId": "5894b15efda9f5660ad84273",
    "_type": "block",
    "_isAvailable": true,
    "_isOptional": false,
    "_trackingId": 117,
    "_classes": "color-seven",
    "body": "",
    "displayTitle": " ",
    "title": " "
  },
  {
    "_id": "5894b15efda9f5660ad842bc",
    "_parentId": "5894b15efda9f5660ad84276",
    "_type": "block",
    "_isAvailable": true,
    "_isOptional": false,
    "_trackingId": 118,
    "_classes": "color-three",
    "body": "",
    "displayTitle": " ",
    "title": " "
  },
  {
    "_id": "5894b15efda9f5660ad84290",
    "_parentId": "5894b15efda9f5660ad84274",
    "_type": "block",
    "_isAvailable": true,
    "_isOptional": false,
    "_trackingId": 119,
    "_classes": "color-three",
    "body": "",
    "displayTitle": " ",
    "title": " "
  },
  {
    "_id": "58d0ed60d084d5167a04b3a6",
    "_parentId": "58d0ed5fd084d5167a04b39c",
    "_type": "block",
    "_isAvailable": true,
    "_isOptional": false,
    "_trackingId": 120,
    "_classes": "color-five",
    "body": "",
    "displayTitle": " ",
    "title": " "
  },
  {
    "_id": "58d0f5f9d084d5167a04b482",
    "_parentId": "58d0f5f8d084d5167a04b47e",
    "_type": "block",
    "_isAvailable": true,
    "_isOptional": false,
    "_trackingId": 121,
    "_classes": "color-three section-banner",
    "body": "",
    "displayTitle": "  ",
    "title": "  "
  },
  {
    "_id": "58d0f800d084d5167a04b4ed",
    "_parentId": "58d0f800d084d5167a04b4e8",
    "_type": "block",
    "_isAvailable": true,
    "_isOptional": false,
    "_trackingId": 122,
    "_classes": "color-seven",
    "body": "",
    "displayTitle": " ",
    "title": " "
  },
  {
    "_id": "58d0fb92d084d5167a04b634",
    "_parentId": "58d0fb92d084d5167a04b62f",
    "_type": "block",
    "_isAvailable": true,
    "_isOptional": false,
    "_trackingId": 123,
    "_classes": "color-six",
    "body": "",
    "displayTitle": "  ",
    "title": "  "
  },
  {
    "_id": "58d10223d084d5167a04b678",
    "_parentId": "58d10222d084d5167a04b66f",
    "_type": "block",
    "_isAvailable": true,
    "_isOptional": false,
    "_trackingId": 124,
    "_classes": "color-one",
    "body": "",
    "displayTitle": " ",
    "title": " "
  },
  {
    "_id": "58d103ecd084d5167a04b6cc",
    "_parentId": "58d103ecd084d5167a04b6c7",
    "_type": "block",
    "_isAvailable": true,
    "_isOptional": false,
    "_trackingId": 125,
    "_classes": "color-seven",
    "body": "",
    "displayTitle": " ",
    "title": " "
  },
  {
    "_id": "58d10560d084d5167a04b774",
    "_parentId": "58d1055fd084d5167a04b76f",
    "_type": "block",
    "_isAvailable": true,
    "_isOptional": false,
    "_trackingId": 126,
    "_classes": "color-five",
    "body": "",
    "displayTitle": "  ",
    "title": "  "
  },
  {
    "_id": "58d1066dd084d5167a04b80e",
    "_parentId": "58d1066dd084d5167a04b809",
    "_type": "block",
    "_isAvailable": true,
    "_isOptional": false,
    "_trackingId": 127,
    "_classes": "section-banner color-three",
    "body": "",
    "displayTitle": " ",
    "title": " "
  },
  {
    "_id": "58d1076ed084d5167a04b86d",
    "_parentId": "58d1076ed084d5167a04b86b",
    "_type": "block",
    "_isAvailable": true,
    "_isOptional": false,
    "_trackingId": 128,
    "_classes": "color-six ",
    "body": "",
    "displayTitle": " ",
    "title": " "
  },
  {
    "_id": "58d1087ad084d5167a04b8ba",
    "_parentId": "58d1087ad084d5167a04b8b1",
    "_type": "block",
    "_isAvailable": true,
    "_isOptional": false,
    "_trackingId": 129,
    "_classes": "color-four ",
    "body": "",
    "displayTitle": " ",
    "title": " "
  },
  {
    "_id": "58d109f2d084d5167a04b94a",
    "_parentId": "58d109f2d084d5167a04b945",
    "_type": "block",
    "_isAvailable": true,
    "_isOptional": false,
    "_trackingId": 130,
    "_classes": "color-nine",
    "body": "",
    "displayTitle": " ",
    "title": " "
  },
  {
    "_id": "58d0e9d2d084d5167a04b329",
    "_parentId": "58d0e9d1d084d5167a04b31e",
    "_type": "block",
    "_isAvailable": true,
    "_isOptional": false,
    "_trackingId": 131,
    "_classes": "color-one",
    "body": "",
    "displayTitle": " ",
    "title": " "
  },
  {
    "_id": "5894b15efda9f5660ad8429f",
    "_parentId": "5894b15efda9f5660ad84273",
    "_type": "block",
    "_isAvailable": true,
    "_isOptional": false,
    "_trackingId": 132,
    "_classes": "section-banner inverted color-three",
    "body": "",
    "displayTitle": " ",
    "title": " "
  },
  {
    "_id": "58d0f800d084d5167a04b4ee",
    "_parentId": "58d0f800d084d5167a04b4e8",
    "_type": "block",
    "_isAvailable": true,
    "_isOptional": false,
    "_trackingId": 133,
    "_classes": "inverted color-three section-banner",
    "body": "",
    "displayTitle": " ",
    "title": " "
  },
  {
    "_id": "58d0fb92d084d5167a04b635",
    "_parentId": "58d0fb92d084d5167a04b62f",
    "_type": "block",
    "_isAvailable": true,
    "_isOptional": false,
    "_trackingId": 134,
    "_classes": "inverted color-three section-banner",
    "body": "",
    "displayTitle": "  ",
    "title": "  "
  },
  {
    "_id": "58d10302d084d5167a04b6b3",
    "_parentId": "58d10222d084d5167a04b66f",
    "_type": "block",
    "_isAvailable": true,
    "_isOptional": false,
    "_trackingId": 135,
    "_classes": "inverted color-one",
    "body": "",
    "displayTitle": " ",
    "title": " "
  },
  {
    "_id": "58d103ecd084d5167a04b6cd",
    "_parentId": "58d103ecd084d5167a04b6c7",
    "_type": "block",
    "_isAvailable": true,
    "_isOptional": false,
    "_trackingId": 136,
    "_classes": "inverted color-seven",
    "body": "",
    "displayTitle": " ",
    "title": " "
  },
  {
    "_id": "58d10560d084d5167a04b775",
    "_parentId": "58d1055fd084d5167a04b76f",
    "_type": "block",
    "_isAvailable": true,
    "_isOptional": false,
    "_trackingId": 137,
    "_classes": "inverted color-three ",
    "body": "",
    "displayTitle": "  ",
    "title": "  "
  },
  {
    "_id": "58d1076ed084d5167a04b870",
    "_parentId": "58d1076ed084d5167a04b86b",
    "_type": "block",
    "_isAvailable": true,
    "_isOptional": false,
    "_trackingId": 138,
    "_classes": "section-banner inverted color-three ",
    "body": "",
    "displayTitle": " ",
    "title": " "
  },
  {
    "_id": "58d10931d084d5167a04b933",
    "_parentId": "58d1087ad084d5167a04b8b1",
    "_type": "block",
    "_isAvailable": true,
    "_isOptional": false,
    "_trackingId": 139,
    "_classes": "inverted color-one ",
    "body": "",
    "displayTitle": " ",
    "title": " "
  },
  {
    "_id": "58d109f2d084d5167a04b94b",
    "_parentId": "58d109f2d084d5167a04b945",
    "_type": "block",
    "_isAvailable": true,
    "_isOptional": false,
    "_trackingId": 140,
    "_classes": "inverted color-nine",
    "body": "",
    "displayTitle": "  ",
    "title": "  "
  },
  {
    "_id": "58d0e9d2d084d5167a04b326",
    "_parentId": "58d0e9d1d084d5167a04b31e",
    "_type": "block",
    "_isAvailable": true,
    "_isOptional": false,
    "_trackingId": 141,
    "_classes": "inverted color-one",
    "body": "",
    "displayTitle": " ",
    "title": " "
  },
  {
    "_id": "58d0ed60d084d5167a04b3a1",
    "_parentId": "58d0ed5fd084d5167a04b39c",
    "_type": "block",
    "_isAvailable": true,
    "_isOptional": false,
    "_trackingId": 142,
    "_classes": "inverted color-five",
    "body": "",
    "displayTitle": " ",
    "title": " "
  },
  {
    "_id": "58d0f1d1d084d5167a04b41e",
    "_parentId": "58d0f1d1d084d5167a04b417",
    "_type": "block",
    "_isAvailable": true,
    "_isOptional": false,
    "_trackingId": 143,
    "_classes": "color-five",
    "body": "",
    "displayTitle": " ",
    "title": " "
  },
  {
    "_id": "58d0ee43d084d5167a04b3ef",
    "_parentId": "58d0ed5fd084d5167a04b39c",
    "_type": "block",
    "_isAvailable": true,
    "_isOptional": false,
    "_trackingId": 144,
    "_classes": "color-five",
    "body": "",
    "displayTitle": " ",
    "title": " "
  },
  {
    "_id": "58d0f1d1d084d5167a04b420",
    "_parentId": "58d0f1d1d084d5167a04b417",
    "_type": "block",
    "_isAvailable": true,
    "_isOptional": false,
    "_trackingId": 145,
    "_classes": "inverted color-five",
    "body": "",
    "displayTitle": " ",
    "title": " "
  },
  {
    "_id": "58d10223d084d5167a04b679",
    "_parentId": "58d10222d084d5167a04b66f",
    "_type": "block",
    "_isAvailable": true,
    "_isOptional": false,
    "_trackingId": 146,
    "_classes": "color-one",
    "body": "",
    "displayTitle": " ",
    "title": " "
  },
  {
    "_id": "58d103ecd084d5167a04b6ce",
    "_parentId": "58d103ecd084d5167a04b6c7",
    "_type": "block",
    "_isAvailable": true,
    "_isOptional": false,
    "_trackingId": 147,
    "_classes": "section-banner color-three",
    "body": "",
    "displayTitle": " ",
    "title": " "
  },
  {
    "_id": "58d109f2d084d5167a04b951",
    "_parentId": "58d109f2d084d5167a04b945",
    "_type": "block",
    "_isAvailable": true,
    "_isOptional": false,
    "_trackingId": 148,
    "_classes": "color-seven",
    "body": "",
    "displayTitle": " ",
    "title": " "
  },
  {
    "_id": "58d0e9d2d084d5167a04b320",
    "_parentId": "58d0e9d1d084d5167a04b31e",
    "_type": "block",
    "_isAvailable": true,
    "_isOptional": false,
    "_trackingId": 149,
    "_classes": "section-banner color-three",
    "body": "",
    "displayTitle": " ",
    "title": " "
  },
  {
    "_id": "58d0f299d084d5167a04b478",
    "_parentId": "58d0f1d1d084d5167a04b417",
    "_type": "block",
    "_isAvailable": true,
    "_isOptional": false,
    "_trackingId": 150,
    "_classes": "color-three section-banner",
    "body": "",
    "displayTitle": " ",
    "title": " "
  },
  {
    "_id": "58d1030fd084d5167a04b6b9",
    "_parentId": "58d10222d084d5167a04b66f",
    "_type": "block",
    "_isAvailable": true,
    "_isOptional": false,
    "_trackingId": 151,
    "_classes": "color-three inverted",
    "body": "",
    "displayTitle": " ",
    "title": " "
  },
  {
    "_id": "58d10951d084d5167a04b93f",
    "_parentId": "58d1087ad084d5167a04b8b1",
    "_type": "block",
    "_isAvailable": true,
    "_isOptional": false,
    "_trackingId": 152,
    "_classes": " color-three section-banner",
    "body": "",
    "displayTitle": " ",
    "title": " "
  },
  {
    "_id": "58d109f2d084d5167a04b94f",
    "_parentId": "58d109f2d084d5167a04b945",
    "_type": "block",
    "_isAvailable": true,
    "_isOptional": false,
    "_trackingId": 153,
    "_classes": "color-three section-banner inverted",
    "body": "",
    "displayTitle": "  ",
    "title": "  "
  },
  {
    "_id": "58d0ef4dd084d5167a04b405",
    "_parentId": "58d0ed5fd084d5167a04b39c",
    "_type": "block",
    "_isAvailable": true,
    "_isOptional": false,
    "_trackingId": 154,
    "_classes": "inverted color-three section-banner",
    "body": "",
    "displayTitle": " ",
    "title": " "
  }
]