[
  {
    "_id": "5891cb83b61c46e176e7ebcd",
    "_parentId": "5891cb83b61c46e176e7ebc5",
    "_type": "block",
    "_isAvailable": true,
    "_isOptional": false,
    "_trackingId": 1,
    "_classes": "color-four",
    "body": "",
    "displayTitle": "",
    "title": " "
  },
  {
    "_id": "5891cb83b61c46e176e7ebcf",
    "_parentId": "5891cb83b61c46e176e7ebc8",
    "_type": "block",
    "_isAvailable": true,
    "_isOptional": false,
    "_trackingId": 2,
    "_classes": "color-nine",
    "body": "",
    "displayTitle": "",
    "title": " "
  },
  {
    "_id": "5891cb83b61c46e176e7ebd0",
    "_parentId": "5891cb83b61c46e176e7ebca",
    "_type": "block",
    "_isAvailable": true,
    "_isOptional": false,
    "_trackingId": 3,
    "_classes": "color-nine",
    "body": "",
    "displayTitle": "",
    "title": " "
  },
  {
    "_id": "5891cb83b61c46e176e7ebde",
    "_parentId": "5891cb83b61c46e176e7ebc1",
    "_type": "block",
    "_isAvailable": true,
    "_isOptional": false,
    "_trackingId": 4,
    "_classes": "color-four",
    "body": "",
    "displayTitle": "",
    "title": " "
  },
  {
    "_id": "5891cb83b61c46e176e7ebe6",
    "_parentId": "5891cb83b61c46e176e7ebc2",
    "_type": "block",
    "_isAvailable": true,
    "_isOptional": false,
    "_trackingId": 5,
    "_classes": "color-five",
    "body": "",
    "displayTitle": "",
    "title": " "
  },
  {
    "_id": "5891cb83b61c46e176e7ebed",
    "_parentId": "5891cb83b61c46e176e7ebc3",
    "_type": "block",
    "_isAvailable": true,
    "_isOptional": false,
    "_trackingId": 6,
    "_classes": "",
    "body": "",
    "displayTitle": "",
    "title": "  "
  },
  {
    "_id": "5891cb83b61c46e176e7ebf3",
    "_parentId": "5891cb83b61c46e176e7ebc4",
    "_type": "block",
    "_isAvailable": true,
    "_isOptional": false,
    "_trackingId": 7,
    "_classes": "color-six",
    "body": "",
    "displayTitle": "",
    "title": " "
  },
  {
    "_id": "5891cb83b61c46e176e7ec13",
    "_parentId": "5891cb83b61c46e176e7ebc7",
    "_type": "block",
    "_isAvailable": true,
    "_isOptional": false,
    "_trackingId": 8,
    "_classes": "color-six",
    "body": "",
    "displayTitle": "",
    "title": " "
  },
  {
    "_id": "5891cb83b61c46e176e7ec33",
    "_parentId": "5891cb83b61c46e176e7ebc9",
    "_type": "block",
    "_isAvailable": true,
    "_isOptional": false,
    "_trackingId": 9,
    "_classes": "color-six",
    "body": "",
    "displayTitle": "",
    "title": " "
  },
  {
    "_id": "5894b15efda9f5660ad84287",
    "_parentId": "5894b15efda9f5660ad84274",
    "_type": "block",
    "_isAvailable": true,
    "_isOptional": false,
    "_trackingId": 10,
    "_classes": "color-three",
    "body": "",
    "displayTitle": "",
    "title": " "
  },
  {
    "_id": "5894b15efda9f5660ad842b3",
    "_parentId": "5894b15efda9f5660ad84276",
    "_type": "block",
    "_isAvailable": true,
    "_isOptional": false,
    "_trackingId": 11,
    "_classes": "",
    "body": "",
    "displayTitle": "",
    "title": " "
  },
  {
    "_id": "5894b15efda9f5660ad842de",
    "_parentId": "5894b15efda9f5660ad8427d",
    "_type": "block",
    "_isAvailable": true,
    "_isOptional": false,
    "_trackingId": 12,
    "_classes": "",
    "body": "",
    "displayTitle": "",
    "title": " "
  },
  {
    "_id": "589b213dfda9f5660ad845b5",
    "_parentId": "589b213cfda9f5660ad845a9",
    "_type": "block",
    "_isAvailable": true,
    "_isOptional": false,
    "_trackingId": 13,
    "_classes": "color-five",
    "body": "",
    "displayTitle": "",
    "title": " "
  },
  {
    "_id": "5894b15efda9f5660ad84292",
    "_parentId": "5894b15efda9f5660ad84273",
    "_type": "block",
    "_isAvailable": true,
    "_isOptional": false,
    "_trackingId": 14,
    "_classes": "color-one",
    "body": "",
    "displayTitle": " ",
    "title": " "
  },
  {
    "_id": "5891cb83b61c46e176e7ebd1",
    "_parentId": "5891cb83b61c46e176e7ebca",
    "_type": "block",
    "_isAvailable": true,
    "_isOptional": false,
    "_trackingId": 15,
    "_classes": "inverted color-nine",
    "body": "",
    "displayTitle": " ",
    "title": " "
  },
  {
    "_id": "5891cb83b61c46e176e7ebd2",
    "_parentId": "5891cb83b61c46e176e7ebc1",
    "_type": "block",
    "_isAvailable": true,
    "_isOptional": false,
    "_trackingId": 16,
    "_classes": "inverted color-four",
    "body": "",
    "displayTitle": " ",
    "title": " "
  },
  {
    "_id": "5891cb83b61c46e176e7ebe7",
    "_parentId": "5891cb83b61c46e176e7ebc2",
    "_type": "block",
    "_isAvailable": true,
    "_isOptional": false,
    "_trackingId": 17,
    "_classes": "inverted color-five",
    "body": "",
    "displayTitle": " ",
    "title": " "
  },
  {
    "_id": "5891cb83b61c46e176e7ebf4",
    "_parentId": "5891cb83b61c46e176e7ebc4",
    "_type": "block",
    "_isAvailable": true,
    "_isOptional": false,
    "_trackingId": 18,
    "_classes": "inverted color-six",
    "body": "",
    "displayTitle": " ",
    "title": " "
  },
  {
    "_id": "5891cb83b61c46e176e7ebff",
    "_parentId": "5891cb83b61c46e176e7ebc5",
    "_type": "block",
    "_isAvailable": true,
    "_isOptional": false,
    "_trackingId": 19,
    "_classes": "inverted color-four",
    "body": "",
    "displayTitle": " ",
    "title": " "
  },
  {
    "_id": "5891cb83b61c46e176e7ec1f",
    "_parentId": "5891cb83b61c46e176e7ebc3",
    "_type": "block",
    "_isAvailable": true,
    "_isOptional": false,
    "_trackingId": 20,
    "_classes": "inverted color-four",
    "body": "",
    "displayTitle": "  ",
    "title": "  "
  },
  {
    "_id": "5891cb83b61c46e176e7ec20",
    "_parentId": "5891cb83b61c46e176e7ebc7",
    "_type": "block",
    "_isAvailable": true,
    "_isOptional": false,
    "_trackingId": 21,
    "_classes": "inverted color-six",
    "body": "",
    "displayTitle": "  ",
    "title": "  "
  },
  {
    "_id": "5891cb83b61c46e176e7ec2a",
    "_parentId": "5891cb83b61c46e176e7ebc8",
    "_type": "block",
    "_isAvailable": true,
    "_isOptional": false,
    "_trackingId": 22,
    "_classes": "inverted color-nine",
    "body": "",
    "displayTitle": "  ",
    "title": "  "
  },
  {
    "_id": "5891cb83b61c46e176e7ec34",
    "_parentId": "5891cb83b61c46e176e7ebc9",
    "_type": "block",
    "_isAvailable": true,
    "_isOptional": false,
    "_trackingId": 23,
    "_classes": "inverted color-five",
    "body": "",
    "displayTitle": " ",
    "title": " "
  },
  {
    "_id": "5894b15efda9f5660ad842b4",
    "_parentId": "5894b15efda9f5660ad84276",
    "_type": "block",
    "_isAvailable": true,
    "_isOptional": false,
    "_trackingId": 24,
    "_classes": "inverted color-ten",
    "body": "",
    "displayTitle": " ",
    "title": " "
  },
  {
    "_id": "5894b15efda9f5660ad842df",
    "_parentId": "5894b15efda9f5660ad8427d",
    "_type": "block",
    "_isAvailable": true,
    "_isOptional": false,
    "_trackingId": 25,
    "_classes": "inverted color-one",
    "body": "",
    "displayTitle": " ",
    "title": " "
  },
  {
    "_id": "5898841afda9f5660ad8453e",
    "_parentId": "5894b15efda9f5660ad84274",
    "_type": "block",
    "_isAvailable": true,
    "_isOptional": false,
    "_trackingId": 26,
    "_classes": "inverted color-three",
    "body": "",
    "displayTitle": " ",
    "title": " "
  },
  {
    "_id": "589b213dfda9f5660ad845b6",
    "_parentId": "589b213cfda9f5660ad845a9",
    "_type": "block",
    "_isAvailable": true,
    "_isOptional": false,
    "_trackingId": 27,
    "_classes": "inverted color-five",
    "body": "",
    "displayTitle": " ",
    "title": " "
  },
  {
    "_id": "5894b15efda9f5660ad8429b",
    "_parentId": "5894b15efda9f5660ad84273",
    "_type": "block",
    "_isAvailable": true,
    "_isOptional": false,
    "_trackingId": 28,
    "_classes": "inverted color-one",
    "body": "",
    "displayTitle": " ",
    "title": " "
  },
  {
    "_id": "5891cb83b61c46e176e7ebcb",
    "_parentId": "5891cb83b61c46e176e7ebc4",
    "_type": "block",
    "_isAvailable": true,
    "_isOptional": false,
    "_trackingId": 29,
    "_classes": " color-six",
    "body": "",
    "displayTitle": " ",
    "title": " "
  },
  {
    "_id": "5891cb83b61c46e176e7ebda",
    "_parentId": "5891cb83b61c46e176e7ebc1",
    "_type": "block",
    "_isAvailable": true,
    "_isOptional": false,
    "_trackingId": 30,
    "_classes": "color-four",
    "body": "",
    "displayTitle": " ",
    "title": " "
  },
  {
    "_id": "5891cb83b61c46e176e7ebe8",
    "_parentId": "5891cb83b61c46e176e7ebc2",
    "_type": "block",
    "_isAvailable": true,
    "_isOptional": false,
    "_trackingId": 31,
    "_classes": " color-five",
    "body": "",
    "displayTitle": " ",
    "title": " "
  },
  {
    "_id": "5891cb83b61c46e176e7ebf2",
    "_parentId": "5891cb83b61c46e176e7ebc3",
    "_type": "block",
    "_isAvailable": true,
    "_isOptional": false,
    "_trackingId": 32,
    "_classes": " color-four",
    "body": "",
    "displayTitle": " ",
    "title": " "
  },
  {
    "_id": "5891cb83b61c46e176e7ec00",
    "_parentId": "5891cb83b61c46e176e7ebc5",
    "_type": "block",
    "_isAvailable": true,
    "_isOptional": false,
    "_trackingId": 33,
    "_classes": "color-four",
    "body": "",
    "displayTitle": " ",
    "title": " "
  },
  {
    "_id": "5891cb83b61c46e176e7ec14",
    "_parentId": "5891cb83b61c46e176e7ebca",
    "_type": "block",
    "_isAvailable": true,
    "_isOptional": false,
    "_trackingId": 34,
    "_classes": "color-nine",
    "body": "",
    "displayTitle": "",
    "title": "  "
  },
  {
    "_id": "5891cb83b61c46e176e7ec21",
    "_parentId": "5891cb83b61c46e176e7ebc7",
    "_type": "block",
    "_isAvailable": true,
    "_isOptional": false,
    "_trackingId": 35,
    "_classes": "color-six",
    "body": "",
    "displayTitle": "  ",
    "title": "  "
  },
  {
    "_id": "5891cb83b61c46e176e7ec2b",
    "_parentId": "5891cb83b61c46e176e7ebc8",
    "_type": "block",
    "_isAvailable": true,
    "_isOptional": false,
    "_trackingId": 36,
    "_classes": "color-nine",
    "body": "",
    "displayTitle": "  ",
    "title": "  "
  },
  {
    "_id": "5891cb83b61c46e176e7ec35",
    "_parentId": "5891cb83b61c46e176e7ebc9",
    "_type": "block",
    "_isAvailable": true,
    "_isOptional": false,
    "_trackingId": 37,
    "_classes": "color-five",
    "body": "",
    "displayTitle": " ",
    "title": " "
  },
  {
    "_id": "5894b15efda9f5660ad8429c",
    "_parentId": "5894b15efda9f5660ad84273",
    "_type": "block",
    "_isAvailable": true,
    "_isOptional": false,
    "_trackingId": 38,
    "_classes": "color-seven",
    "body": "",
    "displayTitle": " ",
    "title": " "
  },
  {
    "_id": "5894b15efda9f5660ad842b5",
    "_parentId": "5894b15efda9f5660ad84276",
    "_type": "block",
    "_isAvailable": true,
    "_isOptional": false,
    "_trackingId": 39,
    "_classes": "",
    "body": "",
    "displayTitle": " ",
    "title": " "
  },
  {
    "_id": "5894b15efda9f5660ad842e0",
    "_parentId": "5894b15efda9f5660ad8427d",
    "_type": "block",
    "_isAvailable": true,
    "_isOptional": false,
    "_trackingId": 40,
    "_classes": "",
    "body": "",
    "displayTitle": " ",
    "title": " "
  },
  {
    "_id": "58988b5ffda9f5660ad84552",
    "_parentId": "5894b15efda9f5660ad84274",
    "_type": "block",
    "_isAvailable": true,
    "_isOptional": false,
    "_trackingId": 41,
    "_classes": "color-three",
    "body": "",
    "displayTitle": " ",
    "title": " "
  },
  {
    "_id": "589b213dfda9f5660ad845b7",
    "_parentId": "589b213cfda9f5660ad845a9",
    "_type": "block",
    "_isAvailable": true,
    "_isOptional": false,
    "_trackingId": 42,
    "_classes": "color-five",
    "body": "",
    "displayTitle": " ",
    "title": " "
  },
  {
    "_id": "5891cb83b61c46e176e7ebd3",
    "_parentId": "5891cb83b61c46e176e7ebc1",
    "_type": "block",
    "_isAvailable": true,
    "_isOptional": false,
    "_trackingId": 43,
    "_classes": "inverted color-four",
    "body": "",
    "displayTitle": " ",
    "title": " "
  },
  {
    "_id": "5891cb83b61c46e176e7ebe9",
    "_parentId": "5891cb83b61c46e176e7ebc2",
    "_type": "block",
    "_isAvailable": true,
    "_isOptional": false,
    "_trackingId": 44,
    "_classes": "inverted color-five",
    "body": "",
    "displayTitle": " ",
    "title": " "
  },
  {
    "_id": "5891cb83b61c46e176e7ebee",
    "_parentId": "5891cb83b61c46e176e7ebc3",
    "_type": "block",
    "_isAvailable": true,
    "_isOptional": false,
    "_trackingId": 45,
    "_classes": "inverted color-four",
    "body": "",
    "displayTitle": "  ",
    "title": "  "
  },
  {
    "_id": "5891cb83b61c46e176e7ec01",
    "_parentId": "5891cb83b61c46e176e7ebc5",
    "_type": "block",
    "_isAvailable": true,
    "_isOptional": false,
    "_trackingId": 46,
    "_classes": "inverted color-four ",
    "body": "",
    "displayTitle": " ",
    "title": " "
  },
  {
    "_id": "5891cb83b61c46e176e7ec15",
    "_parentId": "5891cb83b61c46e176e7ebca",
    "_type": "block",
    "_isAvailable": true,
    "_isOptional": false,
    "_trackingId": 47,
    "_classes": "inverted color-nine",
    "body": "",
    "displayTitle": "  ",
    "title": "  "
  },
  {
    "_id": "5891cb83b61c46e176e7ec22",
    "_parentId": "5891cb83b61c46e176e7ebc7",
    "_type": "block",
    "_isAvailable": true,
    "_isOptional": false,
    "_trackingId": 48,
    "_classes": "inverted color-six",
    "body": "",
    "displayTitle": "  ",
    "title": "  "
  },
  {
    "_id": "5891cb83b61c46e176e7ec2c",
    "_parentId": "5891cb83b61c46e176e7ebc8",
    "_type": "block",
    "_isAvailable": true,
    "_isOptional": false,
    "_trackingId": 49,
    "_classes": "inverted color-nine",
    "body": "",
    "displayTitle": "  ",
    "title": "  "
  },
  {
    "_id": "5891cb83b61c46e176e7ec36",
    "_parentId": "5891cb83b61c46e176e7ebc9",
    "_type": "block",
    "_isAvailable": true,
    "_isOptional": false,
    "_trackingId": 50,
    "_classes": "inverted color-five",
    "body": "",
    "displayTitle": " ",
    "title": " "
  },
  {
    "_id": "5891cb83b61c46e176e7ec3e",
    "_parentId": "5891cb83b61c46e176e7ebc4",
    "_type": "block",
    "_isAvailable": true,
    "_isOptional": false,
    "_trackingId": 51,
    "_classes": "inverted color-six",
    "body": "<p>Try the two games below to see how effective pop-out can be. All you have to do is find the odd one out as quickly as possible.</p>\n",
    "displayTitle": "How effective is pop out?",
    "title": "How effective is pop out?"
  },
  {
    "_id": "5894b15efda9f5660ad842b6",
    "_parentId": "5894b15efda9f5660ad84276",
    "_type": "block",
    "_isAvailable": true,
    "_isOptional": false,
    "_trackingId": 52,
    "_classes": "inverted color-one",
    "body": "",
    "displayTitle": " ",
    "title": " "
  },
  {
    "_id": "5894b15efda9f5660ad842e1",
    "_parentId": "5894b15efda9f5660ad8427d",
    "_type": "block",
    "_isAvailable": true,
    "_isOptional": false,
    "_trackingId": 53,
    "_classes": "inverted color-eight",
    "body": "",
    "displayTitle": " ",
    "title": " "
  },
  {
    "_id": "58988404fda9f5660ad84538",
    "_parentId": "5894b15efda9f5660ad84274",
    "_type": "block",
    "_isAvailable": true,
    "_isOptional": false,
    "_trackingId": 54,
    "_classes": "inverted color-three",
    "body": "",
    "displayTitle": " ",
    "title": " "
  },
  {
    "_id": "5894b15efda9f5660ad8429d",
    "_parentId": "5894b15efda9f5660ad84273",
    "_type": "block",
    "_isAvailable": true,
    "_isOptional": false,
    "_trackingId": 55,
    "_classes": "inverted color-one",
    "body": "",
    "displayTitle": " ",
    "title": " "
  },
  {
    "_id": "589b213dfda9f5660ad845fd",
    "_parentId": "589b213cfda9f5660ad845a9",
    "_type": "block",
    "_isAvailable": true,
    "_isOptional": false,
    "_trackingId": 56,
    "_classes": "inverted color-five",
    "body": "",
    "displayTitle": " ",
    "title": " "
  },
  {
    "_id": "5891cb83b61c46e176e7ebcc",
    "_parentId": "5891cb83b61c46e176e7ebc4",
    "_type": "block",
    "_isAvailable": true,
    "_isOptional": false,
    "_trackingId": 57,
    "_classes": "color-six ",
    "body": "",
    "displayTitle": " ",
    "title": " "
  },
  {
    "_id": "5891cb83b61c46e176e7ebdd",
    "_parentId": "5891cb83b61c46e176e7ebc1",
    "_type": "block",
    "_isAvailable": true,
    "_isOptional": false,
    "_trackingId": 58,
    "_classes": "color-four ",
    "body": "",
    "displayTitle": " ",
    "title": " "
  },
  {
    "_id": "5891cb83b61c46e176e7ebea",
    "_parentId": "5891cb83b61c46e176e7ebc2",
    "_type": "block",
    "_isAvailable": true,
    "_isOptional": false,
    "_trackingId": 59,
    "_classes": "section-banner color-seven",
    "body": "",
    "displayTitle": " ",
    "title": " "
  },
  {
    "_id": "5891cb83b61c46e176e7ebfa",
    "_parentId": "5891cb83b61c46e176e7ebc3",
    "_type": "block",
    "_isAvailable": true,
    "_isOptional": false,
    "_trackingId": 60,
    "_classes": "color-seven section-banner",
    "body": "",
    "displayTitle": "  ",
    "title": "  "
  },
  {
    "_id": "5891cb83b61c46e176e7ec02",
    "_parentId": "5891cb83b61c46e176e7ebc5",
    "_type": "block",
    "_isAvailable": true,
    "_isOptional": false,
    "_trackingId": 61,
    "_classes": "color-four",
    "body": "",
    "displayTitle": " ",
    "title": " "
  },
  {
    "_id": "5891cb83b61c46e176e7ec16",
    "_parentId": "5891cb83b61c46e176e7ebca",
    "_type": "block",
    "_isAvailable": true,
    "_isOptional": false,
    "_trackingId": 62,
    "_classes": "color-nine",
    "body": "",
    "displayTitle": " ",
    "title": " "
  },
  {
    "_id": "5891cb83b61c46e176e7ec23",
    "_parentId": "5891cb83b61c46e176e7ebc7",
    "_type": "block",
    "_isAvailable": true,
    "_isOptional": false,
    "_trackingId": 63,
    "_classes": "color-six",
    "body": "",
    "displayTitle": "  ",
    "title": "  "
  },
  {
    "_id": "5891cb83b61c46e176e7ec2d",
    "_parentId": "5891cb83b61c46e176e7ebc8",
    "_type": "block",
    "_isAvailable": true,
    "_isOptional": false,
    "_trackingId": 64,
    "_classes": "color-nine",
    "body": "",
    "displayTitle": "  ",
    "title": "  "
  },
  {
    "_id": "5891cb83b61c46e176e7ec37",
    "_parentId": "5891cb83b61c46e176e7ebc9",
    "_type": "block",
    "_isAvailable": true,
    "_isOptional": false,
    "_trackingId": 65,
    "_classes": "color-five",
    "body": "",
    "displayTitle": " ",
    "title": " "
  },
  {
    "_id": "5894b15efda9f5660ad8429e",
    "_parentId": "5894b15efda9f5660ad84273",
    "_type": "block",
    "_isAvailable": true,
    "_isOptional": false,
    "_trackingId": 66,
    "_classes": "color one",
    "body": "",
    "displayTitle": " ",
    "title": " "
  },
  {
    "_id": "5894b15efda9f5660ad842b7",
    "_parentId": "5894b15efda9f5660ad84276",
    "_type": "block",
    "_isAvailable": true,
    "_isOptional": false,
    "_trackingId": 67,
    "_classes": "",
    "body": "",
    "displayTitle": " ",
    "title": " "
  },
  {
    "_id": "5894b15efda9f5660ad842e2",
    "_parentId": "5894b15efda9f5660ad8427d",
    "_type": "block",
    "_isAvailable": true,
    "_isOptional": false,
    "_trackingId": 68,
    "_classes": "",
    "body": "",
    "displayTitle": " ",
    "title": " "
  },
  {
    "_id": "589b23a1fda9f5660ad84a2b",
    "_parentId": "5894b15efda9f5660ad84274",
    "_type": "block",
    "_isAvailable": true,
    "_isOptional": false,
    "_trackingId": 69,
    "_classes": "color-three",
    "body": "",
    "displayTitle": " ",
    "title": " "
  },
  {
    "_id": "589b213dfda9f5660ad845fc",
    "_parentId": "589b213cfda9f5660ad845a9",
    "_type": "block",
    "_isAvailable": true,
    "_isOptional": false,
    "_trackingId": 70,
    "_classes": "color-five",
    "body": "",
    "displayTitle": " ",
    "title": " "
  },
  {
    "_id": "5891cb83b61c46e176e7ebd7",
    "_parentId": "5891cb83b61c46e176e7ebc1",
    "_type": "block",
    "_isAvailable": true,
    "_isOptional": false,
    "_trackingId": 71,
    "_classes": "inverted color-four ",
    "body": "",
    "displayTitle": " ",
    "title": " "
  },
  {
    "_id": "5891cb83b61c46e176e7ebf1",
    "_parentId": "5891cb83b61c46e176e7ebc2",
    "_type": "block",
    "_isAvailable": true,
    "_isOptional": false,
    "_trackingId": 72,
    "_classes": "inverted color-seven ",
    "body": "",
    "displayTitle": " ",
    "title": " "
  },
  {
    "_id": "5891cb83b61c46e176e7ebf5",
    "_parentId": "5891cb83b61c46e176e7ebc4",
    "_type": "block",
    "_isAvailable": true,
    "_isOptional": false,
    "_trackingId": 73,
    "_classes": "section-banner inverted color-seven ",
    "body": "",
    "displayTitle": " ",
    "title": " "
  },
  {
    "_id": "5891cb83b61c46e176e7ebfb",
    "_parentId": "5891cb83b61c46e176e7ebc3",
    "_type": "block",
    "_isAvailable": true,
    "_isOptional": false,
    "_trackingId": 74,
    "_classes": " inverted color-seven",
    "body": "",
    "displayTitle": " ",
    "title": " "
  },
  {
    "_id": "5891cb83b61c46e176e7ec03",
    "_parentId": "5891cb83b61c46e176e7ebc5",
    "_type": "block",
    "_isAvailable": true,
    "_isOptional": false,
    "_trackingId": 75,
    "_classes": "inverted color-four",
    "body": "",
    "displayTitle": " ",
    "title": " "
  },
  {
    "_id": "5891cb83b61c46e176e7ec17",
    "_parentId": "5891cb83b61c46e176e7ebca",
    "_type": "block",
    "_isAvailable": true,
    "_isOptional": false,
    "_trackingId": 76,
    "_classes": "inverted color-nine",
    "body": "",
    "displayTitle": "  ",
    "title": "  "
  },
  {
    "_id": "5891cb83b61c46e176e7ec24",
    "_parentId": "5891cb83b61c46e176e7ebc7",
    "_type": "block",
    "_isAvailable": true,
    "_isOptional": false,
    "_trackingId": 77,
    "_classes": "inverted color-seven section-banner",
    "body": "",
    "displayTitle": "  ",
    "title": "  "
  },
  {
    "_id": "5891cb83b61c46e176e7ec2e",
    "_parentId": "5891cb83b61c46e176e7ebc8",
    "_type": "block",
    "_isAvailable": true,
    "_isOptional": false,
    "_trackingId": 78,
    "_classes": "inverted color-seven ",
    "body": "",
    "displayTitle": "  ",
    "title": "  "
  },
  {
    "_id": "5891cb83b61c46e176e7ec38",
    "_parentId": "5891cb83b61c46e176e7ebc9",
    "_type": "block",
    "_isAvailable": true,
    "_isOptional": false,
    "_trackingId": 79,
    "_classes": "inverted color-seven section-banner",
    "body": "",
    "displayTitle": " ",
    "title": " "
  },
  {
    "_id": "5894b15efda9f5660ad8428b",
    "_parentId": "5894b15efda9f5660ad84274",
    "_type": "block",
    "_isAvailable": true,
    "_isOptional": false,
    "_trackingId": 80,
    "_classes": "section-banner inverted color-one",
    "body": "",
    "displayTitle": " ",
    "title": " "
  },
  {
    "_id": "5894b15efda9f5660ad8429f",
    "_parentId": "5894b15efda9f5660ad84273",
    "_type": "block",
    "_isAvailable": true,
    "_isOptional": false,
    "_trackingId": 81,
    "_classes": "section-banner inverted color-seven",
    "body": "",
    "displayTitle": " ",
    "title": " "
  },
  {
    "_id": "5894b15efda9f5660ad842e3",
    "_parentId": "5894b15efda9f5660ad8427d",
    "_type": "block",
    "_isAvailable": true,
    "_isOptional": false,
    "_trackingId": 82,
    "_classes": "inverted color-ten",
    "body": "",
    "displayTitle": " ",
    "title": " "
  },
  {
    "_id": "589b213dfda9f5660ad845b8",
    "_parentId": "589b213cfda9f5660ad845a9",
    "_type": "block",
    "_isAvailable": true,
    "_isOptional": false,
    "_trackingId": 83,
    "_classes": "inverted color-five",
    "body": "",
    "displayTitle": " ",
    "title": " "
  },
  {
    "_id": "58a0567afda9f5660ad84ab0",
    "_parentId": "5894b15efda9f5660ad84276",
    "_type": "block",
    "_isAvailable": true,
    "_isOptional": false,
    "_trackingId": 84,
    "_classes": "",
    "body": "",
    "displayTitle": " ",
    "title": " "
  },
  {
    "_id": "5891cb83b61c46e176e7ebdb",
    "_parentId": "5891cb83b61c46e176e7ebc1",
    "_type": "block",
    "_isAvailable": true,
    "_isOptional": false,
    "_trackingId": 85,
    "_classes": " color-seven section-banner",
    "body": "",
    "displayTitle": " ",
    "title": " "
  },
  {
    "_id": "5891cb83b61c46e176e7ebf0",
    "_parentId": "5891cb83b61c46e176e7ebc2",
    "_type": "block",
    "_isAvailable": true,
    "_isOptional": false,
    "_trackingId": 86,
    "_classes": " color-seven",
    "body": "",
    "displayTitle": " ",
    "title": " "
  },
  {
    "_id": "5891cb83b61c46e176e7ebf6",
    "_parentId": "5891cb83b61c46e176e7ebc4",
    "_type": "block",
    "_isAvailable": true,
    "_isOptional": false,
    "_trackingId": 87,
    "_classes": " color-seven",
    "body": "",
    "displayTitle": " ",
    "title": " "
  },
  {
    "_id": "5891cb83b61c46e176e7ebfc",
    "_parentId": "5891cb83b61c46e176e7ebc3",
    "_type": "block",
    "_isAvailable": true,
    "_isOptional": false,
    "_trackingId": 88,
    "_classes": "color-seven",
    "body": "",
    "displayTitle": " ",
    "title": " "
  },
  {
    "_id": "5891cb83b61c46e176e7ec04",
    "_parentId": "5891cb83b61c46e176e7ebc5",
    "_type": "block",
    "_isAvailable": true,
    "_isOptional": false,
    "_trackingId": 89,
    "_classes": "section-banner color-seven",
    "body": "",
    "displayTitle": " ",
    "title": " "
  },
  {
    "_id": "5891cb83b61c46e176e7ec2f",
    "_parentId": "5891cb83b61c46e176e7ebc8",
    "_type": "block",
    "_isAvailable": true,
    "_isOptional": false,
    "_trackingId": 90,
    "_classes": "color-seven",
    "body": "",
    "displayTitle": "  ",
    "title": "  "
  },
  {
    "_id": "5891cb83b61c46e176e7ec39",
    "_parentId": "5891cb83b61c46e176e7ebc9",
    "_type": "block",
    "_isAvailable": true,
    "_isOptional": false,
    "_trackingId": 91,
    "_classes": "color-seven",
    "body": "",
    "displayTitle": " ",
    "title": " "
  },
  {
    "_id": "589338a1fda9f5660ad84197",
    "_parentId": "5891cb83b61c46e176e7ebca",
    "_type": "block",
    "_isAvailable": true,
    "_isOptional": false,
    "_trackingId": 92,
    "_classes": "",
    "body": "",
    "displayTitle": " ",
    "title": " "
  },
  {
    "_id": "5891cb83b61c46e176e7ec25",
    "_parentId": "5891cb83b61c46e176e7ebc7",
    "_type": "block",
    "_isAvailable": true,
    "_isOptional": false,
    "_trackingId": 93,
    "_classes": "",
    "body": "",
    "displayTitle": "  ",
    "title": "  "
  },
  {
    "_id": "5894b15efda9f5660ad842a0",
    "_parentId": "5894b15efda9f5660ad84273",
    "_type": "block",
    "_isAvailable": true,
    "_isOptional": false,
    "_trackingId": 94,
    "_classes": "color-seven",
    "body": "",
    "displayTitle": " ",
    "title": " "
  },
  {
    "_id": "5894b15efda9f5660ad842b8",
    "_parentId": "5894b15efda9f5660ad84276",
    "_type": "block",
    "_isAvailable": true,
    "_isOptional": false,
    "_trackingId": 95,
    "_classes": "inverted color-two section-banner",
    "body": "",
    "displayTitle": " ",
    "title": " "
  },
  {
    "_id": "5894b15efda9f5660ad842e4",
    "_parentId": "5894b15efda9f5660ad8427d",
    "_type": "block",
    "_isAvailable": true,
    "_isOptional": false,
    "_trackingId": 96,
    "_classes": "",
    "body": "",
    "displayTitle": " ",
    "title": " "
  },
  {
    "_id": "589c8d07fda9f5660ad84a4a",
    "_parentId": "5894b15efda9f5660ad84274",
    "_type": "block",
    "_isAvailable": true,
    "_isOptional": false,
    "_trackingId": 97,
    "_classes": "color-one",
    "body": "",
    "displayTitle": " ",
    "title": " "
  },
  {
    "_id": "589b213dfda9f5660ad845fb",
    "_parentId": "589b213cfda9f5660ad845a9",
    "_type": "block",
    "_isAvailable": true,
    "_isOptional": false,
    "_trackingId": 98,
    "_classes": "color-five",
    "body": "",
    "displayTitle": " ",
    "title": " "
  },
  {
    "_id": "5891cb83b61c46e176e7ebd8",
    "_parentId": "5891cb83b61c46e176e7ebc1",
    "_type": "block",
    "_isAvailable": true,
    "_isOptional": false,
    "_trackingId": 99,
    "_classes": " inverted color-seven ",
    "body": "",
    "displayTitle": " ",
    "title": " "
  },
  {
    "_id": "5891cb83b61c46e176e7ebef",
    "_parentId": "5891cb83b61c46e176e7ebc2",
    "_type": "block",
    "_isAvailable": true,
    "_isOptional": false,
    "_trackingId": 100,
    "_classes": "inverted color-seven",
    "body": "",
    "displayTitle": " ",
    "title": " "
  },
  {
    "_id": "5891cb83b61c46e176e7ebf7",
    "_parentId": "5891cb83b61c46e176e7ebc4",
    "_type": "block",
    "_isAvailable": true,
    "_isOptional": false,
    "_trackingId": 101,
    "_classes": "inverted color-seven",
    "body": "",
    "displayTitle": " ",
    "title": " "
  },
  {
    "_id": "5891cb83b61c46e176e7ebfd",
    "_parentId": "5891cb83b61c46e176e7ebc3",
    "_type": "block",
    "_isAvailable": true,
    "_isOptional": false,
    "_trackingId": 102,
    "_classes": "inverted color-seven",
    "body": "",
    "displayTitle": " ",
    "title": " "
  },
  {
    "_id": "5891cb83b61c46e176e7ec05",
    "_parentId": "5891cb83b61c46e176e7ebc5",
    "_type": "block",
    "_isAvailable": true,
    "_isOptional": false,
    "_trackingId": 103,
    "_classes": "inverted color-seven",
    "body": "",
    "displayTitle": " ",
    "title": " "
  },
  {
    "_id": "5891cb83b61c46e176e7ec1c",
    "_parentId": "5891cb83b61c46e176e7ebca",
    "_type": "block",
    "_isAvailable": true,
    "_isOptional": false,
    "_trackingId": 104,
    "_classes": "color-seven section-banner inverted",
    "body": "",
    "displayTitle": "  ",
    "title": "  "
  },
  {
    "_id": "5891cb83b61c46e176e7ec26",
    "_parentId": "5891cb83b61c46e176e7ebc7",
    "_type": "block",
    "_isAvailable": true,
    "_isOptional": false,
    "_trackingId": 105,
    "_classes": "inverted color-seven",
    "body": "",
    "displayTitle": "  ",
    "title": "  "
  },
  {
    "_id": "5891cb83b61c46e176e7ec30",
    "_parentId": "5891cb83b61c46e176e7ebc8",
    "_type": "block",
    "_isAvailable": true,
    "_isOptional": false,
    "_trackingId": 106,
    "_classes": "inverted color-seven",
    "body": "",
    "displayTitle": "  ",
    "title": "  "
  },
  {
    "_id": "5891cb83b61c46e176e7ec3a",
    "_parentId": "5891cb83b61c46e176e7ebc9",
    "_type": "block",
    "_isAvailable": true,
    "_isOptional": false,
    "_trackingId": 107,
    "_classes": "inverted color-seven",
    "body": "",
    "displayTitle": " ",
    "title": " "
  },
  {
    "_id": "5894b15efda9f5660ad8428f",
    "_parentId": "5894b15efda9f5660ad84274",
    "_type": "block",
    "_isAvailable": true,
    "_isOptional": false,
    "_trackingId": 108,
    "_classes": "inverted color-one",
    "body": "",
    "displayTitle": " ",
    "title": " "
  },
  {
    "_id": "5894b15efda9f5660ad842b9",
    "_parentId": "5894b15efda9f5660ad84276",
    "_type": "block",
    "_isAvailable": true,
    "_isOptional": false,
    "_trackingId": 109,
    "_classes": "section-banner",
    "body": "",
    "displayTitle": " ",
    "title": " "
  },
  {
    "_id": "5894b15efda9f5660ad842e5",
    "_parentId": "5894b15efda9f5660ad8427d",
    "_type": "block",
    "_isAvailable": true,
    "_isOptional": false,
    "_trackingId": 110,
    "_classes": "inverted color-one section-banner",
    "body": "",
    "displayTitle": " ",
    "title": " "
  },
  {
    "_id": "589b213dfda9f5660ad845b4",
    "_parentId": "589b213cfda9f5660ad845a9",
    "_type": "block",
    "_isAvailable": true,
    "_isOptional": false,
    "_trackingId": 111,
    "_classes": "inverted color-one section-banner",
    "body": "",
    "displayTitle": " ",
    "title": " "
  },
  {
    "_id": "5894b15efda9f5660ad842a1",
    "_parentId": "5894b15efda9f5660ad84273",
    "_type": "block",
    "_isAvailable": true,
    "_isOptional": false,
    "_trackingId": 112,
    "_classes": "inverted color-seven",
    "body": "",
    "displayTitle": " ",
    "title": " "
  },
  {
    "_id": "5891cb83b61c46e176e7ebdc",
    "_parentId": "5891cb83b61c46e176e7ebc1",
    "_type": "block",
    "_isAvailable": true,
    "_isOptional": false,
    "_trackingId": 113,
    "_classes": "color-seven ",
    "body": "",
    "displayTitle": " ",
    "title": " "
  },
  {
    "_id": "5891cb83b61c46e176e7ebeb",
    "_parentId": "5891cb83b61c46e176e7ebc2",
    "_type": "block",
    "_isAvailable": true,
    "_isOptional": false,
    "_trackingId": 114,
    "_classes": "footer inverted",
    "body": "",
    "displayTitle": " ",
    "title": " "
  },
  {
    "_id": "5891cb83b61c46e176e7ebf8",
    "_parentId": "5891cb83b61c46e176e7ebc4",
    "_type": "block",
    "_isAvailable": true,
    "_isOptional": false,
    "_trackingId": 115,
    "_classes": " color-seven",
    "body": "",
    "displayTitle": " ",
    "title": " "
  },
  {
    "_id": "5891cb83b61c46e176e7ebfe",
    "_parentId": "5891cb83b61c46e176e7ebc3",
    "_type": "block",
    "_isAvailable": true,
    "_isOptional": false,
    "_trackingId": 116,
    "_classes": "inverted footer ",
    "body": "",
    "displayTitle": "  ",
    "title": "  "
  },
  {
    "_id": "5891cb83b61c46e176e7ec06",
    "_parentId": "5891cb83b61c46e176e7ebc5",
    "_type": "block",
    "_isAvailable": true,
    "_isOptional": false,
    "_trackingId": 117,
    "_classes": "color-seven",
    "body": "",
    "displayTitle": " ",
    "title": " "
  },
  {
    "_id": "5891cb83b61c46e176e7ec18",
    "_parentId": "5891cb83b61c46e176e7ebca",
    "_type": "block",
    "_isAvailable": true,
    "_isOptional": false,
    "_trackingId": 118,
    "_classes": "color-seven",
    "body": "",
    "displayTitle": "  ",
    "title": "  "
  },
  {
    "_id": "5891cb83b61c46e176e7ec31",
    "_parentId": "5891cb83b61c46e176e7ebc8",
    "_type": "block",
    "_isAvailable": true,
    "_isOptional": false,
    "_trackingId": 119,
    "_classes": "color-seven",
    "body": "",
    "displayTitle": "  ",
    "title": "  "
  },
  {
    "_id": "5891cb83b61c46e176e7ec3b",
    "_parentId": "5891cb83b61c46e176e7ebc9",
    "_type": "block",
    "_isAvailable": true,
    "_isOptional": false,
    "_trackingId": 120,
    "_classes": "color-seven",
    "body": "",
    "displayTitle": " ",
    "title": " "
  },
  {
    "_id": "5891cb83b61c46e176e7ec27",
    "_parentId": "5891cb83b61c46e176e7ebc7",
    "_type": "block",
    "_isAvailable": true,
    "_isOptional": false,
    "_trackingId": 121,
    "_classes": "",
    "body": "",
    "displayTitle": "   ",
    "title": "   "
  },
  {
    "_id": "5894b15efda9f5660ad842a2",
    "_parentId": "5894b15efda9f5660ad84273",
    "_type": "block",
    "_isAvailable": true,
    "_isOptional": false,
    "_trackingId": 122,
    "_classes": "color-seven",
    "body": "",
    "displayTitle": " ",
    "title": " "
  },
  {
    "_id": "5894b15efda9f5660ad842ba",
    "_parentId": "5894b15efda9f5660ad84276",
    "_type": "block",
    "_isAvailable": true,
    "_isOptional": false,
    "_trackingId": 123,
    "_classes": "inverted color-six",
    "body": "",
    "displayTitle": " ",
    "title": " "
  },
  {
    "_id": "5894b15efda9f5660ad842e6",
    "_parentId": "5894b15efda9f5660ad8427d",
    "_type": "block",
    "_isAvailable": true,
    "_isOptional": false,
    "_trackingId": 124,
    "_classes": "",
    "body": "",
    "displayTitle": " ",
    "title": " "
  },
  {
    "_id": "5894b15efda9f5660ad8428e",
    "_parentId": "5894b15efda9f5660ad84274",
    "_type": "block",
    "_isAvailable": true,
    "_isOptional": false,
    "_trackingId": 125,
    "_classes": "color-one",
    "body": "",
    "displayTitle": " ",
    "title": " "
  },
  {
    "_id": "589b213dfda9f5660ad845fe",
    "_parentId": "589b213cfda9f5660ad845a9",
    "_type": "block",
    "_isAvailable": true,
    "_isOptional": false,
    "_trackingId": 126,
    "_classes": "color-one",
    "body": "",
    "displayTitle": " ",
    "title": " "
  },
  {
    "_id": "5891cb83b61c46e176e7ebd9",
    "_parentId": "5891cb83b61c46e176e7ebc1",
    "_type": "block",
    "_isAvailable": true,
    "_isOptional": false,
    "_trackingId": 127,
    "_classes": "inverted color-seven ",
    "body": "",
    "displayTitle": " ",
    "title": " "
  },
  {
    "_id": "5891cb83b61c46e176e7ebf9",
    "_parentId": "5891cb83b61c46e176e7ebc4",
    "_type": "block",
    "_isAvailable": true,
    "_isOptional": false,
    "_trackingId": 128,
    "_classes": "inverted footer",
    "body": "",
    "displayTitle": " ",
    "title": " "
  },
  {
    "_id": "5891cb83b61c46e176e7ec07",
    "_parentId": "5891cb83b61c46e176e7ebc5",
    "_type": "block",
    "_isAvailable": true,
    "_isOptional": false,
    "_trackingId": 129,
    "_classes": "inverted color-seven",
    "body": "",
    "displayTitle": " ",
    "title": " "
  },
  {
    "_id": "5891cb83b61c46e176e7ec19",
    "_parentId": "5891cb83b61c46e176e7ebca",
    "_type": "block",
    "_isAvailable": true,
    "_isOptional": false,
    "_trackingId": 130,
    "_classes": "inverted color-seven",
    "body": "",
    "displayTitle": "  ",
    "title": "  "
  },
  {
    "_id": "5891cb83b61c46e176e7ec28",
    "_parentId": "5891cb83b61c46e176e7ebc7",
    "_type": "block",
    "_isAvailable": true,
    "_isOptional": false,
    "_trackingId": 131,
    "_classes": "inverted color-seven",
    "body": "",
    "displayTitle": "  ",
    "title": "  "
  },
  {
    "_id": "5891cb83b61c46e176e7ec32",
    "_parentId": "5891cb83b61c46e176e7ebc8",
    "_type": "block",
    "_isAvailable": true,
    "_isOptional": false,
    "_trackingId": 132,
    "_classes": "inverted footer",
    "body": "",
    "displayTitle": "  ",
    "title": "  "
  },
  {
    "_id": "5891cb83b61c46e176e7ec3c",
    "_parentId": "5891cb83b61c46e176e7ebc9",
    "_type": "block",
    "_isAvailable": true,
    "_isOptional": false,
    "_trackingId": 133,
    "_classes": "inverted color-seven",
    "body": "",
    "displayTitle": " ",
    "title": " "
  },
  {
    "_id": "5894b15efda9f5660ad842bb",
    "_parentId": "5894b15efda9f5660ad84276",
    "_type": "block",
    "_isAvailable": true,
    "_isOptional": false,
    "_trackingId": 134,
    "_classes": "",
    "body": "",
    "displayTitle": " ",
    "title": " "
  },
  {
    "_id": "5894b15efda9f5660ad842e7",
    "_parentId": "5894b15efda9f5660ad8427d",
    "_type": "block",
    "_isAvailable": true,
    "_isOptional": false,
    "_trackingId": 135,
    "_classes": "inverted color-six",
    "body": "",
    "displayTitle": " ",
    "title": " "
  },
  {
    "_id": "589b213dfda9f5660ad845c3",
    "_parentId": "589b213cfda9f5660ad845a9",
    "_type": "block",
    "_isAvailable": true,
    "_isOptional": false,
    "_trackingId": 136,
    "_classes": "inverted color-one",
    "body": "",
    "displayTitle": " ",
    "title": " "
  },
  {
    "_id": "5894b15efda9f5660ad84290",
    "_parentId": "5894b15efda9f5660ad84274",
    "_type": "block",
    "_isAvailable": true,
    "_isOptional": false,
    "_trackingId": 137,
    "_classes": "inverted color-one",
    "body": "",
    "displayTitle": " ",
    "title": " "
  },
  {
    "_id": "5894b15efda9f5660ad842a3",
    "_parentId": "5894b15efda9f5660ad84273",
    "_type": "block",
    "_isAvailable": true,
    "_isOptional": false,
    "_trackingId": 138,
    "_classes": "inverted color-seven",
    "body": "",
    "displayTitle": " ",
    "title": " "
  },
  {
    "_id": "5891cb83b61c46e176e7ebdf",
    "_parentId": "5891cb83b61c46e176e7ebc1",
    "_type": "block",
    "_isAvailable": true,
    "_isOptional": false,
    "_trackingId": 139,
    "_classes": "inverted footer",
    "body": "",
    "displayTitle": " ",
    "title": " "
  },
  {
    "_id": "5891cb83b61c46e176e7ec08",
    "_parentId": "5891cb83b61c46e176e7ebc5",
    "_type": "block",
    "_isAvailable": true,
    "_isOptional": false,
    "_trackingId": 140,
    "_classes": "color-seven",
    "body": "",
    "displayTitle": " ",
    "title": " "
  },
  {
    "_id": "5891cb83b61c46e176e7ec1a",
    "_parentId": "5891cb83b61c46e176e7ebca",
    "_type": "block",
    "_isAvailable": true,
    "_isOptional": false,
    "_trackingId": 141,
    "_classes": "color-seven",
    "body": "",
    "displayTitle": "  ",
    "title": "  "
  },
  {
    "_id": "5891cb83b61c46e176e7ec29",
    "_parentId": "5891cb83b61c46e176e7ebc7",
    "_type": "block",
    "_isAvailable": true,
    "_isOptional": false,
    "_trackingId": 142,
    "_classes": "inverted footer",
    "body": "",
    "displayTitle": "  ",
    "title": "  "
  },
  {
    "_id": "5891cb83b61c46e176e7ec3d",
    "_parentId": "5891cb83b61c46e176e7ebc9",
    "_type": "block",
    "_isAvailable": true,
    "_isOptional": false,
    "_trackingId": 143,
    "_classes": "footer inverted",
    "body": "",
    "displayTitle": " ",
    "title": " "
  },
  {
    "_id": "5894b15efda9f5660ad84291",
    "_parentId": "5894b15efda9f5660ad84274",
    "_type": "block",
    "_isAvailable": true,
    "_isOptional": false,
    "_trackingId": 144,
    "_classes": "inverted footer",
    "body": "",
    "displayTitle": " ",
    "title": " "
  },
  {
    "_id": "5894b15efda9f5660ad842a4",
    "_parentId": "5894b15efda9f5660ad84273",
    "_type": "block",
    "_isAvailable": true,
    "_isOptional": false,
    "_trackingId": 145,
    "_classes": "inverted footer",
    "body": "",
    "displayTitle": " ",
    "title": " "
  },
  {
    "_id": "5894b15efda9f5660ad842bc",
    "_parentId": "5894b15efda9f5660ad84276",
    "_type": "block",
    "_isAvailable": true,
    "_isOptional": false,
    "_trackingId": 146,
    "_classes": "inverted color-three",
    "body": "",
    "displayTitle": " ",
    "title": " "
  },
  {
    "_id": "5894b15efda9f5660ad842e8",
    "_parentId": "5894b15efda9f5660ad8427d",
    "_type": "block",
    "_isAvailable": true,
    "_isOptional": false,
    "_trackingId": 147,
    "_classes": "",
    "body": "",
    "displayTitle": " ",
    "title": " "
  },
  {
    "_id": "589b213dfda9f5660ad845c4",
    "_parentId": "589b213cfda9f5660ad845a9",
    "_type": "block",
    "_isAvailable": true,
    "_isOptional": false,
    "_trackingId": 148,
    "_classes": "color-one",
    "body": "",
    "displayTitle": " ",
    "title": " "
  },
  {
    "_id": "5891cb83b61c46e176e7ec09",
    "_parentId": "5891cb83b61c46e176e7ebc5",
    "_type": "block",
    "_isAvailable": true,
    "_isOptional": false,
    "_trackingId": 149,
    "_classes": "inverted footer",
    "body": "",
    "displayTitle": " ",
    "title": " "
  },
  {
    "_id": "5891cb83b61c46e176e7ec1d",
    "_parentId": "5891cb83b61c46e176e7ebca",
    "_type": "block",
    "_isAvailable": true,
    "_isOptional": false,
    "_trackingId": 150,
    "_classes": "inverted footer  ",
    "body": "",
    "displayTitle": "  ",
    "title": "  "
  },
  {
    "_id": "5894b15efda9f5660ad842bd",
    "_parentId": "5894b15efda9f5660ad84276",
    "_type": "block",
    "_isAvailable": true,
    "_isOptional": false,
    "_trackingId": 151,
    "_classes": "inverted footer",
    "body": "",
    "displayTitle": " ",
    "title": " "
  },
  {
    "_id": "5894b15efda9f5660ad842e9",
    "_parentId": "5894b15efda9f5660ad8427d",
    "_type": "block",
    "_isAvailable": true,
    "_isOptional": false,
    "_trackingId": 152,
    "_classes": "inverted footer",
    "body": "",
    "displayTitle": " ",
    "title": " "
  },
  {
    "_id": "589b213dfda9f5660ad845c5",
    "_parentId": "589b213cfda9f5660ad845a9",
    "_type": "block",
    "_isAvailable": true,
    "_isOptional": false,
    "_trackingId": 153,
    "_classes": "inverted color-one",
    "body": "",
    "displayTitle": " ",
    "title": " "
  },
  {
    "_id": "589b213dfda9f5660ad845c6",
    "_parentId": "589b213cfda9f5660ad845a9",
    "_type": "block",
    "_isAvailable": true,
    "_isOptional": false,
    "_trackingId": 154,
    "_classes": "inverted footer",
    "body": "",
    "displayTitle": " ",
    "title": " "
  },
  {
    "_id": "589b2d35fda9f5660ad84a33",
    "_parentId": "5894b15efda9f5660ad8427d",
    "_type": "block",
    "_isAvailable": true,
    "_isOptional": false,
    "_trackingId": 155,
    "_classes": "",
    "body": "",
    "displayTitle": " ",
    "title": " "
  }
]