[
  {
    "_graphic": {
      "alt": "",
      "src": "course/en/assets/94164aeed2f6885fcdf44f9fe5484855c5238353.jpg"
    },
    "_id": "5894b15efda9f5660ad84268",
    "_parentId": "course",
    "_type": "page",
    "_isAvailable": true,
    "_isOptional": false,
    "_lockedBy": [],
    "duration": "",
    "linkText": "View",
    "_classes": "",
    "body": "<p dir=\"ltr\">Data is a valuable resource to organisations of all sizes. In this module, we explore what data is, why we need it and different ways to classify its types.</p>",
    "displayTitle": "1. What is data?",
    "title": "1. What is data?",
    "_skillsFramework": {
      "_skills": [
        {
          "outcome": "Define open data",
          "credits": 5,
          "level": "explorer"
        },
        {
          "outcome": "Explain the need for open data",
          "credits": 5,
          "level": "explorer"
        }
      ]
    },
    "_pageLevelProgress": {
      "_isEnabled": true,
      "_showPageCompletion": true
    }
  },
  {
    "_graphic": {
      "alt": "",
      "src": "course/en/assets/1fc73255e55ba04b56c12fcf0dda29d60db46b4d.jpg"
    },
    "_id": "5894b15efda9f5660ad8426f",
    "_parentId": "course",
    "_type": "page",
    "_isAvailable": true,
    "_isOptional": false,
    "_lockedBy": [],
    "duration": "",
    "linkText": "View",
    "_classes": "",
    "body": "<p>Data has the potential to help grow economies, transform societies and protect the environment. In this module, we explore how governments, businesses and individuals are using open data to create new value.</p>",
    "displayTitle": "2. Unlocking value from open data",
    "title": "2. Unlocking value from open data",
    "_skillsFramework": {
      "_skills": [
        {
          "outcome": "Describe the benefits of working with open data",
          "credits": 5,
          "level": "explorer"
        },
        {
          "outcome": "Describe successful case studies of using and publishing open data",
          "credits": 5,
          "level": "explorer"
        }
      ]
    },
    "_pageLevelProgress": {
      "_isEnabled": true,
      "_showPageCompletion": true
    }
  },
  {
    "_graphic": {
      "alt": "",
      "src": "course/en/assets/487a92d1f0d603836df88c719b96ec30d2a6fad1.png"
    },
    "_id": "589b213cfda9f5660ad845a6",
    "_parentId": "course",
    "_type": "page",
    "_isAvailable": true,
    "_isOptional": false,
    "_lockedBy": [],
    "duration": "",
    "linkText": "View",
    "_classes": "",
    "body": "<p dir=\"ltr\">Clear, effective communication of the benefits from improved data usage is essential to capture your colleagues&rsquo; imaginations and gain their trust and understanding. This module will prepare you to deliver a pitch to convince your colleagues about improving their data usage.</p>",
    "displayTitle": "3. Convincing your colleagues",
    "title": "3. Convincing your colleagues",
    "_skillsFramework": {
      "_skills": []
    },
    "_pageLevelProgress": {
      "_isEnabled": true,
      "_showPageCompletion": true
    }
  },
  {
    "_graphic": {
      "alt": "",
      "src": "course/en/assets/301936c4e7d37e6647647b3c3e5a305f0ae8a56f.jpg"
    },
    "_id": "5891cb83b61c46e176e7ebb5",
    "_parentId": "course",
    "_type": "page",
    "_isAvailable": true,
    "_isOptional": false,
    "_lockedBy": [],
    "duration": "",
    "linkText": "View",
    "_classes": "",
    "body": "<p dir=\"ltr\">One of the most challenging parts of using data is communicating your findings to others, or telling a story with your data. This module looks into the four step data storytelling process and how to plan your time effectively at every stage.</p>",
    "displayTitle": "4. The data storytelling process",
    "title": "4. The data storytelling process",
    "_skillsFramework": {
      "_skills": []
    },
    "_pageLevelProgress": {
      "_isEnabled": true,
      "_showPageCompletion": true
    }
  },
  {
    "_graphic": {
      "alt": "",
      "src": "course/en/assets/2164576f217243b4bc9bfb61f6c5f8a5b9bdbc87.jpg"
    },
    "_id": "5891cb83b61c46e176e7ebb7",
    "_parentId": "course",
    "_type": "page",
    "_isAvailable": true,
    "_isOptional": false,
    "_lockedBy": [],
    "duration": "",
    "linkText": "View",
    "_classes": "",
    "body": "<p dir=\"ltr\">The growing demand for data has led to an increase in human-friendly data services. However, these only account for a small fraction of the available data on the Web. This module explores where you can start looking for &nbsp;data and how to find data hidden in the web.</p>",
    "displayTitle": "5. Gathering data",
    "title": "5. Gathering data",
    "_skillsFramework": {
      "_skills": []
    },
    "_pageLevelProgress": {
      "_isEnabled": true,
      "_showPageCompletion": true
    }
  },
  {
    "_graphic": {
      "alt": "",
      "src": "course/en/assets/b0a1356f5ad57eff61e6a22b69a2e1b6d9773220.jpg"
    },
    "_id": "5894b15efda9f5660ad8426a",
    "_parentId": "course",
    "_type": "page",
    "_isAvailable": true,
    "_isOptional": false,
    "_lockedBy": [],
    "duration": "",
    "linkText": "View",
    "_classes": "",
    "body": "<p dir=\"ltr\">Once you&rsquo;ve gathered your data, how can you tell if your data is of sufficient quality? In this module we explore what data quality is, standards and checklists that you can use and Lloyd&rsquo;s guidelines on data quality.</p>",
    "displayTitle": "6. Data quality",
    "title": "6. Data quality",
    "_skillsFramework": {
      "_skills": [
        {
          "outcome": "Define the benefits of quality open data",
          "credits": 5,
          "level": "explorer"
        },
        {
          "outcome": "Describe two guidelines for open data quality",
          "credits": 5,
          "level": "explorer"
        }
      ]
    },
    "_pageLevelProgress": {
      "_isEnabled": true,
      "_showPageCompletion": true
    }
  },
  {
    "_graphic": {
      "alt": "",
      "src": "course/en/assets/55fdaceae3e61bfad0b68be0efcf8b4e312e1342.jpg"
    },
    "_id": "5891cb83b61c46e176e7ebb6",
    "_parentId": "course",
    "_type": "page",
    "_isAvailable": true,
    "_isOptional": false,
    "_lockedBy": [],
    "duration": "",
    "linkText": "View",
    "_classes": "",
    "body": "<p dir=\"ltr\">Having gathered data from different sources and ensured its quality, the next step is to organise that data ready to be processed. This module looks at how to design and implement a structure for a dataset that can be understood by the audience.</p>",
    "displayTitle": "7. Organising data",
    "title": "7. Organising data",
    "_skillsFramework": {
      "_skills": []
    },
    "_pageLevelProgress": {
      "_isEnabled": true,
      "_showPageCompletion": true
    }
  },
  {
    "_graphic": {
      "alt": "",
      "src": "course/en/assets/3870d2023395291d5f1bd5c0837f8178067fd665.jpg"
    },
    "_id": "5894b15efda9f5660ad8426e",
    "_parentId": "course",
    "_type": "page",
    "_isAvailable": true,
    "_isOptional": false,
    "_lockedBy": [],
    "duration": "",
    "linkText": "View",
    "_classes": "",
    "body": "<p dir=\"ltr\">From organising data in a spreadsheet to more complex data formats. In this technical module we explore some of the most common data formats and structures.</p>",
    "displayTitle": "8. Formatting data",
    "title": "8. Formatting data",
    "_skillsFramework": {
      "_skills": [
        {
          "outcome": "Identify characteristics of different data formats",
          "credits": 10,
          "level": "practitioner"
        },
        {
          "outcome": "List criteria for choosing the right data format",
          "credits": 5,
          "level": "practitioner"
        }
      ]
    },
    "_pageLevelProgress": {
      "_isEnabled": true,
      "_showPageCompletion": true
    }
  },
  {
    "_graphic": {
      "alt": "",
      "src": "course/en/assets/33486d36922cc44d7b5832d0c3a21bc1722f88af.jpg"
    },
    "_id": "5891cb83b61c46e176e7ebbc",
    "_parentId": "course",
    "_type": "page",
    "_isAvailable": true,
    "_isOptional": false,
    "_lockedBy": [],
    "duration": "",
    "linkText": "View",
    "_classes": "",
    "body": "<p dir=\"ltr\">Data containing errors leads to analysis and visualisations containing errors. Before any analysis can take place you need &nbsp;to be able to identify and remove errors from data. This module looks at common errors and useful tools to remove them.</p>",
    "displayTitle": "9. Cleaning data",
    "title": "9. Cleaning data",
    "_skillsFramework": {
      "_skills": []
    },
    "_pageLevelProgress": {
      "_isEnabled": true,
      "_showPageCompletion": true
    }
  },
  {
    "_graphic": {
      "alt": "",
      "src": "course/en/assets/42cae611b9faff51566fabe51f7bfb9615f01211.jpg"
    },
    "_id": "5891cb83b61c46e176e7ebba",
    "_parentId": "course",
    "_type": "page",
    "_isAvailable": true,
    "_isOptional": false,
    "_lockedBy": [],
    "duration": "",
    "linkText": "View",
    "_classes": "",
    "body": "<p dir=\"ltr\">Once data is clean, it is ready for analysis. This analysis does not have to use complex statistical methods. This module introduces key spreadsheet features, including pivot tables, that can help you quickly sort, filter and analyse data.</p>",
    "displayTitle": "10. Filtering and pivot tables",
    "title": "10. Filtering and pivot tables",
    "_skillsFramework": {
      "_skills": []
    },
    "_pageLevelProgress": {
      "_isEnabled": true,
      "_showPageCompletion": true
    }
  },
  {
    "_graphic": {
      "alt": "",
      "src": "course/en/assets/ca044aca014a764b789ad1c8c4481eaa0e2ef182.jpg"
    },
    "_id": "5891cb83b61c46e176e7ebbd",
    "_parentId": "course",
    "_type": "page",
    "_isAvailable": true,
    "_isOptional": false,
    "_lockedBy": [],
    "duration": "",
    "linkText": "View",
    "_classes": "",
    "body": "<p dir=\"ltr\">Data visualisations help communicate insights in an easy and quick way. However, picking the most appropriate visualisation format can be tricky. This module will enable you to to select appropriate visualisations and provide you with key examples of data visualisations.</p>",
    "displayTitle": "11. Data visualisation formats",
    "title": "11. Data visualisation formats",
    "_skillsFramework": {
      "_skills": []
    },
    "_pageLevelProgress": {
      "_isEnabled": true,
      "_showPageCompletion": true
    }
  },
  {
    "_graphic": {
      "alt": "",
      "src": "course/en/assets/d2445a55c3baba4530ca53aef667079d65b9b497.jpg"
    },
    "_id": "5891cb83b61c46e176e7ebbe",
    "_parentId": "course",
    "_type": "page",
    "_isAvailable": true,
    "_isOptional": false,
    "_lockedBy": [],
    "duration": "",
    "linkText": "View",
    "_classes": "",
    "body": "<p dir=\"ltr\">Visualising data enables us to grasp difficult concepts or identify new patterns quickly. This module introduces the key tricks that help the human eye and brain process and understand data much faster.</p>",
    "displayTitle": "12. Data visualisation best practice",
    "title": "12. Data visualisation best practice",
    "_skillsFramework": {
      "_skills": []
    },
    "_pageLevelProgress": {
      "_isEnabled": true,
      "_showPageCompletion": true
    }
  },
  {
    "_graphic": {
      "alt": "",
      "src": "course/en/assets/c5ee47a1a79ee4e989b5d26e2b71c7e1892d1e7d.jpg"
    },
    "_id": "5891cb83b61c46e176e7ebb8",
    "_parentId": "course",
    "_type": "page",
    "_isAvailable": true,
    "_isOptional": false,
    "_lockedBy": [],
    "duration": "",
    "linkText": "View",
    "_classes": "",
    "body": "<p dir=\"ltr\">Data visualisations vastly decrease the amount of time it takes to communicate a message. However, not all data visualisations are equal. In some cases, a combination of tricks are used to either emphasise a point or mislead the viewer. This module looks at such techniques and how they can be used or avoided.</p>",
    "displayTitle": "13. Visual deception",
    "title": "13. Visual deception",
    "_skillsFramework": {
      "_skills": []
    },
    "_pageLevelProgress": {
      "_isEnabled": true,
      "_showPageCompletion": true
    }
  },
  {
    "_graphic": {
      "alt": "",
      "src": "course/en/assets/60f5321e92f1c6ea08493dd85e5da0f6b47e654b.jpg"
    },
    "_id": "5891cb83b61c46e176e7ebbf",
    "_parentId": "course",
    "_type": "page",
    "_isAvailable": true,
    "_isOptional": false,
    "_lockedBy": [],
    "duration": "",
    "linkText": "View",
    "_classes": "",
    "body": "<p dir=\"ltr\">Data visualisations can be a powerful way of bringing data to life, and help others deduce meaning from data. But a data visualisation on its own is rarely enough to convey the whole story in a memorable way. This module looks at how an engaging narrative can bring a story to life.</p>",
    "displayTitle": "14. Narrating your story",
    "title": "14. Narrating your story",
    "_skillsFramework": {
      "_skills": []
    },
    "_pageLevelProgress": {
      "_isEnabled": true,
      "_showPageCompletion": true
    }
  }
]