[
  {
    "_id": "581c76824d7b7e82691e408c",
    "_parentId": "581c76824d7b7e82691e408b",
    "_type": "article",
    "_isAvailable": true,
    "_isOptional": false,
    "_classes": "",
    "body": "",
    "displayTitle": "",
    "title": "Article title"
  },
  {
    "_id": "584928ca4d7b7e82691e4bd3",
    "_parentId": "584928ca4d7b7e82691e4bd1",
    "_type": "article",
    "_isAvailable": true,
    "_isOptional": false,
    "_classes": "",
    "body": "",
    "displayTitle": "",
    "title": " "
  },
  {
    "_id": "584928ce4d7b7e82691e4c2a",
    "_parentId": "584928ce4d7b7e82691e4c28",
    "_type": "article",
    "_isAvailable": true,
    "_isOptional": false,
    "_classes": "",
    "body": "",
    "displayTitle": "",
    "title": "Article title"
  },
  {
    "_id": "584928f24d7b7e82691e4cf3",
    "_parentId": "584928f24d7b7e82691e4cf1",
    "_type": "article",
    "_isAvailable": true,
    "_isOptional": false,
    "_classes": "",
    "body": "",
    "displayTitle": "",
    "title": " "
  },
  {
    "_id": "58d17f03d084d5167a04ba02",
    "_parentId": "58d17f03d084d5167a04ba01",
    "_type": "article",
    "_isAvailable": true,
    "_isOptional": false,
    "_classes": "",
    "body": "",
    "displayTitle": " ",
    "title": " "
  },
  {
    "_id": "58d542f3d084d5167a04c073",
    "_parentId": "58d542f3d084d5167a04c072",
    "_type": "article",
    "_isAvailable": true,
    "_isOptional": false,
    "_classes": "color-one",
    "body": "",
    "displayTitle": " ",
    "title": " "
  },
  {
    "_id": "58dce6add084d5167a04c161",
    "_parentId": "58d17f03d084d5167a04ba01",
    "_type": "article",
    "_isAvailable": true,
    "_isOptional": false,
    "_classes": "",
    "body": "",
    "displayTitle": " ",
    "title": " "
  },
  {
    "_id": "58de8817d084d5167a04c242",
    "_parentId": "58d542f3d084d5167a04c072",
    "_type": "article",
    "_isAvailable": true,
    "_isOptional": false,
    "_classes": "",
    "body": "",
    "displayTitle": " ",
    "title": " "
  },
  {
    "_id": "58dcec45d084d5167a04c1c1",
    "_parentId": "58d17f03d084d5167a04ba01",
    "_type": "article",
    "_isAvailable": true,
    "_isOptional": false,
    "_classes": "",
    "body": "",
    "displayTitle": " ",
    "title": " "
  },
  {
    "_id": "58de8d17d084d5167a04c257",
    "_parentId": "58d542f3d084d5167a04c072",
    "_type": "article",
    "_isAvailable": true,
    "_isOptional": false,
    "_classes": "",
    "body": "",
    "displayTitle": " ",
    "title": " "
  }
]