[
  {
    "_id": "584928ca4d7b7e82691e4bd6",
    "_parentId": "584928ca4d7b7e82691e4bd3",
    "_type": "block",
    "_isAvailable": true,
    "_isOptional": false,
    "_trackingId": 1,
    "_classes": "color-one",
    "body": "",
    "displayTitle": "",
    "title": "   "
  },
  {
    "_id": "584928ce4d7b7e82691e4c36",
    "_parentId": "584928ce4d7b7e82691e4c2a",
    "_type": "block",
    "_isAvailable": true,
    "_isOptional": false,
    "_trackingId": 2,
    "_classes": "color-three",
    "body": "",
    "displayTitle": "",
    "title": "   "
  },
  {
    "_id": "581c76824d7b7e82691e408d",
    "_parentId": "581c76824d7b7e82691e408c",
    "_type": "block",
    "_isAvailable": true,
    "_isOptional": false,
    "_trackingId": 3,
    "_classes": "color-nine",
    "body": "",
    "displayTitle": "",
    "title": "   "
  },
  {
    "_id": "584928f24d7b7e82691e4cfa",
    "_parentId": "584928f24d7b7e82691e4cf3",
    "_type": "block",
    "_isAvailable": true,
    "_isOptional": false,
    "_trackingId": 4,
    "_classes": "color-ten",
    "body": "",
    "displayTitle": "",
    "title": "   "
  },
  {
    "_id": "584937584d7b7e82691e4dc4",
    "_parentId": "584928ca4d7b7e82691e4bd3",
    "_type": "block",
    "_isAvailable": true,
    "_isOptional": false,
    "_trackingId": 5,
    "_classes": "inverted color-one",
    "body": "",
    "displayTitle": " ",
    "title": " "
  },
  {
    "_id": "581c78854d7b7e82691e40aa",
    "_parentId": "581c76824d7b7e82691e408c",
    "_type": "block",
    "_isAvailable": true,
    "_isOptional": false,
    "_trackingId": 6,
    "_classes": "inverted color-nine",
    "body": "",
    "displayTitle": "",
    "title": "   "
  },
  {
    "_id": "584928ce4d7b7e82691e4c37",
    "_parentId": "584928ce4d7b7e82691e4c2a",
    "_type": "block",
    "_isAvailable": true,
    "_isOptional": false,
    "_trackingId": 7,
    "_classes": "inverted color-three",
    "body": "",
    "displayTitle": "",
    "title": "   "
  },
  {
    "_id": "584928f24d7b7e82691e4cf8",
    "_parentId": "584928f24d7b7e82691e4cf3",
    "_type": "block",
    "_isAvailable": true,
    "_isOptional": false,
    "_trackingId": 8,
    "_classes": "inverted color-ten",
    "body": "",
    "displayTitle": "",
    "title": "   "
  },
  {
    "_id": "584928ca4d7b7e82691e4bd8",
    "_parentId": "584928ca4d7b7e82691e4bd3",
    "_type": "block",
    "_isAvailable": true,
    "_isOptional": false,
    "_trackingId": 9,
    "_classes": "color-one",
    "body": "",
    "displayTitle": "   ",
    "title": "   "
  },
  {
    "_id": "584928ce4d7b7e82691e4c31",
    "_parentId": "584928ce4d7b7e82691e4c2a",
    "_type": "block",
    "_isAvailable": true,
    "_isOptional": false,
    "_trackingId": 10,
    "_classes": "color-three",
    "body": "",
    "displayTitle": "",
    "title": "   "
  },
  {
    "_id": "584928f24d7b7e82691e4cf9",
    "_parentId": "584928f24d7b7e82691e4cf3",
    "_type": "block",
    "_isAvailable": true,
    "_isOptional": false,
    "_trackingId": 11,
    "_classes": "color-ten",
    "body": "",
    "displayTitle": "   ",
    "title": "   "
  },
  {
    "_id": "581c78504d7b7e82691e409e",
    "_parentId": "581c76824d7b7e82691e408c",
    "_type": "block",
    "_isAvailable": true,
    "_isOptional": false,
    "_trackingId": 12,
    "_classes": "color-nine",
    "body": "",
    "displayTitle": "   ",
    "title": "   "
  },
  {
    "_id": "584928f24d7b7e82691e4cfc",
    "_parentId": "584928f24d7b7e82691e4cf3",
    "_type": "block",
    "_isAvailable": true,
    "_isOptional": false,
    "_trackingId": 13,
    "_classes": "inverted color-ten",
    "body": "",
    "displayTitle": "   ",
    "title": "   "
  },
  {
    "_id": "584928ce4d7b7e82691e4c34",
    "_parentId": "584928ce4d7b7e82691e4c2a",
    "_type": "block",
    "_isAvailable": true,
    "_isOptional": false,
    "_trackingId": 14,
    "_classes": "inverted color-three",
    "body": "",
    "displayTitle": "   ",
    "title": "   "
  },
  {
    "_id": "581c78514d7b7e82691e409f",
    "_parentId": "581c76824d7b7e82691e408c",
    "_type": "block",
    "_isAvailable": true,
    "_isOptional": false,
    "_trackingId": 15,
    "_classes": "inverted color-nine",
    "body": "",
    "displayTitle": "   ",
    "title": "   "
  },
  {
    "_id": "584928ca4d7b7e82691e4bdb",
    "_parentId": "584928ca4d7b7e82691e4bd3",
    "_type": "block",
    "_isAvailable": true,
    "_isOptional": false,
    "_trackingId": 16,
    "_classes": "inverted color-one",
    "body": "",
    "displayTitle": "   ",
    "title": "   "
  },
  {
    "_id": "584928ce4d7b7e82691e4c35",
    "_parentId": "584928ce4d7b7e82691e4c2a",
    "_type": "block",
    "_isAvailable": true,
    "_isOptional": false,
    "_trackingId": 17,
    "_classes": "color-six section-banner",
    "body": "",
    "displayTitle": "",
    "title": "   "
  },
  {
    "_id": "581c78534d7b7e82691e40a0",
    "_parentId": "581c76824d7b7e82691e408c",
    "_type": "block",
    "_isAvailable": true,
    "_isOptional": false,
    "_trackingId": 18,
    "_classes": "color-nine",
    "body": "",
    "displayTitle": "   ",
    "title": "   "
  },
  {
    "_id": "584928ca4d7b7e82691e4bdd",
    "_parentId": "584928ca4d7b7e82691e4bd3",
    "_type": "block",
    "_isAvailable": true,
    "_isOptional": false,
    "_trackingId": 19,
    "_classes": "color-six section-banner",
    "body": "",
    "displayTitle": "",
    "title": "   "
  },
  {
    "_id": "584928f24d7b7e82691e4cfb",
    "_parentId": "584928f24d7b7e82691e4cf3",
    "_type": "block",
    "_isAvailable": true,
    "_isOptional": false,
    "_trackingId": 20,
    "_classes": "color-ten",
    "body": "",
    "displayTitle": "",
    "title": "   "
  },
  {
    "_id": "584928f24d7b7e82691e4cfe",
    "_parentId": "584928f24d7b7e82691e4cf3",
    "_type": "block",
    "_isAvailable": true,
    "_isOptional": false,
    "_trackingId": 21,
    "_classes": "color-six inverted section-banner",
    "body": "",
    "displayTitle": "",
    "title": "   "
  },
  {
    "_id": "58385cfd4d7b7e82691e4788",
    "_parentId": "581c76824d7b7e82691e408c",
    "_type": "block",
    "_isAvailable": true,
    "_isOptional": false,
    "_trackingId": 22,
    "_classes": "color-six inverted section-banner",
    "body": "",
    "displayTitle": "",
    "title": " "
  },
  {
    "_id": "584928ce4d7b7e82691e4c30",
    "_parentId": "584928ce4d7b7e82691e4c2a",
    "_type": "block",
    "_isAvailable": true,
    "_isOptional": false,
    "_trackingId": 23,
    "_classes": "inverted color-six",
    "body": "",
    "displayTitle": "   ",
    "title": "   "
  },
  {
    "_id": "58493aef4d7b7e82691e4dca",
    "_parentId": "584928ca4d7b7e82691e4bd3",
    "_type": "block",
    "_isAvailable": true,
    "_isOptional": false,
    "_trackingId": 24,
    "_classes": "inverted color-six",
    "body": "",
    "displayTitle": " ",
    "title": " "
  },
  {
    "_id": "58493b084d7b7e82691e4dcd",
    "_parentId": "584928ca4d7b7e82691e4bd3",
    "_type": "block",
    "_isAvailable": true,
    "_isOptional": false,
    "_trackingId": 25,
    "_classes": "color-six",
    "body": "",
    "displayTitle": " ",
    "title": " "
  },
  {
    "_id": "584928f24d7b7e82691e4cf6",
    "_parentId": "584928f24d7b7e82691e4cf3",
    "_type": "block",
    "_isAvailable": true,
    "_isOptional": false,
    "_trackingId": 26,
    "_classes": "color-six",
    "body": "",
    "displayTitle": "   ",
    "title": "   "
  },
  {
    "_id": "581c79004d7b7e82691e40b4",
    "_parentId": "581c76824d7b7e82691e408c",
    "_type": "block",
    "_isAvailable": true,
    "_isOptional": false,
    "_trackingId": 27,
    "_classes": "color-six",
    "body": "",
    "displayTitle": "    ",
    "title": "    "
  },
  {
    "_id": "584928ce4d7b7e82691e4c2f",
    "_parentId": "584928ce4d7b7e82691e4c2a",
    "_type": "block",
    "_isAvailable": true,
    "_isOptional": false,
    "_trackingId": 28,
    "_classes": "color-six",
    "body": "",
    "displayTitle": "   ",
    "title": "   "
  },
  {
    "_id": "584928ce4d7b7e82691e4c2e",
    "_parentId": "584928ce4d7b7e82691e4c2a",
    "_type": "block",
    "_isAvailable": true,
    "_isOptional": false,
    "_trackingId": 29,
    "_classes": "inverted color-six",
    "body": "",
    "displayTitle": "    ",
    "title": "    "
  },
  {
    "_id": "584928f24d7b7e82691e4cf4",
    "_parentId": "584928f24d7b7e82691e4cf3",
    "_type": "block",
    "_isAvailable": true,
    "_isOptional": false,
    "_trackingId": 30,
    "_classes": "inverted color-six",
    "body": "",
    "displayTitle": "    ",
    "title": "    "
  },
  {
    "_id": "58493b274d7b7e82691e4dd0",
    "_parentId": "584928ca4d7b7e82691e4bd3",
    "_type": "block",
    "_isAvailable": true,
    "_isOptional": false,
    "_trackingId": 31,
    "_classes": "inverted color-six",
    "body": "",
    "displayTitle": " ",
    "title": " "
  },
  {
    "_id": "581c79144d7b7e82691e40b8",
    "_parentId": "581c76824d7b7e82691e408c",
    "_type": "block",
    "_isAvailable": true,
    "_isOptional": false,
    "_trackingId": 32,
    "_classes": "inverted color-six",
    "body": "",
    "displayTitle": "   ",
    "title": "   "
  },
  {
    "_id": "584928ca4d7b7e82691e4bd5",
    "_parentId": "584928ca4d7b7e82691e4bd3",
    "_type": "block",
    "_isAvailable": true,
    "_isOptional": false,
    "_trackingId": 33,
    "_classes": "inverted footer",
    "body": "",
    "displayTitle": "",
    "title": " "
  },
  {
    "_id": "584928ce4d7b7e82691e4c2d",
    "_parentId": "584928ce4d7b7e82691e4c2a",
    "_type": "block",
    "_isAvailable": true,
    "_isOptional": false,
    "_trackingId": 34,
    "_classes": "inverted footer",
    "body": "",
    "displayTitle": "   ",
    "title": "   "
  },
  {
    "_id": "581c79314d7b7e82691e40c0",
    "_parentId": "581c76824d7b7e82691e408c",
    "_type": "block",
    "_isAvailable": true,
    "_isOptional": false,
    "_trackingId": 35,
    "_classes": "color-six",
    "body": "",
    "displayTitle": "   ",
    "title": "   "
  },
  {
    "_id": "584928f24d7b7e82691e4cf5",
    "_parentId": "584928f24d7b7e82691e4cf3",
    "_type": "block",
    "_isAvailable": true,
    "_isOptional": false,
    "_trackingId": 36,
    "_classes": "color-six",
    "body": "",
    "displayTitle": "   ",
    "title": "   "
  },
  {
    "_id": "581c791f4d7b7e82691e40bc",
    "_parentId": "581c76824d7b7e82691e408c",
    "_type": "block",
    "_isAvailable": true,
    "_isOptional": false,
    "_trackingId": 37,
    "_classes": "inverted color-six",
    "body": "",
    "displayTitle": "   ",
    "title": "   "
  },
  {
    "_id": "584963ad4d7b7e82691e4de6",
    "_parentId": "584928f24d7b7e82691e4cf3",
    "_type": "block",
    "_isAvailable": true,
    "_isOptional": false,
    "_trackingId": 38,
    "_classes": "inverted color-six",
    "body": "",
    "displayTitle": " ",
    "title": " "
  },
  {
    "_id": "584928f24d7b7e82691e4cf7",
    "_parentId": "584928f24d7b7e82691e4cf3",
    "_type": "block",
    "_isAvailable": true,
    "_isOptional": false,
    "_trackingId": 39,
    "_classes": "inverted footer",
    "body": "",
    "displayTitle": "",
    "title": " "
  },
  {
    "_id": "581c785b4d7b7e82691e40a6",
    "_parentId": "581c76824d7b7e82691e408c",
    "_type": "block",
    "_isAvailable": true,
    "_isOptional": false,
    "_trackingId": 40,
    "_classes": "inverted footer",
    "body": "",
    "displayTitle": "   ",
    "title": "   "
  },
  {
    "_id": "58947d4dfda9f5660ad841bc",
    "_parentId": "584928f24d7b7e82691e4cf3",
    "_type": "block",
    "_isAvailable": true,
    "_isOptional": false,
    "_trackingId": 41,
    "_classes": "inverted color-six",
    "body": "",
    "displayTitle": " ",
    "title": " "
  }
]