[
  {
    "_id": "584928ca4d7b7e82691e4bd6",
    "_parentId": "584928ca4d7b7e82691e4bd3",
    "_type": "block",
    "_isAvailable": true,
    "_isOptional": false,
    "_trackingId": 1,
    "_classes": "color-one",
    "body": "",
    "displayTitle": "",
    "title": "   "
  },
  {
    "_id": "584928ce4d7b7e82691e4c36",
    "_parentId": "584928ce4d7b7e82691e4c2a",
    "_type": "block",
    "_isAvailable": true,
    "_isOptional": false,
    "_trackingId": 2,
    "_classes": "color-three",
    "body": "",
    "displayTitle": "",
    "title": "   "
  },
  {
    "_id": "581c76824d7b7e82691e408d",
    "_parentId": "581c76824d7b7e82691e408c",
    "_type": "block",
    "_isAvailable": true,
    "_isOptional": false,
    "_trackingId": 3,
    "_classes": "color-nine",
    "body": "",
    "displayTitle": "",
    "title": "   "
  },
  {
    "_id": "5824a05c4d7b7e82691e4253",
    "_parentId": "5824a05c4d7b7e82691e4252",
    "_type": "block",
    "_isAvailable": true,
    "_isOptional": false,
    "_trackingId": 4,
    "_classes": "",
    "body": "",
    "displayTitle": "",
    "title": "   "
  },
  {
    "_id": "5821e1594d7b7e82691e4141",
    "_parentId": "5821e1594d7b7e82691e4140",
    "_type": "block",
    "_isAvailable": true,
    "_isOptional": false,
    "_trackingId": 5,
    "_classes": "",
    "body": "",
    "displayTitle": "",
    "title": "   "
  },
  {
    "_id": "582477504d7b7e82691e41a9",
    "_parentId": "582477504d7b7e82691e41a8",
    "_type": "block",
    "_isAvailable": true,
    "_isOptional": false,
    "_trackingId": 6,
    "_classes": "",
    "body": "",
    "displayTitle": "",
    "title": "   "
  },
  {
    "_id": "584928f24d7b7e82691e4cfa",
    "_parentId": "584928f24d7b7e82691e4cf3",
    "_type": "block",
    "_isAvailable": true,
    "_isOptional": false,
    "_trackingId": 7,
    "_classes": "color-ten",
    "body": "",
    "displayTitle": "",
    "title": "   "
  },
  {
    "_id": "584937584d7b7e82691e4dc4",
    "_parentId": "584928ca4d7b7e82691e4bd3",
    "_type": "block",
    "_isAvailable": true,
    "_isOptional": false,
    "_trackingId": 8,
    "_classes": "inverted color-one",
    "body": "",
    "displayTitle": " ",
    "title": " "
  },
  {
    "_id": "581c78854d7b7e82691e40aa",
    "_parentId": "581c76824d7b7e82691e408c",
    "_type": "block",
    "_isAvailable": true,
    "_isOptional": false,
    "_trackingId": 9,
    "_classes": "inverted color-nine",
    "body": "",
    "displayTitle": "",
    "title": "   "
  },
  {
    "_id": "582ca11c4d7b7e82691e4458",
    "_parentId": "582477504d7b7e82691e41a8",
    "_type": "block",
    "_isAvailable": true,
    "_isOptional": false,
    "_trackingId": 10,
    "_classes": "inverted color-two",
    "body": "",
    "displayTitle": "",
    "title": "   "
  },
  {
    "_id": "5821e1594d7b7e82691e4146",
    "_parentId": "5821e1594d7b7e82691e4140",
    "_type": "block",
    "_isAvailable": true,
    "_isOptional": false,
    "_trackingId": 11,
    "_classes": "inverted color-seven",
    "body": "",
    "displayTitle": "",
    "title": "   "
  },
  {
    "_id": "5824a05c4d7b7e82691e4258",
    "_parentId": "5824a05c4d7b7e82691e4252",
    "_type": "block",
    "_isAvailable": true,
    "_isOptional": false,
    "_trackingId": 12,
    "_classes": "inverted color-six",
    "body": "",
    "displayTitle": "",
    "title": "   "
  },
  {
    "_id": "584928ce4d7b7e82691e4c37",
    "_parentId": "584928ce4d7b7e82691e4c2a",
    "_type": "block",
    "_isAvailable": true,
    "_isOptional": false,
    "_trackingId": 13,
    "_classes": "inverted color-three",
    "body": "",
    "displayTitle": "",
    "title": "   "
  },
  {
    "_id": "584928f24d7b7e82691e4cf8",
    "_parentId": "584928f24d7b7e82691e4cf3",
    "_type": "block",
    "_isAvailable": true,
    "_isOptional": false,
    "_trackingId": 14,
    "_classes": "inverted color-ten",
    "body": "",
    "displayTitle": "",
    "title": "   "
  },
  {
    "_id": "584928ca4d7b7e82691e4bd8",
    "_parentId": "584928ca4d7b7e82691e4bd3",
    "_type": "block",
    "_isAvailable": true,
    "_isOptional": false,
    "_trackingId": 15,
    "_classes": "color-one",
    "body": "",
    "displayTitle": "   ",
    "title": "   "
  },
  {
    "_id": "584928ce4d7b7e82691e4c31",
    "_parentId": "584928ce4d7b7e82691e4c2a",
    "_type": "block",
    "_isAvailable": true,
    "_isOptional": false,
    "_trackingId": 16,
    "_classes": "color-three",
    "body": "",
    "displayTitle": "",
    "title": "   "
  },
  {
    "_id": "584928f24d7b7e82691e4cf9",
    "_parentId": "584928f24d7b7e82691e4cf3",
    "_type": "block",
    "_isAvailable": true,
    "_isOptional": false,
    "_trackingId": 17,
    "_classes": "color-ten",
    "body": "",
    "displayTitle": "   ",
    "title": "   "
  },
  {
    "_id": "581c78504d7b7e82691e409e",
    "_parentId": "581c76824d7b7e82691e408c",
    "_type": "block",
    "_isAvailable": true,
    "_isOptional": false,
    "_trackingId": 18,
    "_classes": "color-nine",
    "body": "",
    "displayTitle": "   ",
    "title": "   "
  },
  {
    "_id": "5824a05c4d7b7e82691e4254",
    "_parentId": "5824a05c4d7b7e82691e4252",
    "_type": "block",
    "_isAvailable": true,
    "_isOptional": false,
    "_trackingId": 19,
    "_classes": "",
    "body": "",
    "displayTitle": "   ",
    "title": "   "
  },
  {
    "_id": "58357e494d7b7e82691e470a",
    "_parentId": "5821e1594d7b7e82691e4140",
    "_type": "block",
    "_isAvailable": true,
    "_isOptional": false,
    "_trackingId": 20,
    "_classes": "",
    "body": "",
    "displayTitle": "",
    "title": "   "
  },
  {
    "_id": "582ca0fb4d7b7e82691e4452",
    "_parentId": "582477504d7b7e82691e41a8",
    "_type": "block",
    "_isAvailable": true,
    "_isOptional": false,
    "_trackingId": 21,
    "_classes": "",
    "body": "",
    "displayTitle": "   ",
    "title": "   "
  },
  {
    "_id": "582c51104d7b7e82691e441e",
    "_parentId": "5821e1594d7b7e82691e4140",
    "_type": "block",
    "_isAvailable": true,
    "_isOptional": false,
    "_trackingId": 22,
    "_classes": "",
    "body": "",
    "displayTitle": "",
    "title": "   "
  },
  {
    "_id": "584928f24d7b7e82691e4cfc",
    "_parentId": "584928f24d7b7e82691e4cf3",
    "_type": "block",
    "_isAvailable": true,
    "_isOptional": false,
    "_trackingId": 23,
    "_classes": "inverted color-ten",
    "body": "",
    "displayTitle": "   ",
    "title": "   "
  },
  {
    "_id": "584928ce4d7b7e82691e4c34",
    "_parentId": "584928ce4d7b7e82691e4c2a",
    "_type": "block",
    "_isAvailable": true,
    "_isOptional": false,
    "_trackingId": 24,
    "_classes": "inverted color-three",
    "body": "",
    "displayTitle": "   ",
    "title": "   "
  },
  {
    "_id": "581c78514d7b7e82691e409f",
    "_parentId": "581c76824d7b7e82691e408c",
    "_type": "block",
    "_isAvailable": true,
    "_isOptional": false,
    "_trackingId": 25,
    "_classes": "inverted color-nine",
    "body": "",
    "displayTitle": "   ",
    "title": "   "
  },
  {
    "_id": "5824a05c4d7b7e82691e4255",
    "_parentId": "5824a05c4d7b7e82691e4252",
    "_type": "block",
    "_isAvailable": true,
    "_isOptional": false,
    "_trackingId": 26,
    "_classes": "inverted color-five",
    "body": "",
    "displayTitle": "   ",
    "title": "   "
  },
  {
    "_id": "582477504d7b7e82691e41ae",
    "_parentId": "582477504d7b7e82691e41a8",
    "_type": "block",
    "_isAvailable": true,
    "_isOptional": false,
    "_trackingId": 27,
    "_classes": "inverted color-five",
    "body": "",
    "displayTitle": "",
    "title": "   "
  },
  {
    "_id": "584928ca4d7b7e82691e4bdb",
    "_parentId": "584928ca4d7b7e82691e4bd3",
    "_type": "block",
    "_isAvailable": true,
    "_isOptional": false,
    "_trackingId": 28,
    "_classes": "inverted color-one",
    "body": "",
    "displayTitle": "   ",
    "title": "   "
  },
  {
    "_id": "584928ce4d7b7e82691e4c35",
    "_parentId": "584928ce4d7b7e82691e4c2a",
    "_type": "block",
    "_isAvailable": true,
    "_isOptional": false,
    "_trackingId": 29,
    "_classes": "color-six section-banner",
    "body": "",
    "displayTitle": "",
    "title": "   "
  },
  {
    "_id": "581c78534d7b7e82691e40a0",
    "_parentId": "581c76824d7b7e82691e408c",
    "_type": "block",
    "_isAvailable": true,
    "_isOptional": false,
    "_trackingId": 30,
    "_classes": "color-nine",
    "body": "",
    "displayTitle": "   ",
    "title": "   "
  },
  {
    "_id": "58357f514d7b7e82691e4713",
    "_parentId": "5821e1594d7b7e82691e4140",
    "_type": "block",
    "_isAvailable": true,
    "_isOptional": false,
    "_trackingId": 31,
    "_classes": "inverted color-one",
    "body": "",
    "displayTitle": "",
    "title": "   "
  },
  {
    "_id": "5824a05c4d7b7e82691e4256",
    "_parentId": "5824a05c4d7b7e82691e4252",
    "_type": "block",
    "_isAvailable": true,
    "_isOptional": false,
    "_trackingId": 32,
    "_classes": "",
    "body": "",
    "displayTitle": "   ",
    "title": "   "
  },
  {
    "_id": "582ca7084d7b7e82691e4472",
    "_parentId": "582477504d7b7e82691e41a8",
    "_type": "block",
    "_isAvailable": true,
    "_isOptional": false,
    "_trackingId": 33,
    "_classes": "",
    "body": "",
    "displayTitle": "   ",
    "title": "   "
  },
  {
    "_id": "584928ca4d7b7e82691e4bdd",
    "_parentId": "584928ca4d7b7e82691e4bd3",
    "_type": "block",
    "_isAvailable": true,
    "_isOptional": false,
    "_trackingId": 34,
    "_classes": "color-six section-banner",
    "body": "",
    "displayTitle": "",
    "title": "   "
  },
  {
    "_id": "584928f24d7b7e82691e4cfb",
    "_parentId": "584928f24d7b7e82691e4cf3",
    "_type": "block",
    "_isAvailable": true,
    "_isOptional": false,
    "_trackingId": 35,
    "_classes": "color-ten",
    "body": "",
    "displayTitle": "",
    "title": "   "
  },
  {
    "_id": "584928f24d7b7e82691e4cfe",
    "_parentId": "584928f24d7b7e82691e4cf3",
    "_type": "block",
    "_isAvailable": true,
    "_isOptional": false,
    "_trackingId": 36,
    "_classes": "color-six inverted section-banner",
    "body": "",
    "displayTitle": "",
    "title": "   "
  },
  {
    "_id": "5821e1594d7b7e82691e4143",
    "_parentId": "5821e1594d7b7e82691e4140",
    "_type": "block",
    "_isAvailable": true,
    "_isOptional": false,
    "_trackingId": 37,
    "_classes": "inverted color-one",
    "body": "",
    "displayTitle": "   ",
    "title": "   "
  },
  {
    "_id": "58385cfd4d7b7e82691e4788",
    "_parentId": "581c76824d7b7e82691e408c",
    "_type": "block",
    "_isAvailable": true,
    "_isOptional": false,
    "_trackingId": 38,
    "_classes": "color-six inverted section-banner",
    "body": "",
    "displayTitle": "",
    "title": " "
  },
  {
    "_id": "582478824d7b7e82691e41e2",
    "_parentId": "582477504d7b7e82691e41a8",
    "_type": "block",
    "_isAvailable": true,
    "_isOptional": false,
    "_trackingId": 39,
    "_classes": "inverted color-four",
    "body": "",
    "displayTitle": "",
    "title": "   "
  },
  {
    "_id": "58385db64d7b7e82691e4797",
    "_parentId": "5824a05c4d7b7e82691e4252",
    "_type": "block",
    "_isAvailable": true,
    "_isOptional": false,
    "_trackingId": 40,
    "_classes": "color-one inverted section-banner",
    "body": "",
    "displayTitle": "",
    "title": "   "
  },
  {
    "_id": "584928ce4d7b7e82691e4c30",
    "_parentId": "584928ce4d7b7e82691e4c2a",
    "_type": "block",
    "_isAvailable": true,
    "_isOptional": false,
    "_trackingId": 41,
    "_classes": "inverted color-six",
    "body": "",
    "displayTitle": "   ",
    "title": "   "
  },
  {
    "_id": "58493aef4d7b7e82691e4dca",
    "_parentId": "584928ca4d7b7e82691e4bd3",
    "_type": "block",
    "_isAvailable": true,
    "_isOptional": false,
    "_trackingId": 42,
    "_classes": "inverted color-six",
    "body": "",
    "displayTitle": " ",
    "title": " "
  },
  {
    "_id": "58493b084d7b7e82691e4dcd",
    "_parentId": "584928ca4d7b7e82691e4bd3",
    "_type": "block",
    "_isAvailable": true,
    "_isOptional": false,
    "_trackingId": 43,
    "_classes": "color-six",
    "body": "",
    "displayTitle": " ",
    "title": " "
  },
  {
    "_id": "5824a05c4d7b7e82691e425a",
    "_parentId": "5824a05c4d7b7e82691e4252",
    "_type": "block",
    "_isAvailable": true,
    "_isOptional": false,
    "_trackingId": 44,
    "_classes": "inverted color-three",
    "body": "",
    "displayTitle": "   ",
    "title": "   "
  },
  {
    "_id": "584928f24d7b7e82691e4cf6",
    "_parentId": "584928f24d7b7e82691e4cf3",
    "_type": "block",
    "_isAvailable": true,
    "_isOptional": false,
    "_trackingId": 45,
    "_classes": "color-six",
    "body": "",
    "displayTitle": "   ",
    "title": "   "
  },
  {
    "_id": "581c79004d7b7e82691e40b4",
    "_parentId": "581c76824d7b7e82691e408c",
    "_type": "block",
    "_isAvailable": true,
    "_isOptional": false,
    "_trackingId": 46,
    "_classes": "color-six",
    "body": "",
    "displayTitle": "    ",
    "title": "    "
  },
  {
    "_id": "582476ce4d7b7e82691e41a4",
    "_parentId": "5821e1594d7b7e82691e4140",
    "_type": "block",
    "_isAvailable": true,
    "_isOptional": false,
    "_trackingId": 47,
    "_classes": "",
    "body": "",
    "displayTitle": "",
    "title": "   "
  },
  {
    "_id": "58385e8c4d7b7e82691e47bf",
    "_parentId": "582477504d7b7e82691e41a8",
    "_type": "block",
    "_isAvailable": true,
    "_isOptional": false,
    "_trackingId": 48,
    "_classes": "color-one inverted section-banner",
    "body": "",
    "displayTitle": "",
    "title": "   "
  },
  {
    "_id": "584928ce4d7b7e82691e4c2f",
    "_parentId": "584928ce4d7b7e82691e4c2a",
    "_type": "block",
    "_isAvailable": true,
    "_isOptional": false,
    "_trackingId": 49,
    "_classes": "color-six",
    "body": "",
    "displayTitle": "   ",
    "title": "   "
  },
  {
    "_id": "584928ce4d7b7e82691e4c2e",
    "_parentId": "584928ce4d7b7e82691e4c2a",
    "_type": "block",
    "_isAvailable": true,
    "_isOptional": false,
    "_trackingId": 50,
    "_classes": "inverted color-six",
    "body": "",
    "displayTitle": "    ",
    "title": "    "
  },
  {
    "_id": "584928f24d7b7e82691e4cf4",
    "_parentId": "584928f24d7b7e82691e4cf3",
    "_type": "block",
    "_isAvailable": true,
    "_isOptional": false,
    "_trackingId": 51,
    "_classes": "inverted color-six",
    "body": "",
    "displayTitle": "    ",
    "title": "    "
  },
  {
    "_id": "58493b274d7b7e82691e4dd0",
    "_parentId": "584928ca4d7b7e82691e4bd3",
    "_type": "block",
    "_isAvailable": true,
    "_isOptional": false,
    "_trackingId": 52,
    "_classes": "inverted color-six",
    "body": "",
    "displayTitle": " ",
    "title": " "
  },
  {
    "_id": "581c79144d7b7e82691e40b8",
    "_parentId": "581c76824d7b7e82691e408c",
    "_type": "block",
    "_isAvailable": true,
    "_isOptional": false,
    "_trackingId": 53,
    "_classes": "inverted color-six",
    "body": "",
    "displayTitle": "   ",
    "title": "   "
  },
  {
    "_id": "582477504d7b7e82691e41b2",
    "_parentId": "582477504d7b7e82691e41a8",
    "_type": "block",
    "_isAvailable": true,
    "_isOptional": false,
    "_trackingId": 54,
    "_classes": "",
    "body": "",
    "displayTitle": "   ",
    "title": "   "
  },
  {
    "_id": "582c5b344d7b7e82691e442b",
    "_parentId": "5821e1594d7b7e82691e4140",
    "_type": "block",
    "_isAvailable": true,
    "_isOptional": false,
    "_trackingId": 55,
    "_classes": "inverted color-two",
    "body": "",
    "displayTitle": "   ",
    "title": "   "
  },
  {
    "_id": "5824a05c4d7b7e82691e425c",
    "_parentId": "5824a05c4d7b7e82691e4252",
    "_type": "block",
    "_isAvailable": true,
    "_isOptional": false,
    "_trackingId": 56,
    "_classes": "",
    "body": "",
    "displayTitle": "   ",
    "title": "   "
  },
  {
    "_id": "584928ca4d7b7e82691e4bd5",
    "_parentId": "584928ca4d7b7e82691e4bd3",
    "_type": "block",
    "_isAvailable": true,
    "_isOptional": false,
    "_trackingId": 57,
    "_classes": "inverted footer",
    "body": "",
    "displayTitle": "",
    "title": " "
  },
  {
    "_id": "584928ce4d7b7e82691e4c2d",
    "_parentId": "584928ce4d7b7e82691e4c2a",
    "_type": "block",
    "_isAvailable": true,
    "_isOptional": false,
    "_trackingId": 58,
    "_classes": "inverted footer",
    "body": "",
    "displayTitle": "   ",
    "title": "   "
  },
  {
    "_id": "581c79314d7b7e82691e40c0",
    "_parentId": "581c76824d7b7e82691e408c",
    "_type": "block",
    "_isAvailable": true,
    "_isOptional": false,
    "_trackingId": 59,
    "_classes": "color-six",
    "body": "",
    "displayTitle": "   ",
    "title": "   "
  },
  {
    "_id": "582477504d7b7e82691e41af",
    "_parentId": "582477504d7b7e82691e41a8",
    "_type": "block",
    "_isAvailable": true,
    "_isOptional": false,
    "_trackingId": 60,
    "_classes": "inverted color-five",
    "body": "",
    "displayTitle": "    ",
    "title": "    "
  },
  {
    "_id": "5824a05c4d7b7e82691e4259",
    "_parentId": "5824a05c4d7b7e82691e4252",
    "_type": "block",
    "_isAvailable": true,
    "_isOptional": false,
    "_trackingId": 61,
    "_classes": "inverted color-six",
    "body": "",
    "displayTitle": "    ",
    "title": "    "
  },
  {
    "_id": "58385e164d7b7e82691e47aa",
    "_parentId": "5821e1594d7b7e82691e4140",
    "_type": "block",
    "_isAvailable": true,
    "_isOptional": false,
    "_trackingId": 62,
    "_classes": "color-one inverted section-banner",
    "body": "",
    "displayTitle": "",
    "title": "   "
  },
  {
    "_id": "584928f24d7b7e82691e4cf5",
    "_parentId": "584928f24d7b7e82691e4cf3",
    "_type": "block",
    "_isAvailable": true,
    "_isOptional": false,
    "_trackingId": 63,
    "_classes": "color-six",
    "body": "",
    "displayTitle": "   ",
    "title": "   "
  },
  {
    "_id": "583574994d7b7e82691e46ec",
    "_parentId": "5824a05c4d7b7e82691e4252",
    "_type": "block",
    "_isAvailable": true,
    "_isOptional": false,
    "_trackingId": 64,
    "_classes": "inverted footer",
    "body": "",
    "displayTitle": "",
    "title": " "
  },
  {
    "_id": "581c791f4d7b7e82691e40bc",
    "_parentId": "581c76824d7b7e82691e408c",
    "_type": "block",
    "_isAvailable": true,
    "_isOptional": false,
    "_trackingId": 65,
    "_classes": "inverted color-six",
    "body": "",
    "displayTitle": "   ",
    "title": "   "
  },
  {
    "_id": "5821e1594d7b7e82691e4148",
    "_parentId": "5821e1594d7b7e82691e4140",
    "_type": "block",
    "_isAvailable": true,
    "_isOptional": false,
    "_trackingId": 66,
    "_classes": "",
    "body": "",
    "displayTitle": "   ",
    "title": "   "
  },
  {
    "_id": "582477504d7b7e82691e41b1",
    "_parentId": "582477504d7b7e82691e41a8",
    "_type": "block",
    "_isAvailable": true,
    "_isOptional": false,
    "_trackingId": 67,
    "_classes": "",
    "body": "",
    "displayTitle": "   ",
    "title": "   "
  },
  {
    "_id": "584963ad4d7b7e82691e4de6",
    "_parentId": "584928f24d7b7e82691e4cf3",
    "_type": "block",
    "_isAvailable": true,
    "_isOptional": false,
    "_trackingId": 68,
    "_classes": "inverted color-six",
    "body": "",
    "displayTitle": " ",
    "title": " "
  },
  {
    "_id": "584928f24d7b7e82691e4cf7",
    "_parentId": "584928f24d7b7e82691e4cf3",
    "_type": "block",
    "_isAvailable": true,
    "_isOptional": false,
    "_trackingId": 69,
    "_classes": "inverted footer",
    "body": "",
    "displayTitle": "",
    "title": " "
  },
  {
    "_id": "581c785b4d7b7e82691e40a6",
    "_parentId": "581c76824d7b7e82691e408c",
    "_type": "block",
    "_isAvailable": true,
    "_isOptional": false,
    "_trackingId": 70,
    "_classes": "inverted footer",
    "body": "",
    "displayTitle": "   ",
    "title": "   "
  },
  {
    "_id": "5821e1594d7b7e82691e414a",
    "_parentId": "5821e1594d7b7e82691e4140",
    "_type": "block",
    "_isAvailable": true,
    "_isOptional": false,
    "_trackingId": 71,
    "_classes": "inverted color-one",
    "body": "",
    "displayTitle": "   ",
    "title": "   "
  },
  {
    "_id": "583866454d7b7e82691e47e5",
    "_parentId": "582477504d7b7e82691e41a8",
    "_type": "block",
    "_isAvailable": true,
    "_isOptional": false,
    "_trackingId": 72,
    "_classes": "inverted footer",
    "body": "",
    "displayTitle": "",
    "title": " "
  },
  {
    "_id": "5821e1594d7b7e82691e4147",
    "_parentId": "5821e1594d7b7e82691e4140",
    "_type": "block",
    "_isAvailable": true,
    "_isOptional": false,
    "_trackingId": 73,
    "_classes": "",
    "body": "",
    "displayTitle": "    ",
    "title": "    "
  },
  {
    "_id": "5821e1594d7b7e82691e4145",
    "_parentId": "5821e1594d7b7e82691e4140",
    "_type": "block",
    "_isAvailable": true,
    "_isOptional": false,
    "_trackingId": 74,
    "_classes": "inverted footer",
    "body": "",
    "displayTitle": "   ",
    "title": "   "
  }
]