[
  {
    "_graphic": {
      "alt": "",
      "src": "course/en/assets/487a92d1f0d603836df88c719b96ec30d2a6fad1.png"
    },
    "_id": "581c76824d7b7e82691e408b",
    "_parentId": "course",
    "_type": "page",
    "_isAvailable": true,
    "_isOptional": false,
    "_lockedBy": [],
    "duration": "",
    "linkText": "View",
    "_classes": "",
    "body": "<p>Understanding open data is the first step to using it. This module looks at what open data is, and why it it is needed in&nbsp;the physical activity sector.</p>\n",
    "displayTitle": "1. Open data in the physical activity sector",
    "title": "1. Open data in the physical activity sector",
    "_pageLevelProgress": {
      "_isEnabled": true,
      "_showPageCompletion": true
    },
    "_skillsFramework": {
      "_skills": [
        {
          "level": "explorer",
          "credits": 5,
          "outcome": "Define open data"
        },
        {
          "level": "explorer",
          "credits": 5,
          "outcome": "Explain the need for open data in the physical activity sector"
        }
      ]
    }
  },
  {
    "_graphic": {
      "alt": "",
      "src": "course/en/assets/a504270596bccd50c7606befecc8b926320b60a8.png"
    },
    "_id": "584928ca4d7b7e82691e4bd1",
    "_parentId": "course",
    "_type": "page",
    "_isAvailable": true,
    "_isOptional": false,
    "_lockedBy": [],
    "duration": "",
    "linkText": "View",
    "_classes": "",
    "body": "<p>Physical activity providers can use open data to get more people involved, create better experiences for participants and run their organisations more efficiently. &nbsp;This module looks how the public sector, businesses and individuals are creating impact with open data.</p>\n",
    "displayTitle": "2. Creating impact from open data",
    "title": "2. Creating impact from open data",
    "_pageLevelProgress": {
      "_isEnabled": true,
      "_showPageCompletion": true
    },
    "_skillsFramework": {
      "_skills": [
        {
          "level": "explorer",
          "credits": 5,
          "outcome": "Describe the benefits of working with open data"
        },
        {
          "level": "explorer",
          "credits": 5,
          "outcome": "Describe successful case studies of using and publishing open data"
        }
      ]
    }
  },
  {
    "_graphic": {
      "alt": "",
      "src": "course/en/assets/2c892e598e3cfd41ff06c3b7a59a31ea49d13010.png"
    },
    "_id": "584928ce4d7b7e82691e4c28",
    "_parentId": "course",
    "_type": "page",
    "_isAvailable": true,
    "_isOptional": false,
    "_lockedBy": [],
    "duration": "",
    "linkText": "View",
    "_classes": "",
    "body": "<p>Prioritising which data to publish openly can be a difficult&nbsp;decision. This module looks at how to prioritise which physical activities data to publish for the biggest impact.</p>\n",
    "displayTitle": "3. Prioritising data to publish openly",
    "title": "3. Prioritising data to publish openly",
    "_pageLevelProgress": {
      "_isEnabled": true,
      "_showPageCompletion": true
    },
    "_skillsFramework": {
      "_skills": [
        {
          "level": "strategist",
          "credits": 5,
          "outcome": "Name ‘identifying shared goals’ as the key factor to consider when prioritising which data to publish"
        },
        {
          "level": "strategist",
          "credits": 5,
          "outcome": "Explain why opportunity data should be a priority to publish in the physical activities sector"
        }
      ]
    }
  },
  {
    "_graphic": {
      "alt": "",
      "src": "course/en/assets/ad9dde7114a0f52e48bd4578c4ebe5594a551cfe.png"
    },
    "_id": "584928f24d7b7e82691e4cf1",
    "_parentId": "course",
    "_type": "page",
    "_isAvailable": true,
    "_isOptional": false,
    "_lockedBy": [],
    "duration": "",
    "linkText": "View",
    "_classes": "color-ten",
    "body": "<p>Publishing open physical activity data can bring you a wide range of benefits from more people using your facilities to better exposure for your activities online.&nbsp;But for both you and your users to enjoy those benefits, your data needs to be good enough quality&nbsp;to use. This module looks at what quality data is&nbsp;and how you can use some simple checks&nbsp;to minimise problems.</p>\n",
    "displayTitle": "4. How to make your data useful",
    "title": "4. How to make your data useful",
    "_pageLevelProgress": {
      "_isEnabled": true,
      "_showPageCompletion": true
    },
    "_skillsFramework": {
      "_skills": [
        {
          "level": "explorer",
          "credits": 5,
          "outcome": "Define the benefits of quality open data"
        },
        {
          "level": "explorer",
          "credits": 5,
          "outcome": "Describe two guidelines for open data quality"
        },
        {
          "level": "practitioner",
          "credits": 10,
          "outcome": "Clean a dataset"
        }
      ]
    }
  },
  {
    "_graphic": {
      "alt": "",
      "src": "course/en/assets/29ee08e77301fecc8894a8b1ccc9ee6f7a83d7ca.png"
    },
    "_id": "5824a05c4d7b7e82691e4251",
    "_parentId": "course",
    "_type": "page",
    "_isAvailable": true,
    "_isOptional": false,
    "_lockedBy": [],
    "duration": "",
    "linkText": "View",
    "_classes": "hidden",
    "body": "",
    "displayTitle": "How do I create impact for my organisation from open data? (original)",
    "title": "How do I create impact for my organisation from open data? (original)",
    "_pageLevelProgress": {
      "_isEnabled": true,
      "_showPageCompletion": true
    },
    "_skillsFramework": {
      "_skills": [
        {
          "level": "strategist",
          "credits": 10,
          "outcome": "Adapt open data to the relevant business"
        }
      ]
    }
  },
  {
    "_graphic": {
      "alt": "",
      "src": "course/en/assets/938032f8502e086c2db35d514c066cfa718da32b.png"
    },
    "_id": "5821e1594d7b7e82691e413f",
    "_parentId": "course",
    "_type": "page",
    "_isAvailable": true,
    "_isOptional": false,
    "_lockedBy": [],
    "duration": "",
    "linkText": "View",
    "_classes": "hidden",
    "body": "",
    "displayTitle": "Prioritising which data to publish (original)",
    "title": "Prioritising which data to publish (original)",
    "_pageLevelProgress": {
      "_isEnabled": true,
      "_showPageCompletion": true
    },
    "_skillsFramework": {
      "_skills": [
        {
          "level": "strategist",
          "credits": 10,
          "outcome": "prioritise which data to publish"
        }
      ]
    }
  },
  {
    "_graphic": {
      "alt": "",
      "src": "course/en/assets/f47393b9bd20f6e421d25cedd6ffd0d7d4d24f39.png"
    },
    "_id": "582477504d7b7e82691e41a7",
    "_parentId": "course",
    "_type": "page",
    "_isAvailable": true,
    "_isOptional": false,
    "_lockedBy": [],
    "duration": "",
    "linkText": "View",
    "_classes": "hidden",
    "body": "",
    "displayTitle": "How do I make sure I publish data in the right way? (original)",
    "title": "How do I make sure I publish data in the right way? (original)",
    "_pageLevelProgress": {
      "_isEnabled": true,
      "_showPageCompletion": true
    },
    "_skillsFramework": {
      "_skills": [
        {
          "level": "strategist",
          "credits": 10,
          "outcome": "Understand the correct way to publish data"
        }
      ]
    }
  }
]