[
  {
    "_graphic": {
      "alt": "",
      "src": "course/en/assets/487a92d1f0d603836df88c719b96ec30d2a6fad1.png"
    },
    "_id": "581c76824d7b7e82691e408b",
    "_parentId": "course",
    "_type": "page",
    "_isAvailable": true,
    "_isOptional": false,
    "_lockedBy": [],
    "duration": "",
    "linkText": "View",
    "_classes": "",
    "body": "<p>Understanding open data is the first step to using it. This module looks at what open data is, and why it it is needed in&nbsp;the physical activity sector.</p>\n",
    "displayTitle": "1. Open data in the physical activity sector",
    "title": "1. Open data in the physical activity sector",
    "_skillsFramework": {
      "_skills": [
        {
          "outcome": "Define open data",
          "credits": 5,
          "level": "explorer"
        },
        {
          "outcome": "Explain the need for open data in the physical activity sector",
          "credits": 5,
          "level": "explorer"
        }
      ]
    },
    "_pageLevelProgress": {
      "_showPageCompletion": true,
      "_isEnabled": true
    },
    "_trackingHub": {
      "_pageID": ""
    }
  },
  {
    "_graphic": {
      "alt": "",
      "src": "course/en/assets/a504270596bccd50c7606befecc8b926320b60a8.png"
    },
    "_id": "584928ca4d7b7e82691e4bd1",
    "_parentId": "course",
    "_type": "page",
    "_isAvailable": true,
    "_isOptional": false,
    "_lockedBy": [],
    "duration": "",
    "linkText": "View",
    "_classes": "",
    "body": "<p>Physical activity providers can use open data to get more people involved, create better experiences for participants and run their organisations more efficiently.&nbsp;This module looks how the public sector, businesses and individuals are creating impact with open data.</p>",
    "displayTitle": "2. Creating impact from open data",
    "title": "2. Creating impact from open data",
    "_pageLevelProgress": {
      "_showPageCompletion": true,
      "_isEnabled": true
    },
    "_skillsFramework": {
      "_skills": [
        {
          "outcome": "Describe the benefits of working with open data",
          "credits": 5,
          "level": "explorer"
        },
        {
          "outcome": "Describe successful case studies of using and publishing open data",
          "credits": 5,
          "level": "explorer"
        }
      ]
    },
    "_trackingHub": {
      "_pageID": ""
    }
  },
  {
    "_graphic": {
      "alt": "",
      "src": "course/en/assets/2c892e598e3cfd41ff06c3b7a59a31ea49d13010.png"
    },
    "_id": "584928ce4d7b7e82691e4c28",
    "_parentId": "course",
    "_type": "page",
    "_isAvailable": true,
    "_isOptional": false,
    "_lockedBy": [],
    "duration": "",
    "linkText": "View",
    "_classes": "",
    "body": "<p>Prioritising which data to publish openly can be&nbsp;difficult. This module looks at how to prioritise which physical activity&nbsp;data to publish for the biggest impact.</p>",
    "displayTitle": "3. Prioritising data to publish openly",
    "title": "3. Prioritising data to publish openly",
    "_pageLevelProgress": {
      "_showPageCompletion": true,
      "_isEnabled": true
    },
    "_skillsFramework": {
      "_skills": [
        {
          "outcome": "Name ‘identifying shared goals’ as the key factor to consider when prioritising which data to publish",
          "credits": 5,
          "level": "strategist"
        },
        {
          "outcome": "Explain why opportunity data should be a priority to publish in the physical activities sector",
          "credits": 5,
          "level": "strategist"
        }
      ]
    },
    "_trackingHub": {
      "_pageID": ""
    }
  },
  {
    "_graphic": {
      "alt": "",
      "src": "course/en/assets/ad9dde7114a0f52e48bd4578c4ebe5594a551cfe.png"
    },
    "_id": "584928f24d7b7e82691e4cf1",
    "_parentId": "course",
    "_type": "page",
    "_isAvailable": true,
    "_isOptional": false,
    "_lockedBy": [],
    "duration": "",
    "linkText": "View",
    "_classes": "color-ten",
    "body": "<p>Publishing open physical activity data can bring you a wide range of benefits. But for you and your users to enjoy those benefits, your data needs to be of a good enough quality&nbsp;to use. This module looks at what quality data is&nbsp;and provides some simple checks&nbsp;to minimise problems.</p>",
    "displayTitle": "4. How to make your data useful",
    "title": "4. How to make your data useful",
    "_pageLevelProgress": {
      "_showPageCompletion": true,
      "_isEnabled": true
    },
    "_skillsFramework": {
      "_skills": [
        {
          "outcome": "Define the benefits of quality open data",
          "credits": 5,
          "level": "explorer"
        },
        {
          "outcome": "Describe two guidelines for open data quality",
          "credits": 5,
          "level": "explorer"
        },
        {
          "outcome": "Clean a dataset",
          "credits": 10,
          "level": "practitioner"
        }
      ]
    },
    "_trackingHub": {
      "_pageID": ""
    }
  }
]