{
  "_globals": {
    "_components": {
      "_mcq": {
        "ariaRegion": "This component is a multiple choice question. Once you have selected an option select the submit button below"
      },
      "_graphic": {
        "ariaRegion": ""
      },
      "_accordion": {
        "ariaRegion": "This component is an accordion comprised of collapsible content panels containing display text. Select the item titles to toggle the visibility of these content panels."
      },
      "_narrative": {
        "ariaRegion": "This component displays an image gallery with accompanying text. Use the next and back navigation controls to work through the narrative."
      },
      "_text": {
        "ariaRegion": ""
      }
    },
    "_accessibility": {
      "_ariaLabels": {
        "menuIndicatorHeading": "Menu item heading ",
        "menuBack": "Back to menu",
        "visited": "Visited",
        "feedbackPopUp": "Popup opened",
        "accessibilityToggleButton": "By selecting this button you can set whether accessibility is turned on or off",
        "locked": "Locked",
        "correct": "Correct",
        "incomplete": "Incomplete",
        "complete": "Complete",
        "done": "Done",
        "next": "Next",
        "closePopup": "Close popup",
        "drawer": "Side drawer",
        "drawerBack": "Back to drawer",
        "closeResources": "Close resources",
        "navigationDrawer": "Open course resources and search",
        "navigationBack": "Navigate back",
        "previous": "Back",
        "pageLoaded": "Page loaded",
        "page": "Page",
        "menuViewButton": "Select here to enter",
        "menuItem": "Menu item",
        "menu": "Menu",
        "menuLoaded": "Menu loaded",
        "navigation": "Course navigation bar"
      },
      "_accessibilityInstructions": {
        "ipad": "Usage instructions for touchscreens. Use swipe left for next. Use swipe right for previous. Use a double tab to select. Use a two finger slide up to go to the top of the page. Usage instructions for keyboard access. Use left for next. Use right for previous. Use up and down together to select.",
        "notouch": "Usage instructions. Use tab for next. Use shift tab for previous. Use enter to select. Use escape to go to the top of the page.",
        "touch": "Usage instructions. Use swipe left for next. Use swipe right for previous. Use a double tab to select. Use a two finger slide up to go to the top of the page."
      },
      "_accessibilityToggleTextOff": "Turn accessibility off?",
      "_accessibilityToggleTextOn": "Turn accessibility on?"
    },
    "_extensions": {
      "_pageLevelProgress": {
        "pageLevelProgress": "Page sections",
        "pageLevelProgressIndicatorBar": "Progress bar. Select here to view your current progress, and select an item to navigate to it. You have completed ",
        "pageLevelProgressMenuBar": "You have completed ",
        "pageLevelProgressEnd": "You have reached the end of the list of page sections.",
        "optionalContent": "Optional Content"
      }
    }
  },
  "_id": "course",
  "_start": {
    "_isEnabled": false,
    "_startIds": [],
    "_force": false,
    "_isMenuDisabled": false
  },
  "_type": "course",
  "_lockType": "",
  "_classes": "",
  "_buttons": {
    "_submit": {
      "buttonText": "Submit",
      "ariaLabel": "Submit"
    },
    "_reset": {
      "buttonText": "Reset",
      "ariaLabel": "Reset"
    },
    "_showCorrectAnswer": {
      "buttonText": "Show correct answer",
      "ariaLabel": "Show correct answer"
    },
    "_hideCorrectAnswer": {
      "buttonText": "Hide correct answer",
      "ariaLabel": "Hide correct answer"
    },
    "_showFeedback": {
      "buttonText": "Show feedback",
      "ariaLabel": "Show feedback"
    },
    "remainingAttemptsText": "remaining attempts",
    "remainingAttemptText": "final attempt",
    "disabledAriaLabel": "This button is disabled at the moment"
  },
  "_latestTrackingId": 45,
  "body": "",
  "displayTitle": "Sports Data Course",
  "title": "Sports Data Course",
  "_pageLevelProgress": {
    "_isEnabled": true,
    "_showPageCompletion": true
  }
}