[
  {
    "_id": "59410700d084d5167a04fd62",
    "_parentId": "59410700d084d5167a04fd5d",
    "_type": "block",
    "_isAvailable": true,
    "_isOptional": false,
    "_trackingId": 1,
    "_classes": "color-one",
    "body": "",
    "displayTitle": "",
    "title": " "
  },
  {
    "_id": "59410700d084d5167a04fd7a",
    "_parentId": "59410700d084d5167a04fd60",
    "_type": "block",
    "_isAvailable": true,
    "_isOptional": false,
    "_trackingId": 2,
    "_classes": "color-six",
    "body": "",
    "displayTitle": " ",
    "title": " "
  },
  {
    "_id": "59410700d084d5167a04fd7d",
    "_parentId": "59410700d084d5167a04fd5c",
    "_type": "block",
    "_isAvailable": true,
    "_isOptional": false,
    "_trackingId": 3,
    "_classes": "inverted footer",
    "body": "",
    "displayTitle": " ",
    "title": " "
  },
  {
    "_id": "59410700d084d5167a04fd7b",
    "_parentId": "59410700d084d5167a04fd60",
    "_type": "block",
    "_isAvailable": true,
    "_isOptional": false,
    "_trackingId": 4,
    "_classes": "inverted color-six",
    "body": "",
    "displayTitle": " ",
    "title": " "
  },
  {
    "_id": "59410700d084d5167a04fd7e",
    "_parentId": "59410700d084d5167a04fd5d",
    "_type": "block",
    "_isAvailable": true,
    "_isOptional": false,
    "_trackingId": 5,
    "_classes": "inverted color-one",
    "body": "",
    "displayTitle": "",
    "title": " "
  },
  {
    "_id": "59410700d084d5167a04fd79",
    "_parentId": "59410700d084d5167a04fd60",
    "_type": "block",
    "_isAvailable": true,
    "_isOptional": false,
    "_trackingId": 6,
    "_classes": "color-six",
    "body": "",
    "displayTitle": " ",
    "title": " "
  },
  {
    "_id": "59410700d084d5167a04fd7f",
    "_parentId": "59410700d084d5167a04fd5d",
    "_type": "block",
    "_isAvailable": true,
    "_isOptional": false,
    "_trackingId": 7,
    "_classes": "color-one",
    "body": "",
    "displayTitle": "",
    "title": " "
  },
  {
    "_id": "59410700d084d5167a04fd7c",
    "_parentId": "59410700d084d5167a04fd60",
    "_type": "block",
    "_isAvailable": true,
    "_isOptional": false,
    "_trackingId": 8,
    "_classes": "inverted color-six",
    "body": "",
    "displayTitle": " ",
    "title": " "
  },
  {
    "_id": "59410700d084d5167a04fd80",
    "_parentId": "59410700d084d5167a04fd5d",
    "_type": "block",
    "_isAvailable": true,
    "_isOptional": false,
    "_trackingId": 9,
    "_classes": "inverted color-one",
    "body": "",
    "displayTitle": "",
    "title": " "
  },
  {
    "_id": "59410700d084d5167a04fd81",
    "_parentId": "59410700d084d5167a04fd5d",
    "_type": "block",
    "_isAvailable": true,
    "_isOptional": false,
    "_trackingId": 10,
    "_classes": "color-one",
    "body": "",
    "displayTitle": "",
    "title": " "
  },
  {
    "_id": "59410700d084d5167a04fd82",
    "_parentId": "59410700d084d5167a04fd5d",
    "_type": "block",
    "_isAvailable": true,
    "_isOptional": false,
    "_trackingId": 11,
    "_classes": "inverted color-six",
    "body": "",
    "displayTitle": "",
    "title": " "
  }
]