[
  {
    "_id": "594106ffd084d5167a04fd56",
    "_graphic": {
      "alt": "",
      "src": "course/fr/assets/1fc73255e55ba04b56c12fcf0dda29d60db46b4d.jpg"
    },
    "_parentId": "course",
    "_type": "page",
    "_isAvailable": true,
    "_isOptional": false,
    "_lockedBy": [],
    "duration": "",
    "linkText": "View",
    "_classes": "",
    "body": "",
    "displayTitle": "Réaliser un impact avec l'open data",
    "title": "Réaliser un impact avec l'open data",
    "_skillsFramework": {
      "_skills": [
        {
          "outcome": "Explain the importance of achieving impact",
          "credits": 5,
          "level": "pioneer"
        },
        {
          "outcome": "Describe ways to achieve impact",
          "credits": 5,
          "level": "pioneer"
        },
        {
          "outcome": "Describe how to measure impact",
          "credits": 5,
          "level": "pioneer"
        },
        {
          "outcome": "Explain how to overcome barriers to achieving impact",
          "credits": 5,
          "level": "pioneer"
        }
      ]
    },
    "_pageLevelProgress": {
      "_isEnabled": true,
      "_showPageCompletion": true
    }
  }
]