[
  {
    "_id": "58f8b1b4d084d5167a04da3b",
    "_parentId": "58f8b1b4d084d5167a04da35",
    "_type": "block",
    "_isAvailable": true,
    "_isOptional": false,
    "_trackingId": 1,
    "_classes": "",
    "body": "",
    "displayTitle": "",
    "title": " "
  },
  {
    "_id": "58f8b1b4d084d5167a04da3c",
    "_parentId": "58f8b1b4d084d5167a04da36",
    "_type": "block",
    "_isAvailable": true,
    "_isOptional": false,
    "_trackingId": 2,
    "_classes": "",
    "body": "",
    "displayTitle": "",
    "title": " "
  },
  {
    "_id": "58f8b1b4d084d5167a04da3d",
    "_parentId": "58f8b1b4d084d5167a04da39",
    "_type": "block",
    "_isAvailable": true,
    "_isOptional": false,
    "_trackingId": 3,
    "_classes": "color-nine",
    "body": "",
    "displayTitle": "",
    "title": " "
  },
  {
    "_id": "58f8b1b4d084d5167a04da3e",
    "_parentId": "58f8b1b4d084d5167a04da33",
    "_type": "block",
    "_isAvailable": true,
    "_isOptional": false,
    "_trackingId": 4,
    "_classes": "color-nine",
    "body": "",
    "displayTitle": "",
    "title": " "
  },
  {
    "_id": "58f8b1b4d084d5167a04da41",
    "_parentId": "58f8b1b4d084d5167a04da2e",
    "_type": "block",
    "_isAvailable": true,
    "_isOptional": false,
    "_trackingId": 5,
    "_classes": "color-two",
    "body": "",
    "displayTitle": "",
    "title": " "
  },
  {
    "_id": "58f8b1b4d084d5167a04da43",
    "_parentId": "58f8b1b4d084d5167a04da30",
    "_type": "block",
    "_isAvailable": true,
    "_isOptional": false,
    "_trackingId": 6,
    "_classes": "color-nine",
    "body": "",
    "displayTitle": "",
    "title": " "
  },
  {
    "_id": "58f8b1b4d084d5167a04da44",
    "_parentId": "58f8b1b4d084d5167a04da3a",
    "_type": "block",
    "_isAvailable": true,
    "_isOptional": false,
    "_trackingId": 7,
    "_classes": "color-three",
    "body": "",
    "displayTitle": " ",
    "title": " "
  },
  {
    "_id": "58f8b1b4d084d5167a04da48",
    "_parentId": "58f8b1b4d084d5167a04da32",
    "_type": "block",
    "_isAvailable": true,
    "_isOptional": false,
    "_trackingId": 8,
    "_classes": "inverted footer",
    "body": "",
    "displayTitle": " ",
    "title": " "
  },
  {
    "_id": "58f8b1b4d084d5167a04da7a",
    "_parentId": "58f8b1b4d084d5167a04da37",
    "_type": "block",
    "_isAvailable": true,
    "_isOptional": false,
    "_trackingId": 9,
    "_classes": "",
    "body": "",
    "displayTitle": "Block title",
    "title": "Block title"
  },
  {
    "_id": "58f8b1b4d084d5167a04da7c",
    "_parentId": "58f8b1b4d084d5167a04da38",
    "_type": "block",
    "_isAvailable": true,
    "_isOptional": false,
    "_trackingId": 10,
    "_classes": "",
    "body": "",
    "displayTitle": "Block title",
    "title": "Block title"
  },
  {
    "_id": "58f8b1b4d084d5167a04da42",
    "_parentId": "58f8b1b4d084d5167a04da2f",
    "_type": "block",
    "_isAvailable": true,
    "_isOptional": false,
    "_trackingId": 11,
    "_classes": "",
    "body": "<p>&nbsp;</p>\n\n<ul>\n</ul>\n",
    "displayTitle": "",
    "title": " "
  },
  {
    "_id": "58f8b1b4d084d5167a04da47",
    "_parentId": "58f8b1b4d084d5167a04da31",
    "_type": "block",
    "_isAvailable": true,
    "_isOptional": false,
    "_trackingId": 12,
    "_classes": "color-one",
    "body": "",
    "displayTitle": " ",
    "title": " "
  },
  {
    "_id": "58f8b1b4d084d5167a04da4b",
    "_parentId": "58f8b1b4d084d5167a04da37",
    "_type": "block",
    "_isAvailable": true,
    "_isOptional": false,
    "_trackingId": 13,
    "_classes": "",
    "body": "",
    "displayTitle": "Block title",
    "title": "Block title"
  },
  {
    "_id": "58f8b1b4d084d5167a04da50",
    "_parentId": "58f8b1b4d084d5167a04da33",
    "_type": "block",
    "_isAvailable": true,
    "_isOptional": false,
    "_trackingId": 14,
    "_classes": "color-one",
    "body": "",
    "displayTitle": " ",
    "title": " "
  },
  {
    "_id": "58f8b1b4d084d5167a04da5a",
    "_parentId": "58f8b1b4d084d5167a04da30",
    "_type": "block",
    "_isAvailable": true,
    "_isOptional": false,
    "_trackingId": 15,
    "_classes": "inverted color-nine",
    "body": "",
    "displayTitle": " ",
    "title": " "
  },
  {
    "_id": "58f8b1b4d084d5167a04da61",
    "_parentId": "58f8b1b4d084d5167a04da3a",
    "_type": "block",
    "_isAvailable": true,
    "_isOptional": false,
    "_trackingId": 16,
    "_classes": "inverted color-three",
    "body": "",
    "displayTitle": " ",
    "title": " "
  },
  {
    "_id": "58f8b1b4d084d5167a04da63",
    "_parentId": "58f8b1b4d084d5167a04da2e",
    "_type": "block",
    "_isAvailable": true,
    "_isOptional": false,
    "_trackingId": 17,
    "_classes": "inverted color-two",
    "body": "",
    "displayTitle": " ",
    "title": " "
  },
  {
    "_id": "58f8b1b4d084d5167a04da65",
    "_parentId": "58f8b1b4d084d5167a04da2f",
    "_type": "block",
    "_isAvailable": true,
    "_isOptional": false,
    "_trackingId": 18,
    "_classes": "",
    "body": "",
    "displayTitle": "What are stakeholders?",
    "title": "What are stakeholders?"
  },
  {
    "_id": "58f8b1b4d084d5167a04da77",
    "_parentId": "58f8b1b4d084d5167a04da34",
    "_type": "block",
    "_isAvailable": true,
    "_isOptional": false,
    "_trackingId": 19,
    "_classes": "inverted footer ",
    "body": "",
    "displayTitle": " ",
    "title": " "
  },
  {
    "_id": "58f8b1b4d084d5167a04da7d",
    "_parentId": "58f8b1b4d084d5167a04da36",
    "_type": "block",
    "_isAvailable": true,
    "_isOptional": false,
    "_trackingId": 20,
    "_classes": "inverted color-four",
    "body": "",
    "displayTitle": " ",
    "title": " "
  },
  {
    "_id": "58f8b1b4d084d5167a04da7e",
    "_parentId": "58f8b1b4d084d5167a04da39",
    "_type": "block",
    "_isAvailable": true,
    "_isOptional": false,
    "_trackingId": 21,
    "_classes": "color-one",
    "body": "",
    "displayTitle": " ",
    "title": " "
  },
  {
    "_id": "58f8b1b4d084d5167a04da45",
    "_parentId": "58f8b1b4d084d5167a04da3a",
    "_type": "block",
    "_isAvailable": true,
    "_isOptional": false,
    "_trackingId": 22,
    "_classes": "color-three",
    "body": "",
    "displayTitle": " ",
    "title": " "
  },
  {
    "_id": "58f8b1b4d084d5167a04da5c",
    "_parentId": "58f8b1b4d084d5167a04da37",
    "_type": "block",
    "_isAvailable": true,
    "_isOptional": false,
    "_trackingId": 23,
    "_classes": "",
    "body": "",
    "displayTitle": "Block title",
    "title": "Block title"
  },
  {
    "_id": "58f8b1b4d084d5167a04da67",
    "_parentId": "58f8b1b4d084d5167a04da2e",
    "_type": "block",
    "_isAvailable": true,
    "_isOptional": false,
    "_trackingId": 24,
    "_classes": "color-two",
    "body": "",
    "displayTitle": " ",
    "title": " "
  },
  {
    "_id": "58f8b1b4d084d5167a04da69",
    "_parentId": "58f8b1b4d084d5167a04da30",
    "_type": "block",
    "_isAvailable": true,
    "_isOptional": false,
    "_trackingId": 25,
    "_classes": "color-nine",
    "body": "",
    "displayTitle": " ",
    "title": " "
  },
  {
    "_id": "58f8b1b4d084d5167a04da74",
    "_parentId": "58f8b1b4d084d5167a04da31",
    "_type": "block",
    "_isAvailable": true,
    "_isOptional": false,
    "_trackingId": 26,
    "_classes": "inverted color-one",
    "body": "",
    "displayTitle": " ",
    "title": " "
  },
  {
    "_id": "58f8b1b4d084d5167a04da78",
    "_parentId": "58f8b1b4d084d5167a04da36",
    "_type": "block",
    "_isAvailable": true,
    "_isOptional": false,
    "_trackingId": 27,
    "_classes": "color-four",
    "body": "",
    "displayTitle": " ",
    "title": " "
  },
  {
    "_id": "58f8b1b4d084d5167a04da80",
    "_parentId": "58f8b1b4d084d5167a04da39",
    "_type": "block",
    "_isAvailable": true,
    "_isOptional": false,
    "_trackingId": 28,
    "_classes": "inverted color-nine",
    "body": "",
    "displayTitle": " ",
    "title": " "
  },
  {
    "_id": "58f8b1b4d084d5167a04da6f",
    "_parentId": "58f8b1b4d084d5167a04da2f",
    "_type": "block",
    "_isAvailable": true,
    "_isOptional": false,
    "_trackingId": 29,
    "_classes": "",
    "body": "",
    "displayTitle": "Why collaborate with stakeholders?",
    "title": "Why collaborate with stakeholders?"
  },
  {
    "_id": "58f8b1b4d084d5167a04da84",
    "_parentId": "58f8b1b4d084d5167a04da33",
    "_type": "block",
    "_isAvailable": true,
    "_isOptional": false,
    "_trackingId": 30,
    "_classes": "",
    "body": "",
    "displayTitle": " ",
    "title": " "
  },
  {
    "_id": "58f8b1b4d084d5167a04da3f",
    "_parentId": "58f8b1b4d084d5167a04da3a",
    "_type": "block",
    "_isAvailable": true,
    "_isOptional": false,
    "_trackingId": 31,
    "_classes": "inverted color-three",
    "body": "",
    "displayTitle": " ",
    "title": " "
  },
  {
    "_id": "58f8b1b4d084d5167a04da49",
    "_parentId": "58f8b1b4d084d5167a04da36",
    "_type": "block",
    "_isAvailable": true,
    "_isOptional": false,
    "_trackingId": 32,
    "_classes": "inverted color-four",
    "body": "",
    "displayTitle": " ",
    "title": " "
  },
  {
    "_id": "58f8b1b4d084d5167a04da51",
    "_parentId": "58f8b1b4d084d5167a04da33",
    "_type": "block",
    "_isAvailable": true,
    "_isOptional": false,
    "_trackingId": 33,
    "_classes": "inverted color-nine",
    "body": "",
    "displayTitle": " ",
    "title": " "
  },
  {
    "_id": "58f8b1b4d084d5167a04da5b",
    "_parentId": "58f8b1b4d084d5167a04da30",
    "_type": "block",
    "_isAvailable": true,
    "_isOptional": false,
    "_trackingId": 34,
    "_classes": "inverted color-nine",
    "body": "",
    "displayTitle": " ",
    "title": " "
  },
  {
    "_id": "58f8b1b4d084d5167a04da64",
    "_parentId": "58f8b1b4d084d5167a04da2e",
    "_type": "block",
    "_isAvailable": true,
    "_isOptional": false,
    "_trackingId": 35,
    "_classes": "inverted color-two",
    "body": "",
    "displayTitle": " ",
    "title": " "
  },
  {
    "_id": "58f8b1b4d084d5167a04da7b",
    "_parentId": "58f8b1b4d084d5167a04da37",
    "_type": "block",
    "_isAvailable": true,
    "_isOptional": false,
    "_trackingId": 36,
    "_classes": "",
    "body": "",
    "displayTitle": "Block title",
    "title": "Block title"
  },
  {
    "_id": "58f8b1b4d084d5167a04da81",
    "_parentId": "58f8b1b4d084d5167a04da39",
    "_type": "block",
    "_isAvailable": true,
    "_isOptional": false,
    "_trackingId": 37,
    "_classes": "color-nine",
    "body": "",
    "displayTitle": " ",
    "title": " "
  },
  {
    "_id": "58f8b1b4d084d5167a04da70",
    "_parentId": "58f8b1b4d084d5167a04da2f",
    "_type": "block",
    "_isAvailable": true,
    "_isOptional": false,
    "_trackingId": 38,
    "_classes": "",
    "body": "",
    "displayTitle": "Identifying types of stakeholders",
    "title": "Identifying types of stakeholders"
  },
  {
    "_id": "58f8b1b4d084d5167a04da75",
    "_parentId": "58f8b1b4d084d5167a04da31",
    "_type": "block",
    "_isAvailable": true,
    "_isOptional": false,
    "_trackingId": 39,
    "_classes": "",
    "body": "",
    "displayTitle": " ",
    "title": " "
  },
  {
    "_id": "58f8b1b4d084d5167a04da40",
    "_parentId": "58f8b1b4d084d5167a04da3a",
    "_type": "block",
    "_isAvailable": true,
    "_isOptional": false,
    "_trackingId": 40,
    "_classes": "color-three",
    "body": "",
    "displayTitle": " ",
    "title": " "
  },
  {
    "_id": "58f8b1b4d084d5167a04da5d",
    "_parentId": "58f8b1b4d084d5167a04da33",
    "_type": "block",
    "_isAvailable": true,
    "_isOptional": false,
    "_trackingId": 41,
    "_classes": "color-nine",
    "body": "",
    "displayTitle": " ",
    "title": " "
  },
  {
    "_id": "58f8b1b4d084d5167a04da66",
    "_parentId": "58f8b1b4d084d5167a04da2f",
    "_type": "block",
    "_isAvailable": true,
    "_isOptional": false,
    "_trackingId": 42,
    "_classes": "",
    "body": "",
    "displayTitle": "Mapping stakeholders",
    "title": "Mapping stakeholders"
  },
  {
    "_id": "58f8b1b4d084d5167a04da79",
    "_parentId": "58f8b1b4d084d5167a04da36",
    "_type": "block",
    "_isAvailable": true,
    "_isOptional": false,
    "_trackingId": 43,
    "_classes": "color-four",
    "body": "",
    "displayTitle": " ",
    "title": " "
  },
  {
    "_id": "58f8b1b4d084d5167a04da82",
    "_parentId": "58f8b1b4d084d5167a04da39",
    "_type": "block",
    "_isAvailable": true,
    "_isOptional": false,
    "_trackingId": 44,
    "_classes": "inverted color-nine",
    "body": "",
    "displayTitle": " ",
    "title": " "
  },
  {
    "_id": "58f8b1b4d084d5167a04da68",
    "_parentId": "58f8b1b4d084d5167a04da2e",
    "_type": "block",
    "_isAvailable": true,
    "_isOptional": false,
    "_trackingId": 45,
    "_classes": "",
    "body": "",
    "displayTitle": " ",
    "title": " "
  },
  {
    "_id": "58f8b1b4d084d5167a04da6a",
    "_parentId": "58f8b1b4d084d5167a04da30",
    "_type": "block",
    "_isAvailable": true,
    "_isOptional": false,
    "_trackingId": 46,
    "_classes": "",
    "body": "",
    "displayTitle": " ",
    "title": " "
  },
  {
    "_id": "58f8b1b4d084d5167a04da76",
    "_parentId": "58f8b1b4d084d5167a04da31",
    "_type": "block",
    "_isAvailable": true,
    "_isOptional": false,
    "_trackingId": 47,
    "_classes": "",
    "body": "",
    "displayTitle": " ",
    "title": " "
  },
  {
    "_id": "58f8b1b4d084d5167a04da4a",
    "_parentId": "58f8b1b4d084d5167a04da36",
    "_type": "block",
    "_isAvailable": true,
    "_isOptional": false,
    "_trackingId": 48,
    "_classes": "inverted color-four section-banner",
    "body": "",
    "displayTitle": " ",
    "title": " "
  },
  {
    "_id": "58f8b1b4d084d5167a04da52",
    "_parentId": "58f8b1b4d084d5167a04da33",
    "_type": "block",
    "_isAvailable": true,
    "_isOptional": false,
    "_trackingId": 49,
    "_classes": "inverted color-nine",
    "body": "",
    "displayTitle": " ",
    "title": " "
  },
  {
    "_id": "58f8b1b4d084d5167a04da59",
    "_parentId": "58f8b1b4d084d5167a04da3a",
    "_type": "block",
    "_isAvailable": true,
    "_isOptional": false,
    "_trackingId": 50,
    "_classes": "inverted color-three",
    "body": "",
    "displayTitle": " ",
    "title": " "
  },
  {
    "_id": "58f8b1b4d084d5167a04da6c",
    "_parentId": "58f8b1b4d084d5167a04da30",
    "_type": "block",
    "_isAvailable": true,
    "_isOptional": false,
    "_trackingId": 51,
    "_classes": "inverted color-one",
    "body": "",
    "displayTitle": " ",
    "title": " "
  },
  {
    "_id": "58f8b1b4d084d5167a04da83",
    "_parentId": "58f8b1b4d084d5167a04da39",
    "_type": "block",
    "_isAvailable": true,
    "_isOptional": false,
    "_trackingId": 52,
    "_classes": "",
    "body": "",
    "displayTitle": " ",
    "title": " "
  },
  {
    "_id": "58f8b1b4d084d5167a04da73",
    "_parentId": "58f8b1b4d084d5167a04da2e",
    "_type": "block",
    "_isAvailable": true,
    "_isOptional": false,
    "_trackingId": 53,
    "_classes": "",
    "body": "",
    "displayTitle": " ",
    "title": " "
  },
  {
    "_id": "58f8b1b4d084d5167a04da4c",
    "_parentId": "58f8b1b4d084d5167a04da39",
    "_type": "block",
    "_isAvailable": true,
    "_isOptional": false,
    "_trackingId": 54,
    "_classes": "inverted color-one",
    "body": "",
    "displayTitle": " ",
    "title": " "
  },
  {
    "_id": "58f8b1b4d084d5167a04da62",
    "_parentId": "58f8b1b4d084d5167a04da3a",
    "_type": "block",
    "_isAvailable": true,
    "_isOptional": false,
    "_trackingId": 55,
    "_classes": "color-three",
    "body": "",
    "displayTitle": " ",
    "title": " "
  },
  {
    "_id": "58f8b1b4d084d5167a04da6d",
    "_parentId": "58f8b1b4d084d5167a04da30",
    "_type": "block",
    "_isAvailable": true,
    "_isOptional": false,
    "_trackingId": 56,
    "_classes": "color-one",
    "body": "",
    "displayTitle": " ",
    "title": " "
  },
  {
    "_id": "58f8b1b4d084d5167a04da85",
    "_parentId": "58f8b1b4d084d5167a04da33",
    "_type": "block",
    "_isAvailable": true,
    "_isOptional": false,
    "_trackingId": 57,
    "_classes": "",
    "body": "",
    "displayTitle": " ",
    "title": " "
  },
  {
    "_id": "58f8b1b4d084d5167a04da46",
    "_parentId": "58f8b1b4d084d5167a04da33",
    "_type": "block",
    "_isAvailable": true,
    "_isOptional": false,
    "_trackingId": 58,
    "_classes": "inverted color-one",
    "body": "",
    "displayTitle": " ",
    "title": " "
  },
  {
    "_id": "58f8b1b4d084d5167a04da4d",
    "_parentId": "58f8b1b4d084d5167a04da39",
    "_type": "block",
    "_isAvailable": true,
    "_isOptional": false,
    "_trackingId": 59,
    "_classes": "color-one",
    "body": "",
    "displayTitle": " ",
    "title": " "
  },
  {
    "_id": "58f8b1b4d084d5167a04da6b",
    "_parentId": "58f8b1b4d084d5167a04da3a",
    "_type": "block",
    "_isAvailable": true,
    "_isOptional": false,
    "_trackingId": 60,
    "_classes": "inverted color-one",
    "body": "",
    "displayTitle": " ",
    "title": " "
  },
  {
    "_id": "58f8b1b4d084d5167a04da6e",
    "_parentId": "58f8b1b4d084d5167a04da30",
    "_type": "block",
    "_isAvailable": true,
    "_isOptional": false,
    "_trackingId": 61,
    "_classes": "inverted color-one",
    "body": "",
    "displayTitle": " ",
    "title": " "
  },
  {
    "_id": "58f8b1b4d084d5167a04da4e",
    "_parentId": "58f8b1b4d084d5167a04da39",
    "_type": "block",
    "_isAvailable": true,
    "_isOptional": false,
    "_trackingId": 62,
    "_classes": "inverted color-one",
    "body": "",
    "displayTitle": " ",
    "title": " "
  },
  {
    "_id": "58f8b1b4d084d5167a04da53",
    "_parentId": "58f8b1b4d084d5167a04da33",
    "_type": "block",
    "_isAvailable": true,
    "_isOptional": false,
    "_trackingId": 63,
    "_classes": "color-one",
    "body": "",
    "displayTitle": " ",
    "title": " "
  },
  {
    "_id": "58f8b1b4d084d5167a04da56",
    "_parentId": "58f8b1b4d084d5167a04da30",
    "_type": "block",
    "_isAvailable": true,
    "_isOptional": false,
    "_trackingId": 64,
    "_classes": "color-one",
    "body": "",
    "displayTitle": " ",
    "title": " "
  },
  {
    "_id": "58f8b1b4d084d5167a04da71",
    "_parentId": "58f8b1b4d084d5167a04da3a",
    "_type": "block",
    "_isAvailable": true,
    "_isOptional": false,
    "_trackingId": 65,
    "_classes": "color-one",
    "body": "",
    "displayTitle": " ",
    "title": " "
  },
  {
    "_id": "58f8b1b4d084d5167a04da54",
    "_parentId": "58f8b1b4d084d5167a04da33",
    "_type": "block",
    "_isAvailable": true,
    "_isOptional": false,
    "_trackingId": 66,
    "_classes": "inverted color-one",
    "body": "",
    "displayTitle": " ",
    "title": " "
  },
  {
    "_id": "58f8b1b4d084d5167a04da5e",
    "_parentId": "58f8b1b4d084d5167a04da3a",
    "_type": "block",
    "_isAvailable": true,
    "_isOptional": false,
    "_trackingId": 67,
    "_classes": "inverted color-one",
    "body": "",
    "displayTitle": " ",
    "title": " "
  },
  {
    "_id": "58f8b1b4d084d5167a04da7f",
    "_parentId": "58f8b1b4d084d5167a04da39",
    "_type": "block",
    "_isAvailable": true,
    "_isOptional": false,
    "_trackingId": 68,
    "_classes": "",
    "body": "",
    "displayTitle": " ",
    "title": " "
  },
  {
    "_id": "58f8b1b4d084d5167a04da57",
    "_parentId": "58f8b1b4d084d5167a04da30",
    "_type": "block",
    "_isAvailable": true,
    "_isOptional": false,
    "_trackingId": 69,
    "_classes": "",
    "body": "",
    "displayTitle": " ",
    "title": " "
  },
  {
    "_id": "58f8b1b4d084d5167a04da4f",
    "_parentId": "58f8b1b4d084d5167a04da39",
    "_type": "block",
    "_isAvailable": true,
    "_isOptional": false,
    "_trackingId": 70,
    "_classes": "inverted footer",
    "body": "",
    "displayTitle": " ",
    "title": " "
  },
  {
    "_id": "58f8b1b4d084d5167a04da55",
    "_parentId": "58f8b1b4d084d5167a04da33",
    "_type": "block",
    "_isAvailable": true,
    "_isOptional": false,
    "_trackingId": 71,
    "_classes": "inverted footer",
    "body": "",
    "displayTitle": " ",
    "title": " "
  },
  {
    "_id": "58f8b1b4d084d5167a04da72",
    "_parentId": "58f8b1b4d084d5167a04da30",
    "_type": "block",
    "_isAvailable": true,
    "_isOptional": false,
    "_trackingId": 72,
    "_classes": "inverted footer",
    "body": "",
    "displayTitle": " ",
    "title": " "
  },
  {
    "_id": "58f8b1b4d084d5167a04da58",
    "_parentId": "58f8b1b4d084d5167a04da3a",
    "_type": "block",
    "_isAvailable": true,
    "_isOptional": false,
    "_trackingId": 73,
    "_classes": "",
    "body": "",
    "displayTitle": " ",
    "title": " "
  },
  {
    "_id": "58f8b1b4d084d5167a04da5f",
    "_parentId": "58f8b1b4d084d5167a04da3a",
    "_type": "block",
    "_isAvailable": true,
    "_isOptional": false,
    "_trackingId": 74,
    "_classes": "",
    "body": "",
    "displayTitle": " ",
    "title": " "
  },
  {
    "_id": "58f8b1b4d084d5167a04da60",
    "_parentId": "58f8b1b4d084d5167a04da3a",
    "_type": "block",
    "_isAvailable": true,
    "_isOptional": false,
    "_trackingId": 75,
    "_classes": "inverted footer ",
    "body": "",
    "displayTitle": " ",
    "title": " "
  }
]