[
  {
    "_id": "58f8b1b4d084d5167a04da3c",
    "_parentId": "58f8b1b4d084d5167a04da36",
    "_type": "block",
    "_isAvailable": true,
    "_isOptional": false,
    "_trackingId": 1,
    "_classes": "",
    "body": "",
    "displayTitle": "",
    "title": " "
  },
  {
    "_id": "58f8b1b4d084d5167a04da3e",
    "_parentId": "58f8b1b4d084d5167a04da33",
    "_type": "block",
    "_isAvailable": true,
    "_isOptional": false,
    "_trackingId": 2,
    "_classes": "color-nine",
    "body": "",
    "displayTitle": "",
    "title": " "
  },
  {
    "_id": "58f8b1b4d084d5167a04da7a",
    "_parentId": "58f8b1b4d084d5167a04da37",
    "_type": "block",
    "_isAvailable": true,
    "_isOptional": false,
    "_trackingId": 3,
    "_classes": "",
    "body": "",
    "displayTitle": "Block title",
    "title": "Block title"
  },
  {
    "_id": "58f8b1b4d084d5167a04da7c",
    "_parentId": "58f8b1b4d084d5167a04da38",
    "_type": "block",
    "_isAvailable": true,
    "_isOptional": false,
    "_trackingId": 4,
    "_classes": "",
    "body": "",
    "displayTitle": "Block title",
    "title": "Block title"
  },
  {
    "_id": "59492f9ad084d5167a04ff98",
    "_parentId": "59492f9ad084d5167a04ff97",
    "_type": "block",
    "_isAvailable": true,
    "_isOptional": false,
    "_trackingId": 5,
    "_classes": "",
    "body": "",
    "displayTitle": "",
    "title": " "
  },
  {
    "_id": "594d0dacd084d5167a0500bd",
    "_parentId": "594d0dabd084d5167a0500bc",
    "_type": "block",
    "_isAvailable": true,
    "_isOptional": false,
    "_trackingId": 6,
    "_classes": "color-two",
    "body": "",
    "displayTitle": " ",
    "title": " "
  },
  {
    "_id": "594d0eb8d084d5167a0500cd",
    "_parentId": "594d0eb8d084d5167a0500cc",
    "_type": "block",
    "_isAvailable": true,
    "_isOptional": false,
    "_trackingId": 7,
    "_classes": "footer inverted",
    "body": "",
    "displayTitle": " ",
    "title": " "
  },
  {
    "_id": "58f8b1b4d084d5167a04da4b",
    "_parentId": "58f8b1b4d084d5167a04da37",
    "_type": "block",
    "_isAvailable": true,
    "_isOptional": false,
    "_trackingId": 8,
    "_classes": "",
    "body": "",
    "displayTitle": "Block title",
    "title": "Block title"
  },
  {
    "_id": "58f8b1b4d084d5167a04da50",
    "_parentId": "58f8b1b4d084d5167a04da33",
    "_type": "block",
    "_isAvailable": true,
    "_isOptional": false,
    "_trackingId": 9,
    "_classes": "color-one",
    "body": "",
    "displayTitle": " ",
    "title": " "
  },
  {
    "_id": "58f8b1b4d084d5167a04da7d",
    "_parentId": "58f8b1b4d084d5167a04da36",
    "_type": "block",
    "_isAvailable": true,
    "_isOptional": false,
    "_trackingId": 10,
    "_classes": "inverted color-four",
    "body": "",
    "displayTitle": " ",
    "title": " "
  },
  {
    "_id": "59493080d084d5167a04ff9b",
    "_parentId": "59492f9ad084d5167a04ff97",
    "_type": "block",
    "_isAvailable": true,
    "_isOptional": false,
    "_trackingId": 11,
    "_classes": "inverted color-one",
    "body": "",
    "displayTitle": " ",
    "title": " "
  },
  {
    "_id": "5954d8efd084d5167a0500ec",
    "_parentId": "594d0dabd084d5167a0500bc",
    "_type": "block",
    "_isAvailable": true,
    "_isOptional": false,
    "_trackingId": 12,
    "_classes": "color-two inverted",
    "body": "",
    "displayTitle": " ",
    "title": " "
  },
  {
    "_id": "58f8b1b4d084d5167a04da5c",
    "_parentId": "58f8b1b4d084d5167a04da37",
    "_type": "block",
    "_isAvailable": true,
    "_isOptional": false,
    "_trackingId": 13,
    "_classes": "",
    "body": "",
    "displayTitle": "Block title",
    "title": "Block title"
  },
  {
    "_id": "58f8b1b4d084d5167a04da78",
    "_parentId": "58f8b1b4d084d5167a04da36",
    "_type": "block",
    "_isAvailable": true,
    "_isOptional": false,
    "_trackingId": 14,
    "_classes": "color-four",
    "body": "",
    "displayTitle": " ",
    "title": " "
  },
  {
    "_id": "58f8b1b4d084d5167a04da84",
    "_parentId": "58f8b1b4d084d5167a04da33",
    "_type": "block",
    "_isAvailable": true,
    "_isOptional": false,
    "_trackingId": 15,
    "_classes": "",
    "body": "",
    "displayTitle": " ",
    "title": " "
  },
  {
    "_id": "59493220d084d5167a04ff9e",
    "_parentId": "59492f9ad084d5167a04ff97",
    "_type": "block",
    "_isAvailable": true,
    "_isOptional": false,
    "_trackingId": 16,
    "_classes": "",
    "body": "",
    "displayTitle": " ",
    "title": " "
  },
  {
    "_id": "5954d8fcd084d5167a0500f0",
    "_parentId": "594d0dabd084d5167a0500bc",
    "_type": "block",
    "_isAvailable": true,
    "_isOptional": false,
    "_trackingId": 17,
    "_classes": "color-two",
    "body": "",
    "displayTitle": " ",
    "title": " "
  },
  {
    "_id": "58f8b1b4d084d5167a04da49",
    "_parentId": "58f8b1b4d084d5167a04da36",
    "_type": "block",
    "_isAvailable": true,
    "_isOptional": false,
    "_trackingId": 18,
    "_classes": "inverted color-four",
    "body": "",
    "displayTitle": " ",
    "title": " "
  },
  {
    "_id": "58f8b1b4d084d5167a04da51",
    "_parentId": "58f8b1b4d084d5167a04da33",
    "_type": "block",
    "_isAvailable": true,
    "_isOptional": false,
    "_trackingId": 19,
    "_classes": "inverted color-nine",
    "body": "",
    "displayTitle": " ",
    "title": " "
  },
  {
    "_id": "58f8b1b4d084d5167a04da7b",
    "_parentId": "58f8b1b4d084d5167a04da37",
    "_type": "block",
    "_isAvailable": true,
    "_isOptional": false,
    "_trackingId": 20,
    "_classes": "",
    "body": "",
    "displayTitle": "Block title",
    "title": "Block title"
  },
  {
    "_id": "5949356bd084d5167a04ffa1",
    "_parentId": "59492f9ad084d5167a04ff97",
    "_type": "block",
    "_isAvailable": true,
    "_isOptional": false,
    "_trackingId": 21,
    "_classes": "inverted color-one",
    "body": "",
    "displayTitle": " ",
    "title": " "
  },
  {
    "_id": "58f8b1b4d084d5167a04da5d",
    "_parentId": "58f8b1b4d084d5167a04da33",
    "_type": "block",
    "_isAvailable": true,
    "_isOptional": false,
    "_trackingId": 22,
    "_classes": "color-nine",
    "body": "",
    "displayTitle": " ",
    "title": " "
  },
  {
    "_id": "58f8b1b4d084d5167a04da79",
    "_parentId": "58f8b1b4d084d5167a04da36",
    "_type": "block",
    "_isAvailable": true,
    "_isOptional": false,
    "_trackingId": 23,
    "_classes": "color-four",
    "body": "",
    "displayTitle": " ",
    "title": " "
  },
  {
    "_id": "594937eed084d5167a04ffa4",
    "_parentId": "59492f9ad084d5167a04ff97",
    "_type": "block",
    "_isAvailable": true,
    "_isOptional": false,
    "_trackingId": 24,
    "_classes": "",
    "body": "",
    "displayTitle": " ",
    "title": " "
  },
  {
    "_id": "58f8b1b4d084d5167a04da4a",
    "_parentId": "58f8b1b4d084d5167a04da36",
    "_type": "block",
    "_isAvailable": true,
    "_isOptional": false,
    "_trackingId": 25,
    "_classes": "inverted color-four section-banner",
    "body": "",
    "displayTitle": " ",
    "title": " "
  },
  {
    "_id": "58f8b1b4d084d5167a04da52",
    "_parentId": "58f8b1b4d084d5167a04da33",
    "_type": "block",
    "_isAvailable": true,
    "_isOptional": false,
    "_trackingId": 26,
    "_classes": "inverted color-nine",
    "body": "",
    "displayTitle": " ",
    "title": " "
  },
  {
    "_id": "594d0b5dd084d5167a0500b7",
    "_parentId": "59492f9ad084d5167a04ff97",
    "_type": "block",
    "_isAvailable": true,
    "_isOptional": false,
    "_trackingId": 27,
    "_classes": "inverted color-two section-banner",
    "body": "",
    "displayTitle": " ",
    "title": " "
  },
  {
    "_id": "58f8b1b4d084d5167a04da85",
    "_parentId": "58f8b1b4d084d5167a04da33",
    "_type": "block",
    "_isAvailable": true,
    "_isOptional": false,
    "_trackingId": 28,
    "_classes": "",
    "body": "",
    "displayTitle": " ",
    "title": " "
  },
  {
    "_id": "58f8b1b4d084d5167a04da46",
    "_parentId": "58f8b1b4d084d5167a04da33",
    "_type": "block",
    "_isAvailable": true,
    "_isOptional": false,
    "_trackingId": 29,
    "_classes": "inverted color-one",
    "body": "",
    "displayTitle": " ",
    "title": " "
  },
  {
    "_id": "58f8b1b4d084d5167a04da53",
    "_parentId": "58f8b1b4d084d5167a04da33",
    "_type": "block",
    "_isAvailable": true,
    "_isOptional": false,
    "_trackingId": 30,
    "_classes": "color-one",
    "body": "",
    "displayTitle": " ",
    "title": " "
  },
  {
    "_id": "58f8b1b4d084d5167a04da54",
    "_parentId": "58f8b1b4d084d5167a04da33",
    "_type": "block",
    "_isAvailable": true,
    "_isOptional": false,
    "_trackingId": 31,
    "_classes": "inverted color-one",
    "body": "",
    "displayTitle": " ",
    "title": " "
  },
  {
    "_id": "58f8b1b4d084d5167a04da55",
    "_parentId": "58f8b1b4d084d5167a04da33",
    "_type": "block",
    "_isAvailable": true,
    "_isOptional": false,
    "_trackingId": 32,
    "_classes": "inverted footer",
    "body": "",
    "displayTitle": " ",
    "title": " "
  }
]