[
  {
    "_id": "58f8b1b4d084d5167a04da3c",
    "_parentId": "58f8b1b4d084d5167a04da36",
    "_type": "block",
    "_isAvailable": true,
    "_isOptional": false,
    "_trackingId": 1,
    "_classes": "",
    "body": "",
    "displayTitle": "",
    "title": " "
  },
  {
    "_id": "59773171d084d5167a050fb5",
    "_parentId": "59773171d084d5167a050fb2",
    "_type": "block",
    "_isAvailable": true,
    "_isOptional": false,
    "_trackingId": 2,
    "_classes": "",
    "body": "",
    "displayTitle": "",
    "title": " "
  },
  {
    "_id": "597b3450d084d5167a05124b",
    "_parentId": "597b3450d084d5167a051248",
    "_type": "block",
    "_isAvailable": true,
    "_isOptional": false,
    "_trackingId": 3,
    "_classes": "",
    "body": "",
    "displayTitle": "",
    "title": " "
  },
  {
    "_id": "58f8b1b4d084d5167a04da7a",
    "_parentId": "58f8b1b4d084d5167a04da37",
    "_type": "block",
    "_isAvailable": true,
    "_isOptional": false,
    "_trackingId": 4,
    "_classes": "color-three",
    "body": "",
    "displayTitle": " ",
    "title": " "
  },
  {
    "_id": "58f8b1b4d084d5167a04da7c",
    "_parentId": "58f8b1b4d084d5167a04da38",
    "_type": "block",
    "_isAvailable": true,
    "_isOptional": false,
    "_trackingId": 5,
    "_classes": "inverted footer",
    "body": "",
    "displayTitle": " ",
    "title": " "
  },
  {
    "_id": "59492f9ad084d5167a04ff98",
    "_parentId": "59492f9ad084d5167a04ff97",
    "_type": "block",
    "_isAvailable": true,
    "_isOptional": false,
    "_trackingId": 6,
    "_classes": "",
    "body": "",
    "displayTitle": "",
    "title": " "
  },
  {
    "_id": "594d0dacd084d5167a0500bd",
    "_parentId": "594d0dabd084d5167a0500bc",
    "_type": "block",
    "_isAvailable": true,
    "_isOptional": false,
    "_trackingId": 7,
    "_classes": "color-two",
    "body": "",
    "displayTitle": " ",
    "title": " "
  },
  {
    "_id": "594d0eb8d084d5167a0500cd",
    "_parentId": "594d0eb8d084d5167a0500cc",
    "_type": "block",
    "_isAvailable": true,
    "_isOptional": false,
    "_trackingId": 8,
    "_classes": "footer inverted",
    "body": "",
    "displayTitle": " ",
    "title": " "
  },
  {
    "_id": "5971daf2d084d5167a050e8b",
    "_parentId": "5971daf2d084d5167a050e83",
    "_type": "block",
    "_isAvailable": true,
    "_isOptional": false,
    "_trackingId": 9,
    "_classes": "color-two",
    "body": "",
    "displayTitle": " ",
    "title": " "
  },
  {
    "_id": "5971daf2d084d5167a050e8e",
    "_parentId": "5971daf2d084d5167a050e84",
    "_type": "block",
    "_isAvailable": true,
    "_isOptional": false,
    "_trackingId": 10,
    "_classes": "footer inverted",
    "body": "",
    "displayTitle": " ",
    "title": " "
  },
  {
    "_id": "5975f000d084d5167a050f23",
    "_parentId": "5975efffd084d5167a050f19",
    "_type": "block",
    "_isAvailable": true,
    "_isOptional": false,
    "_trackingId": 11,
    "_classes": "color-two",
    "body": "",
    "displayTitle": " ",
    "title": " "
  },
  {
    "_id": "5975f000d084d5167a050f26",
    "_parentId": "5975efffd084d5167a050f1a",
    "_type": "block",
    "_isAvailable": true,
    "_isOptional": false,
    "_trackingId": 12,
    "_classes": "footer inverted",
    "body": "",
    "displayTitle": " ",
    "title": " "
  },
  {
    "_id": "59773172d084d5167a050fbd",
    "_parentId": "59773171d084d5167a050fb3",
    "_type": "block",
    "_isAvailable": true,
    "_isOptional": false,
    "_trackingId": 13,
    "_classes": "color-two inverted",
    "body": "",
    "displayTitle": " ",
    "title": " "
  },
  {
    "_id": "59773172d084d5167a050fc0",
    "_parentId": "59773171d084d5167a050fb4",
    "_type": "block",
    "_isAvailable": true,
    "_isOptional": false,
    "_trackingId": 14,
    "_classes": "footer inverted",
    "body": "",
    "displayTitle": " ",
    "title": " "
  },
  {
    "_id": "59776526d084d5167a051109",
    "_parentId": "59776525d084d5167a0510fe",
    "_type": "block",
    "_isAvailable": true,
    "_isOptional": false,
    "_trackingId": 15,
    "_classes": "color-two",
    "body": "",
    "displayTitle": " ",
    "title": " "
  },
  {
    "_id": "59776526d084d5167a05110c",
    "_parentId": "59776525d084d5167a0510ff",
    "_type": "block",
    "_isAvailable": true,
    "_isOptional": false,
    "_trackingId": 16,
    "_classes": "footer inverted",
    "body": "",
    "displayTitle": " ",
    "title": " "
  },
  {
    "_id": "597b3450d084d5167a051251",
    "_parentId": "597b3450d084d5167a051249",
    "_type": "block",
    "_isAvailable": true,
    "_isOptional": false,
    "_trackingId": 17,
    "_classes": "color-two",
    "body": "",
    "displayTitle": " ",
    "title": " "
  },
  {
    "_id": "597b3451d084d5167a051254",
    "_parentId": "597b3450d084d5167a05124a",
    "_type": "block",
    "_isAvailable": true,
    "_isOptional": false,
    "_trackingId": 18,
    "_classes": "footer inverted",
    "body": "",
    "displayTitle": " ",
    "title": " "
  },
  {
    "_id": "597cb40dd084d5167a0513d2",
    "_parentId": "597cb40dd084d5167a0513c7",
    "_type": "block",
    "_isAvailable": true,
    "_isOptional": false,
    "_trackingId": 19,
    "_classes": "color-two inverted",
    "body": "",
    "displayTitle": " ",
    "title": " "
  },
  {
    "_id": "597cb40dd084d5167a0513d5",
    "_parentId": "597cb40dd084d5167a0513c8",
    "_type": "block",
    "_isAvailable": true,
    "_isOptional": false,
    "_trackingId": 20,
    "_classes": "footer inverted",
    "body": "",
    "displayTitle": " ",
    "title": " "
  },
  {
    "_id": "597cb40dd084d5167a0513cb",
    "_parentId": "597cb40dd084d5167a0513c6",
    "_type": "block",
    "_isAvailable": true,
    "_isOptional": false,
    "_trackingId": 21,
    "_classes": "",
    "body": "",
    "displayTitle": "",
    "title": " "
  },
  {
    "_id": "59776526d084d5167a051100",
    "_parentId": "59776525d084d5167a0510fd",
    "_type": "block",
    "_isAvailable": true,
    "_isOptional": false,
    "_trackingId": 22,
    "_classes": "",
    "body": "",
    "displayTitle": "",
    "title": " "
  },
  {
    "_id": "5971daf2d084d5167a050e85",
    "_parentId": "5971daf2d084d5167a050e82",
    "_type": "block",
    "_isAvailable": true,
    "_isOptional": false,
    "_trackingId": 23,
    "_classes": "",
    "body": "",
    "displayTitle": "",
    "title": " "
  },
  {
    "_id": "5975efffd084d5167a050f1b",
    "_parentId": "5975efffd084d5167a050f18",
    "_type": "block",
    "_isAvailable": true,
    "_isOptional": false,
    "_trackingId": 24,
    "_classes": "",
    "body": "",
    "displayTitle": "",
    "title": " "
  },
  {
    "_id": "58f8b1b4d084d5167a04da4b",
    "_parentId": "58f8b1b4d084d5167a04da37",
    "_type": "block",
    "_isAvailable": true,
    "_isOptional": false,
    "_trackingId": 25,
    "_classes": "inverted color-three",
    "body": "",
    "displayTitle": " ",
    "title": " "
  },
  {
    "_id": "58f8b1b4d084d5167a04da7d",
    "_parentId": "58f8b1b4d084d5167a04da36",
    "_type": "block",
    "_isAvailable": true,
    "_isOptional": false,
    "_trackingId": 26,
    "_classes": "inverted color-four",
    "body": "",
    "displayTitle": " ",
    "title": " "
  },
  {
    "_id": "59493080d084d5167a04ff9b",
    "_parentId": "59492f9ad084d5167a04ff97",
    "_type": "block",
    "_isAvailable": true,
    "_isOptional": false,
    "_trackingId": 27,
    "_classes": "inverted color-one",
    "body": "",
    "displayTitle": " ",
    "title": " "
  },
  {
    "_id": "5954d8efd084d5167a0500ec",
    "_parentId": "594d0dabd084d5167a0500bc",
    "_type": "block",
    "_isAvailable": true,
    "_isOptional": false,
    "_trackingId": 28,
    "_classes": "color-two inverted",
    "body": "",
    "displayTitle": " ",
    "title": " "
  },
  {
    "_id": "5971daf2d084d5167a050e86",
    "_parentId": "5971daf2d084d5167a050e82",
    "_type": "block",
    "_isAvailable": true,
    "_isOptional": false,
    "_trackingId": 29,
    "_classes": "inverted color-one",
    "body": "",
    "displayTitle": " ",
    "title": " "
  },
  {
    "_id": "5971daf2d084d5167a050e8c",
    "_parentId": "5971daf2d084d5167a050e83",
    "_type": "block",
    "_isAvailable": true,
    "_isOptional": false,
    "_trackingId": 30,
    "_classes": "color-two inverted",
    "body": "",
    "displayTitle": " ",
    "title": " "
  },
  {
    "_id": "5975efffd084d5167a050f1c",
    "_parentId": "5975efffd084d5167a050f18",
    "_type": "block",
    "_isAvailable": true,
    "_isOptional": false,
    "_trackingId": 31,
    "_classes": "inverted color-one",
    "body": "",
    "displayTitle": " ",
    "title": " "
  },
  {
    "_id": "5975f000d084d5167a050f24",
    "_parentId": "5975efffd084d5167a050f19",
    "_type": "block",
    "_isAvailable": true,
    "_isOptional": false,
    "_trackingId": 32,
    "_classes": "color-two inverted",
    "body": "",
    "displayTitle": " ",
    "title": " "
  },
  {
    "_id": "59773171d084d5167a050fb6",
    "_parentId": "59773171d084d5167a050fb2",
    "_type": "block",
    "_isAvailable": true,
    "_isOptional": false,
    "_trackingId": 33,
    "_classes": "inverted color-one",
    "body": "",
    "displayTitle": " ",
    "title": " "
  },
  {
    "_id": "59773172d084d5167a050fbe",
    "_parentId": "59773171d084d5167a050fb3",
    "_type": "block",
    "_isAvailable": true,
    "_isOptional": false,
    "_trackingId": 34,
    "_classes": "color-two",
    "body": "",
    "displayTitle": " ",
    "title": " "
  },
  {
    "_id": "597760bdd084d5167a0510f1",
    "_parentId": "59773171d084d5167a050fb4",
    "_type": "block",
    "_isAvailable": true,
    "_isOptional": false,
    "_trackingId": 35,
    "_classes": "inverted footer",
    "body": "",
    "displayTitle": " ",
    "title": " "
  },
  {
    "_id": "59776526d084d5167a051103",
    "_parentId": "59776525d084d5167a0510fd",
    "_type": "block",
    "_isAvailable": true,
    "_isOptional": false,
    "_trackingId": 36,
    "_classes": "inverted color-one",
    "body": "",
    "displayTitle": " ",
    "title": " "
  },
  {
    "_id": "59776526d084d5167a05110a",
    "_parentId": "59776525d084d5167a0510fe",
    "_type": "block",
    "_isAvailable": true,
    "_isOptional": false,
    "_trackingId": 37,
    "_classes": "color-two inverted",
    "body": "",
    "displayTitle": " ",
    "title": " "
  },
  {
    "_id": "597b3450d084d5167a05124e",
    "_parentId": "597b3450d084d5167a051248",
    "_type": "block",
    "_isAvailable": true,
    "_isOptional": false,
    "_trackingId": 38,
    "_classes": "inverted color-one",
    "body": "",
    "displayTitle": " ",
    "title": " "
  },
  {
    "_id": "597b3451d084d5167a051253",
    "_parentId": "597b3450d084d5167a051249",
    "_type": "block",
    "_isAvailable": true,
    "_isOptional": false,
    "_trackingId": 39,
    "_classes": "inverted color-two",
    "body": "",
    "displayTitle": " ",
    "title": " "
  },
  {
    "_id": "597cb40dd084d5167a0513ce",
    "_parentId": "597cb40dd084d5167a0513c6",
    "_type": "block",
    "_isAvailable": true,
    "_isOptional": false,
    "_trackingId": 40,
    "_classes": "inverted color-one",
    "body": "",
    "displayTitle": " ",
    "title": " "
  },
  {
    "_id": "597cb40dd084d5167a0513d4",
    "_parentId": "597cb40dd084d5167a0513c7",
    "_type": "block",
    "_isAvailable": true,
    "_isOptional": false,
    "_trackingId": 41,
    "_classes": "color-two",
    "body": "",
    "displayTitle": " ",
    "title": " "
  },
  {
    "_id": "597cb40dd084d5167a0513c9",
    "_parentId": "597cb40dd084d5167a0513c6",
    "_type": "block",
    "_isAvailable": true,
    "_isOptional": false,
    "_trackingId": 42,
    "_classes": "color-one",
    "body": "",
    "displayTitle": " ",
    "title": " "
  },
  {
    "_id": "58f8b1b4d084d5167a04da5c",
    "_parentId": "58f8b1b4d084d5167a04da37",
    "_type": "block",
    "_isAvailable": true,
    "_isOptional": false,
    "_trackingId": 43,
    "_classes": "color-three",
    "body": "",
    "displayTitle": " ",
    "title": " "
  },
  {
    "_id": "58f8b1b4d084d5167a04da78",
    "_parentId": "58f8b1b4d084d5167a04da36",
    "_type": "block",
    "_isAvailable": true,
    "_isOptional": false,
    "_trackingId": 44,
    "_classes": "color-four",
    "body": "",
    "displayTitle": " ",
    "title": " "
  },
  {
    "_id": "59493220d084d5167a04ff9e",
    "_parentId": "59492f9ad084d5167a04ff97",
    "_type": "block",
    "_isAvailable": true,
    "_isOptional": false,
    "_trackingId": 45,
    "_classes": "",
    "body": "",
    "displayTitle": " ",
    "title": " "
  },
  {
    "_id": "5954d8fcd084d5167a0500f0",
    "_parentId": "594d0dabd084d5167a0500bc",
    "_type": "block",
    "_isAvailable": true,
    "_isOptional": false,
    "_trackingId": 46,
    "_classes": "color-two",
    "body": "",
    "displayTitle": " ",
    "title": " "
  },
  {
    "_id": "5971daf2d084d5167a050e8d",
    "_parentId": "5971daf2d084d5167a050e83",
    "_type": "block",
    "_isAvailable": true,
    "_isOptional": false,
    "_trackingId": 47,
    "_classes": "color-two",
    "body": "",
    "displayTitle": " ",
    "title": " "
  },
  {
    "_id": "5971daf2d084d5167a050e87",
    "_parentId": "5971daf2d084d5167a050e82",
    "_type": "block",
    "_isAvailable": true,
    "_isOptional": false,
    "_trackingId": 48,
    "_classes": "color-one",
    "body": "",
    "displayTitle": " ",
    "title": " "
  },
  {
    "_id": "5975f000d084d5167a050f21",
    "_parentId": "5975efffd084d5167a050f18",
    "_type": "block",
    "_isAvailable": true,
    "_isOptional": false,
    "_trackingId": 49,
    "_classes": "color-one",
    "body": "",
    "displayTitle": " ",
    "title": " "
  },
  {
    "_id": "5975f000d084d5167a050f25",
    "_parentId": "5975efffd084d5167a050f19",
    "_type": "block",
    "_isAvailable": true,
    "_isOptional": false,
    "_trackingId": 50,
    "_classes": "color-two",
    "body": "",
    "displayTitle": " ",
    "title": " "
  },
  {
    "_id": "59773171d084d5167a050fba",
    "_parentId": "59773171d084d5167a050fb2",
    "_type": "block",
    "_isAvailable": true,
    "_isOptional": false,
    "_trackingId": 51,
    "_classes": "color-one",
    "body": "",
    "displayTitle": " ",
    "title": " "
  },
  {
    "_id": "59773172d084d5167a050fbf",
    "_parentId": "59773171d084d5167a050fb3",
    "_type": "block",
    "_isAvailable": true,
    "_isOptional": false,
    "_trackingId": 52,
    "_classes": "color-two inverted",
    "body": "",
    "displayTitle": " ",
    "title": " "
  },
  {
    "_id": "59776526d084d5167a051101",
    "_parentId": "59776525d084d5167a0510fd",
    "_type": "block",
    "_isAvailable": true,
    "_isOptional": false,
    "_trackingId": 53,
    "_classes": "color-one",
    "body": "",
    "displayTitle": " ",
    "title": " "
  },
  {
    "_id": "59776526d084d5167a05110b",
    "_parentId": "59776525d084d5167a0510fe",
    "_type": "block",
    "_isAvailable": true,
    "_isOptional": false,
    "_trackingId": 54,
    "_classes": "color-two",
    "body": "",
    "displayTitle": " ",
    "title": " "
  },
  {
    "_id": "597b3450d084d5167a05124c",
    "_parentId": "597b3450d084d5167a051248",
    "_type": "block",
    "_isAvailable": true,
    "_isOptional": false,
    "_trackingId": 55,
    "_classes": "color-one joined-top",
    "body": "",
    "displayTitle": " ",
    "title": " "
  },
  {
    "_id": "597b3450d084d5167a051252",
    "_parentId": "597b3450d084d5167a051249",
    "_type": "block",
    "_isAvailable": true,
    "_isOptional": false,
    "_trackingId": 56,
    "_classes": "color-two",
    "body": "",
    "displayTitle": " ",
    "title": " "
  },
  {
    "_id": "597cb40dd084d5167a0513d3",
    "_parentId": "597cb40dd084d5167a0513c7",
    "_type": "block",
    "_isAvailable": true,
    "_isOptional": false,
    "_trackingId": 57,
    "_classes": "color-two inverted",
    "body": "",
    "displayTitle": " ",
    "title": " "
  },
  {
    "_id": "58f8b1b4d084d5167a04da49",
    "_parentId": "58f8b1b4d084d5167a04da36",
    "_type": "block",
    "_isAvailable": true,
    "_isOptional": false,
    "_trackingId": 58,
    "_classes": "inverted color-four",
    "body": "",
    "displayTitle": " ",
    "title": " "
  },
  {
    "_id": "58f8b1b4d084d5167a04da7b",
    "_parentId": "58f8b1b4d084d5167a04da37",
    "_type": "block",
    "_isAvailable": true,
    "_isOptional": false,
    "_trackingId": 59,
    "_classes": "color-three inverted",
    "body": "",
    "displayTitle": " ",
    "title": " "
  },
  {
    "_id": "5949356bd084d5167a04ffa1",
    "_parentId": "59492f9ad084d5167a04ff97",
    "_type": "block",
    "_isAvailable": true,
    "_isOptional": false,
    "_trackingId": 60,
    "_classes": "inverted color-one",
    "body": "",
    "displayTitle": " ",
    "title": " "
  },
  {
    "_id": "5971e90ed084d5167a050ebb",
    "_parentId": "5971daf2d084d5167a050e82",
    "_type": "block",
    "_isAvailable": true,
    "_isOptional": false,
    "_trackingId": 61,
    "_classes": "section-banner inverted color-one",
    "body": "",
    "displayTitle": " ",
    "title": " "
  },
  {
    "_id": "5975f000d084d5167a050f22",
    "_parentId": "5975efffd084d5167a050f18",
    "_type": "block",
    "_isAvailable": true,
    "_isOptional": false,
    "_trackingId": 62,
    "_classes": "color-one inverted joined-top",
    "body": "",
    "displayTitle": " ",
    "title": " "
  },
  {
    "_id": "59773171d084d5167a050fb7",
    "_parentId": "59773171d084d5167a050fb2",
    "_type": "block",
    "_isAvailable": true,
    "_isOptional": false,
    "_trackingId": 63,
    "_classes": "color-one inverted",
    "body": "",
    "displayTitle": " ",
    "title": " "
  },
  {
    "_id": "59776526d084d5167a051105",
    "_parentId": "59776525d084d5167a0510fd",
    "_type": "block",
    "_isAvailable": true,
    "_isOptional": false,
    "_trackingId": 64,
    "_classes": "color-one inverted",
    "body": "",
    "displayTitle": " ",
    "title": " "
  },
  {
    "_id": "597cb40dd084d5167a0513cc",
    "_parentId": "597cb40dd084d5167a0513c6",
    "_type": "block",
    "_isAvailable": true,
    "_isOptional": false,
    "_trackingId": 65,
    "_classes": "color-one inverted",
    "body": "",
    "displayTitle": " ",
    "title": " "
  },
  {
    "_id": "59805066d084d5167a0516d4",
    "_parentId": "597b3450d084d5167a051248",
    "_type": "block",
    "_isAvailable": true,
    "_isOptional": false,
    "_trackingId": 66,
    "_classes": "joined-bottom color-one",
    "body": "",
    "displayTitle": " ",
    "title": " "
  },
  {
    "_id": "597b3450d084d5167a05124f",
    "_parentId": "597b3450d084d5167a051248",
    "_type": "block",
    "_isAvailable": true,
    "_isOptional": false,
    "_trackingId": 67,
    "_classes": "color-one inverted",
    "body": "",
    "displayTitle": " ",
    "title": " "
  },
  {
    "_id": "597cb40dd084d5167a0513ca",
    "_parentId": "597cb40dd084d5167a0513c6",
    "_type": "block",
    "_isAvailable": true,
    "_isOptional": false,
    "_trackingId": 68,
    "_classes": "color-one",
    "body": "",
    "displayTitle": " ",
    "title": " "
  },
  {
    "_id": "58f8b1b4d084d5167a04da79",
    "_parentId": "58f8b1b4d084d5167a04da36",
    "_type": "block",
    "_isAvailable": true,
    "_isOptional": false,
    "_trackingId": 69,
    "_classes": "color-four",
    "body": "",
    "displayTitle": " ",
    "title": " "
  },
  {
    "_id": "594937eed084d5167a04ffa4",
    "_parentId": "59492f9ad084d5167a04ff97",
    "_type": "block",
    "_isAvailable": true,
    "_isOptional": false,
    "_trackingId": 70,
    "_classes": "",
    "body": "",
    "displayTitle": " ",
    "title": " "
  },
  {
    "_id": "5971daf2d084d5167a050e89",
    "_parentId": "5971daf2d084d5167a050e82",
    "_type": "block",
    "_isAvailable": true,
    "_isOptional": false,
    "_trackingId": 71,
    "_classes": "color-one",
    "body": "",
    "displayTitle": " ",
    "title": " "
  },
  {
    "_id": "5975efffd084d5167a050f1f",
    "_parentId": "5975efffd084d5167a050f18",
    "_type": "block",
    "_isAvailable": true,
    "_isOptional": false,
    "_trackingId": 72,
    "_classes": "inverted color-one",
    "body": "",
    "displayTitle": " ",
    "title": " "
  },
  {
    "_id": "59774cc1d084d5167a051022",
    "_parentId": "59773171d084d5167a050fb2",
    "_type": "block",
    "_isAvailable": true,
    "_isOptional": false,
    "_trackingId": 73,
    "_classes": "color-one",
    "body": "",
    "displayTitle": " ",
    "title": " "
  },
  {
    "_id": "59776526d084d5167a051102",
    "_parentId": "59776525d084d5167a0510fd",
    "_type": "block",
    "_isAvailable": true,
    "_isOptional": false,
    "_trackingId": 74,
    "_classes": "color-one",
    "body": "",
    "displayTitle": " ",
    "title": " "
  },
  {
    "_id": "58f8b1b4d084d5167a04da4a",
    "_parentId": "58f8b1b4d084d5167a04da36",
    "_type": "block",
    "_isAvailable": true,
    "_isOptional": false,
    "_trackingId": 75,
    "_classes": "inverted color-three section-banner",
    "body": "",
    "displayTitle": " ",
    "title": " "
  },
  {
    "_id": "5975efffd084d5167a050f20",
    "_parentId": "5975efffd084d5167a050f18",
    "_type": "block",
    "_isAvailable": true,
    "_isOptional": false,
    "_trackingId": 76,
    "_classes": "",
    "body": "",
    "displayTitle": " ",
    "title": " "
  },
  {
    "_id": "594d0b5dd084d5167a0500b7",
    "_parentId": "59492f9ad084d5167a04ff97",
    "_type": "block",
    "_isAvailable": true,
    "_isOptional": false,
    "_trackingId": 77,
    "_classes": "inverted color-two section-banner",
    "body": "",
    "displayTitle": " ",
    "title": " "
  },
  {
    "_id": "59773171d084d5167a050fbb",
    "_parentId": "59773171d084d5167a050fb2",
    "_type": "block",
    "_isAvailable": true,
    "_isOptional": false,
    "_trackingId": 78,
    "_classes": "inverted color-one section-banner",
    "body": "",
    "displayTitle": " ",
    "title": " "
  },
  {
    "_id": "59776526d084d5167a051107",
    "_parentId": "59776525d084d5167a0510fd",
    "_type": "block",
    "_isAvailable": true,
    "_isOptional": false,
    "_trackingId": 79,
    "_classes": "section-banner inverted color-two",
    "body": "",
    "displayTitle": " ",
    "title": " "
  },
  {
    "_id": "597b3450d084d5167a05124d",
    "_parentId": "597b3450d084d5167a051248",
    "_type": "block",
    "_isAvailable": true,
    "_isOptional": false,
    "_trackingId": 80,
    "_classes": "color-one",
    "body": "",
    "displayTitle": " ",
    "title": " "
  },
  {
    "_id": "597cb40dd084d5167a0513cd",
    "_parentId": "597cb40dd084d5167a0513c6",
    "_type": "block",
    "_isAvailable": true,
    "_isOptional": false,
    "_trackingId": 81,
    "_classes": "color-one inverted",
    "body": "",
    "displayTitle": " ",
    "title": " "
  },
  {
    "_id": "5971daf2d084d5167a050e88",
    "_parentId": "5971daf2d084d5167a050e82",
    "_type": "block",
    "_isAvailable": true,
    "_isOptional": false,
    "_trackingId": 82,
    "_classes": "inverted color-one",
    "body": "<p>Using the RDF notation we can represent all the data required in the first exercise in a single simple structure.&nbsp;</p><p>Note how everything prefixed with a &ldquo;#&rdquo; is used as a reference an repeated in both the &ldquo;Subject&rdquo; and the &ldquo;Object&rdquo;.</p>",
    "displayTitle": " Everything in threes",
    "title": " Everything in threes"
  },
  {
    "_id": "5972209cd084d5167a050ebf",
    "_parentId": "5971daf2d084d5167a050e82",
    "_type": "block",
    "_isAvailable": true,
    "_isOptional": false,
    "_trackingId": 83,
    "_classes": "",
    "body": "",
    "displayTitle": " ",
    "title": " "
  },
  {
    "_id": "59760c03d084d5167a050f99",
    "_parentId": "5975efffd084d5167a050f18",
    "_type": "block",
    "_isAvailable": true,
    "_isOptional": false,
    "_trackingId": 84,
    "_classes": "inverted color-one",
    "body": "",
    "displayTitle": " ",
    "title": " "
  },
  {
    "_id": "59773171d084d5167a050fb9",
    "_parentId": "59773171d084d5167a050fb2",
    "_type": "block",
    "_isAvailable": true,
    "_isOptional": false,
    "_trackingId": 85,
    "_classes": "color-one",
    "body": "",
    "displayTitle": " ",
    "title": " "
  },
  {
    "_id": "597b4172d084d5167a05137a",
    "_parentId": "597b3450d084d5167a051248",
    "_type": "block",
    "_isAvailable": true,
    "_isOptional": false,
    "_trackingId": 86,
    "_classes": "inverted color-one joined-top",
    "body": "",
    "displayTitle": " ",
    "title": " "
  },
  {
    "_id": "597cb40dd084d5167a0513cf",
    "_parentId": "597cb40dd084d5167a0513c6",
    "_type": "block",
    "_isAvailable": true,
    "_isOptional": false,
    "_trackingId": 87,
    "_classes": "section-banner color-two",
    "body": "",
    "displayTitle": " ",
    "title": " "
  },
  {
    "_id": "5971daf2d084d5167a050e8a",
    "_parentId": "5971daf2d084d5167a050e82",
    "_type": "block",
    "_isAvailable": true,
    "_isOptional": false,
    "_trackingId": 88,
    "_classes": "inverted color-two section-banner",
    "body": "",
    "displayTitle": " ",
    "title": " "
  },
  {
    "_id": "5975efffd084d5167a050f1d",
    "_parentId": "5975efffd084d5167a050f18",
    "_type": "block",
    "_isAvailable": true,
    "_isOptional": false,
    "_trackingId": 89,
    "_classes": "inverted color-two section-banner",
    "body": "",
    "displayTitle": " ",
    "title": " "
  },
  {
    "_id": "59775529d084d5167a05105d",
    "_parentId": "59773171d084d5167a050fb2",
    "_type": "block",
    "_isAvailable": true,
    "_isOptional": false,
    "_trackingId": 90,
    "_classes": "inverted color-one",
    "body": "",
    "displayTitle": " ",
    "title": " "
  },
  {
    "_id": "597b451ed084d5167a051380",
    "_parentId": "597b3450d084d5167a051248",
    "_type": "block",
    "_isAvailable": true,
    "_isOptional": false,
    "_trackingId": 91,
    "_classes": "color-one inverted joined-bottom",
    "body": "",
    "displayTitle": " ",
    "title": " "
  },
  {
    "_id": "597b4afbd084d5167a051397",
    "_parentId": "597b3450d084d5167a051248",
    "_type": "block",
    "_isAvailable": true,
    "_isOptional": false,
    "_trackingId": 92,
    "_classes": "color-one",
    "body": "",
    "displayTitle": " ",
    "title": " "
  },
  {
    "_id": "5977549ad084d5167a05105b",
    "_parentId": "59773171d084d5167a050fb2",
    "_type": "block",
    "_isAvailable": true,
    "_isOptional": false,
    "_trackingId": 93,
    "_classes": "section-banner",
    "body": "",
    "displayTitle": " ",
    "title": " "
  },
  {
    "_id": "597b3450d084d5167a051250",
    "_parentId": "597b3450d084d5167a051248",
    "_type": "block",
    "_isAvailable": true,
    "_isOptional": false,
    "_trackingId": 94,
    "_classes": "section-banner inverted color-two",
    "body": "",
    "displayTitle": " ",
    "title": " "
  }
]