[
  {
    "_id": "58f8b1b4d084d5167a04da2a",
    "_graphic": {
      "alt": "",
      "src": ""
    },
    "_parentId": "course",
    "_type": "page",
    "_isAvailable": true,
    "_isOptional": false,
    "_lockedBy": [],
    "duration": "",
    "linkText": "View",
    "_classes": "",
    "body": "",
    "displayTitle": "Overcoming barriers of open data for established businesses",
    "title": "Overcoming barriers of open data for established businesses",
    "_pageLevelProgress": {
      "_showPageCompletion": true,
      "_isEnabled": true
    },
    "_skillsFramework": {
      "_skills": []
    }
  },
  {
    "_id": "58f8b1b4d084d5167a04da29",
    "_graphic": {
      "alt": "",
      "src": "course/en/assets/3bd032ada03e207a4f6a18675e692a1d00584dd3.jpg"
    },
    "_parentId": "course",
    "_type": "page",
    "_isAvailable": true,
    "_isOptional": false,
    "_lockedBy": [],
    "duration": "",
    "linkText": "View",
    "_classes": "",
    "body": "",
    "displayTitle": "Open data business models",
    "title": "Open data business models",
    "_pageLevelProgress": {
      "_showPageCompletion": true,
      "_isEnabled": true
    },
    "_skillsFramework": {
      "_skills": [
        {
          "outcome": "Explain the importance of a value proposition",
          "credits": 5,
          "level": "strategist"
        },
        {
          "outcome": "List the elements of the business model canvas",
          "credits": 5,
          "level": "strategist"
        }
      ]
    }
  },
  {
    "_id": "58f8b1b4d084d5167a04da2d",
    "_graphic": {
      "alt": "",
      "src": ""
    },
    "_parentId": "course",
    "_type": "page",
    "_isAvailable": true,
    "_isOptional": false,
    "_lockedBy": [],
    "duration": "",
    "linkText": "View",
    "_classes": "",
    "body": "",
    "displayTitle": "Collaborating with open data stakeholders",
    "title": "Collaborating with open data stakeholders",
    "_pageLevelProgress": {
      "_showPageCompletion": true,
      "_isEnabled": true
    },
    "_skillsFramework": {
      "_skills": [
        {
          "outcome": "Explain the importance of collaborating with stakeholders for an open data project",
          "credits": 5,
          "level": "strategist"
        },
        {
          "outcome": "Identify different types of open data stakeholders",
          "credits": 5,
          "level": "strategist"
        },
        {
          "outcome": "Map open data stakeholders",
          "credits": 10,
          "level": "strategist"
        }
      ]
    }
  },
  {
    "_id": "58f8b1b4d084d5167a04da2b",
    "_graphic": {
      "alt": "",
      "src": "course/en/assets/94164aeed2f6885fcdf44f9fe5484855c5238353.jpg"
    },
    "_parentId": "course",
    "_type": "page",
    "_isAvailable": true,
    "_isOptional": false,
    "_lockedBy": [],
    "duration": "",
    "linkText": "View",
    "_classes": "",
    "body": "",
    "displayTitle": "Pitching an open data business",
    "title": "Pitching an open data business",
    "_pageLevelProgress": {
      "_showPageCompletion": true,
      "_isEnabled": true
    },
    "_skillsFramework": {
      "_skills": [
        {
          "outcome": "Structure an elevator pitch for an open data business",
          "credits": 10,
          "level": "strategist"
        },
        {
          "outcome": "Describe how to tailor an open data pitch to different audiences",
          "credits": 5,
          "level": "strategist"
        }
      ]
    }
  },
  {
    "_id": "58f8b1b4d084d5167a04da26",
    "_graphic": {
      "alt": "",
      "src": ""
    },
    "_parentId": "course",
    "_type": "page",
    "_isAvailable": true,
    "_isOptional": false,
    "_lockedBy": [],
    "duration": "",
    "linkText": "View",
    "_classes": "",
    "body": "",
    "displayTitle": "Growing a business with open data",
    "title": "Growing a business with open data",
    "_pageLevelProgress": {
      "_showPageCompletion": true,
      "_isEnabled": true
    },
    "_skillsFramework": {
      "_skills": []
    }
  },
  {
    "_id": "58f8b1b4d084d5167a04da2c",
    "_graphic": {
      "alt": "",
      "src": "course/en/assets/d31ed292b9a5b50993b9434076d7209a64401cc3.jpg"
    },
    "_parentId": "course",
    "_type": "page",
    "_isAvailable": true,
    "_isOptional": false,
    "_lockedBy": [],
    "duration": "",
    "linkText": "View",
    "_classes": "",
    "body": "<p>Opening up research data is critical for many reasons. In this module we explore what research data is, how it compares to open data and what activities are supporting its release.</p>",
    "displayTitle": "Why open research data?",
    "title": "Why open research data?",
    "_pageLevelProgress": {
      "_showPageCompletion": true,
      "_isEnabled": true
    },
    "_skillsFramework": {
      "_skills": [
        {
          "outcome": "Define research data",
          "credits": 5,
          "level": "explorer"
        },
        {
          "level": "explorer",
          "credits": 5,
          "outcome": "Explain how open research data fits in the scientific communication process"
        },
        {
          "outcome": "Explain the benefits of opening up research data",
          "credits": 5,
          "level": "explorer"
        },
        {
          "outcome": "List a number of influencing activities that support the opening of research data",
          "credits": 5,
          "level": "explorer"
        }
      ]
    }
  },
  {
    "_id": "58f8b1b4d084d5167a04da28",
    "_graphic": {
      "alt": "",
      "src": "course/en/assets/3bd032ada03e207a4f6a18675e692a1d00584dd3.jpg"
    },
    "_parentId": "course",
    "_type": "page",
    "_isAvailable": true,
    "_isOptional": false,
    "_lockedBy": [],
    "duration": "",
    "linkText": "View",
    "_classes": "",
    "body": "",
    "displayTitle": "When to open up data",
    "title": "When to open up data",
    "_pageLevelProgress": {
      "_showPageCompletion": true,
      "_isEnabled": true
    },
    "_skillsFramework": {
      "_skills": []
    }
  },
  {
    "_id": "58f8b1b4d084d5167a04da27",
    "_graphic": {
      "alt": "",
      "src": "course/en/assets/3bd032ada03e207a4f6a18675e692a1d00584dd3.jpg"
    },
    "_parentId": "course",
    "_type": "page",
    "_isAvailable": true,
    "_isOptional": false,
    "_lockedBy": [],
    "duration": "",
    "linkText": "View",
    "_classes": "",
    "body": "",
    "displayTitle": "When to open up data",
    "title": "When to open up data",
    "_skillsFramework": {
      "_skills": []
    },
    "_pageLevelProgress": {
      "_isEnabled": true,
      "_showPageCompletion": true
    }
  }
]