[
  {
    "_id": "582498034d7b7e82691e4242",
    "_parentId": "582498034d7b7e82691e4241",
    "_type": "article",
    "_isAvailable": true,
    "_isOptional": false,
    "_classes": "",
    "body": "",
    "displayTitle": " ",
    "title": " "
  },
  {
    "_id": "582ec71e4d7b7e82691e44ee",
    "_parentId": "582ec71e4d7b7e82691e44ed",
    "_type": "article",
    "_isAvailable": true,
    "_isOptional": false,
    "_classes": "",
    "body": "",
    "displayTitle": " ",
    "title": " "
  },
  {
    "_id": "582eca684d7b7e82691e44fb",
    "_parentId": "582eca684d7b7e82691e44fa",
    "_type": "article",
    "_isAvailable": true,
    "_isOptional": false,
    "_classes": "",
    "body": "",
    "displayTitle": " ",
    "title": " "
  },
  {
    "_id": "597b3c48d084d5167a05132c",
    "_parentId": "582eca684d7b7e82691e44f7",
    "_type": "article",
    "_isAvailable": true,
    "_isOptional": false,
    "_classes": "",
    "body": "",
    "displayTitle": " ",
    "title": " "
  },
  {
    "_id": "5919acb5d084d5167a04e6bf",
    "_parentId": "5919acb5d084d5167a04e6bd",
    "_type": "article",
    "_isAvailable": true,
    "_isOptional": false,
    "_classes": "",
    "body": "",
    "displayTitle": " ",
    "title": " "
  },
  {
    "_id": "582eca684d7b7e82691e44f8",
    "_parentId": "582eca684d7b7e82691e44f7",
    "_type": "article",
    "_isAvailable": true,
    "_isOptional": false,
    "_classes": "",
    "body": "",
    "displayTitle": " ",
    "title": " "
  },
  {
    "_id": "58a57e25fda9f5660ad85654",
    "_parentId": "582498034d7b7e82691e4241",
    "_type": "article",
    "_isAvailable": true,
    "_isOptional": false,
    "_classes": "",
    "body": "",
    "displayTitle": " ",
    "title": " "
  },
  {
    "_id": "5919acb5d084d5167a04e6c0",
    "_parentId": "5919acb5d084d5167a04e6bd",
    "_type": "article",
    "_isAvailable": true,
    "_isOptional": false,
    "_classes": "",
    "body": "",
    "displayTitle": " ",
    "title": " "
  },
  {
    "_id": "597b47c2d084d5167a051384",
    "_parentId": "582ec71e4d7b7e82691e44ed",
    "_type": "article",
    "_isAvailable": true,
    "_isOptional": false,
    "_classes": "",
    "body": "",
    "displayTitle": " ",
    "title": " "
  },
  {
    "_id": "58a5dcfefda9f5660ad8589d",
    "_parentId": "582ec71e4d7b7e82691e44ed",
    "_type": "article",
    "_isAvailable": true,
    "_isOptional": false,
    "_classes": "",
    "body": "",
    "displayTitle": " ",
    "title": " "
  },
  {
    "_id": "58a57ed8fda9f5660ad8566c",
    "_parentId": "582498034d7b7e82691e4241",
    "_type": "article",
    "_isAvailable": true,
    "_isOptional": false,
    "_classes": "",
    "body": "",
    "displayTitle": " ",
    "title": " "
  },
  {
    "_id": "597b3c6ed084d5167a051361",
    "_parentId": "582eca684d7b7e82691e44f7",
    "_type": "article",
    "_isAvailable": true,
    "_isOptional": false,
    "_classes": "",
    "body": "",
    "displayTitle": " ",
    "title": " "
  },
  {
    "_id": "5919acb5d084d5167a04e6c1",
    "_parentId": "5919acb5d084d5167a04e6bd",
    "_type": "article",
    "_isAvailable": true,
    "_isOptional": false,
    "_classes": "",
    "body": "",
    "displayTitle": " ",
    "title": " "
  }
]