[
  {
    "_id": "582498034d7b7e82691e4242",
    "_parentId": "582498034d7b7e82691e4241",
    "_type": "article",
    "_isAvailable": true,
    "_isOptional": false,
    "_classes": "",
    "body": "",
    "displayTitle": " ",
    "title": " "
  },
  {
    "_id": "582ec71e4d7b7e82691e44ee",
    "_parentId": "582ec71e4d7b7e82691e44ed",
    "_type": "article",
    "_isAvailable": true,
    "_isOptional": false,
    "_classes": "",
    "body": "",
    "displayTitle": " ",
    "title": " "
  },
  {
    "_id": "582eca684d7b7e82691e44fb",
    "_parentId": "582eca684d7b7e82691e44fa",
    "_type": "article",
    "_isAvailable": true,
    "_isOptional": false,
    "_classes": "",
    "body": "",
    "displayTitle": " ",
    "title": " "
  },
  {
    "_id": "582eca684d7b7e82691e44f8",
    "_parentId": "582eca684d7b7e82691e44f7",
    "_type": "article",
    "_isAvailable": true,
    "_isOptional": false,
    "_classes": "",
    "body": "",
    "displayTitle": " Open data business models",
    "title": " Open data business models"
  },
  {
    "_id": "584025dc4d7b7e82691e4b37",
    "_parentId": "584025dc4d7b7e82691e4b36",
    "_type": "article",
    "_isAvailable": true,
    "_isOptional": false,
    "_classes": "",
    "body": "",
    "displayTitle": " ",
    "title": " "
  }
]