[
  {
    "_id": "582ec71e4d7b7e82691e44ef",
    "_parentId": "582ec71e4d7b7e82691e44ee",
    "_type": "block",
    "_isAvailable": true,
    "_isOptional": false,
    "_trackingId": 1,
    "_classes": "",
    "body": "",
    "displayTitle": "",
    "title": " "
  },
  {
    "_id": "582eca684d7b7e82691e44fc",
    "_parentId": "582eca684d7b7e82691e44fb",
    "_type": "block",
    "_isAvailable": true,
    "_isOptional": false,
    "_trackingId": 2,
    "_classes": "",
    "body": "<p>&nbsp;</p>\n\n<ul>\n</ul>\n",
    "displayTitle": "",
    "title": " "
  },
  {
    "_id": "582eca684d7b7e82691e44f9",
    "_parentId": "582eca684d7b7e82691e44f8",
    "_type": "block",
    "_isAvailable": true,
    "_isOptional": false,
    "_trackingId": 3,
    "_classes": "",
    "body": "",
    "displayTitle": "",
    "title": " Open data business models"
  },
  {
    "_id": "584025dc4d7b7e82691e4b38",
    "_parentId": "584025dc4d7b7e82691e4b37",
    "_type": "block",
    "_isAvailable": true,
    "_isOptional": false,
    "_trackingId": 4,
    "_classes": "",
    "body": "",
    "displayTitle": "Pitching an open data business",
    "title": "Pitching an open data business"
  },
  {
    "_id": "582498044d7b7e82691e4243",
    "_parentId": "582498034d7b7e82691e4242",
    "_type": "block",
    "_isAvailable": true,
    "_isOptional": false,
    "_trackingId": 5,
    "_classes": "",
    "body": "",
    "displayTitle": "Pitching an open data business",
    "title": "Pitching an open data business"
  },
  {
    "_id": "584025dc4d7b7e82691e4b39",
    "_parentId": "584025dc4d7b7e82691e4b37",
    "_type": "block",
    "_isAvailable": true,
    "_isOptional": false,
    "_trackingId": 6,
    "_classes": "inverted color-one",
    "body": "",
    "displayTitle": " ",
    "title": " "
  },
  {
    "_id": "58249e5e4d7b7e82691e4246",
    "_parentId": "582498034d7b7e82691e4242",
    "_type": "block",
    "_isAvailable": true,
    "_isOptional": false,
    "_trackingId": 7,
    "_classes": "inverted color-one",
    "body": "",
    "displayTitle": " ",
    "title": " "
  },
  {
    "_id": "582ec7b74d7b7e82691e44f2",
    "_parentId": "582ec71e4d7b7e82691e44ee",
    "_type": "block",
    "_isAvailable": true,
    "_isOptional": false,
    "_trackingId": 8,
    "_classes": "",
    "body": "",
    "displayTitle": "Data exists on a spectrum",
    "title": "Data exists on a spectrum"
  },
  {
    "_id": "582ecb5d4d7b7e82691e44fd",
    "_parentId": "582eca684d7b7e82691e44fb",
    "_type": "block",
    "_isAvailable": true,
    "_isOptional": false,
    "_trackingId": 9,
    "_classes": "",
    "body": "",
    "displayTitle": "What are stakeholders?",
    "title": "What are stakeholders?"
  },
  {
    "_id": "582f029c4d7b7e82691e4658",
    "_parentId": "582eca684d7b7e82691e44f8",
    "_type": "block",
    "_isAvailable": true,
    "_isOptional": false,
    "_trackingId": 10,
    "_classes": "inverted color-one",
    "body": "",
    "displayTitle": " ",
    "title": " "
  },
  {
    "_id": "584025dc4d7b7e82691e4b3a",
    "_parentId": "584025dc4d7b7e82691e4b37",
    "_type": "block",
    "_isAvailable": true,
    "_isOptional": false,
    "_trackingId": 11,
    "_classes": "color-two",
    "body": "",
    "displayTitle": " ",
    "title": " "
  },
  {
    "_id": "58249ea44d7b7e82691e4249",
    "_parentId": "582498034d7b7e82691e4242",
    "_type": "block",
    "_isAvailable": true,
    "_isOptional": false,
    "_trackingId": 12,
    "_classes": "color-two",
    "body": "",
    "displayTitle": " ",
    "title": " "
  },
  {
    "_id": "582edb2d4d7b7e82691e4647",
    "_parentId": "582ec71e4d7b7e82691e44ee",
    "_type": "block",
    "_isAvailable": true,
    "_isOptional": false,
    "_trackingId": 13,
    "_classes": "",
    "body": "",
    "displayTitle": "Benefits to open ",
    "title": "Benefits to open "
  },
  {
    "_id": "582f05944d7b7e82691e465e",
    "_parentId": "582eca684d7b7e82691e44f8",
    "_type": "block",
    "_isAvailable": true,
    "_isOptional": false,
    "_trackingId": 14,
    "_classes": "",
    "body": "",
    "displayTitle": " ",
    "title": " "
  },
  {
    "_id": "582ecba84d7b7e82691e4500",
    "_parentId": "582eca684d7b7e82691e44fb",
    "_type": "block",
    "_isAvailable": true,
    "_isOptional": false,
    "_trackingId": 15,
    "_classes": "",
    "body": "",
    "displayTitle": "Why collaborate with stakeholders?",
    "title": "Why collaborate with stakeholders?"
  },
  {
    "_id": "584025dc4d7b7e82691e4b3b",
    "_parentId": "584025dc4d7b7e82691e4b37",
    "_type": "block",
    "_isAvailable": true,
    "_isOptional": false,
    "_trackingId": 16,
    "_classes": "inverted color-nine",
    "body": "",
    "displayTitle": " ",
    "title": " "
  },
  {
    "_id": "5824a0604d7b7e82691e428b",
    "_parentId": "582498034d7b7e82691e4242",
    "_type": "block",
    "_isAvailable": true,
    "_isOptional": false,
    "_trackingId": 17,
    "_classes": "inverted color-nine",
    "body": "",
    "displayTitle": " ",
    "title": " "
  },
  {
    "_id": "582ec9464d7b7e82691e44f6",
    "_parentId": "582ec71e4d7b7e82691e44ee",
    "_type": "block",
    "_isAvailable": true,
    "_isOptional": false,
    "_trackingId": 18,
    "_classes": "",
    "body": "",
    "displayTitle": "Barriers to open",
    "title": "Barriers to open"
  },
  {
    "_id": "582f0f284d7b7e82691e466a",
    "_parentId": "582eca684d7b7e82691e44f8",
    "_type": "block",
    "_isAvailable": true,
    "_isOptional": false,
    "_trackingId": 19,
    "_classes": "inverted color-eight",
    "body": "",
    "displayTitle": " ",
    "title": " "
  },
  {
    "_id": "582ecb734d7b7e82691e44fe",
    "_parentId": "582eca684d7b7e82691e44fb",
    "_type": "block",
    "_isAvailable": true,
    "_isOptional": false,
    "_trackingId": 20,
    "_classes": "",
    "body": "",
    "displayTitle": "Identifying types of stakeholders",
    "title": "Identifying types of stakeholders"
  },
  {
    "_id": "584025dc4d7b7e82691e4b3c",
    "_parentId": "584025dc4d7b7e82691e4b37",
    "_type": "block",
    "_isAvailable": true,
    "_isOptional": false,
    "_trackingId": 21,
    "_classes": "color-one",
    "body": "",
    "displayTitle": " ",
    "title": " "
  },
  {
    "_id": "5824a0f94d7b7e82691e428f",
    "_parentId": "582498034d7b7e82691e4242",
    "_type": "block",
    "_isAvailable": true,
    "_isOptional": false,
    "_trackingId": 22,
    "_classes": "color-one",
    "body": "",
    "displayTitle": " ",
    "title": " "
  },
  {
    "_id": "582ecb8d4d7b7e82691e44ff",
    "_parentId": "582eca684d7b7e82691e44fb",
    "_type": "block",
    "_isAvailable": true,
    "_isOptional": false,
    "_trackingId": 23,
    "_classes": "",
    "body": "",
    "displayTitle": "Mapping stakeholders",
    "title": "Mapping stakeholders"
  },
  {
    "_id": "582edb474d7b7e82691e4648",
    "_parentId": "582ec71e4d7b7e82691e44ee",
    "_type": "block",
    "_isAvailable": true,
    "_isOptional": false,
    "_trackingId": 24,
    "_classes": "",
    "body": "",
    "displayTitle": "Moving along the spectrum",
    "title": "Moving along the spectrum"
  },
  {
    "_id": "582f06234d7b7e82691e465f",
    "_parentId": "582eca684d7b7e82691e44f8",
    "_type": "block",
    "_isAvailable": true,
    "_isOptional": false,
    "_trackingId": 25,
    "_classes": "",
    "body": "",
    "displayTitle": " ",
    "title": " "
  },
  {
    "_id": "5825a0ec4d7b7e82691e4299",
    "_parentId": "582498034d7b7e82691e4242",
    "_type": "block",
    "_isAvailable": true,
    "_isOptional": false,
    "_trackingId": 26,
    "_classes": "inverted color-two",
    "body": "",
    "displayTitle": " ",
    "title": " "
  },
  {
    "_id": "582f17904d7b7e82691e467f",
    "_parentId": "582eca684d7b7e82691e44f8",
    "_type": "block",
    "_isAvailable": true,
    "_isOptional": false,
    "_trackingId": 27,
    "_classes": "inverted color-two",
    "body": "",
    "displayTitle": " ",
    "title": " "
  },
  {
    "_id": "584025dc4d7b7e82691e4b3d",
    "_parentId": "584025dc4d7b7e82691e4b37",
    "_type": "block",
    "_isAvailable": true,
    "_isOptional": false,
    "_trackingId": 28,
    "_classes": "inverted color-two",
    "body": "",
    "displayTitle": " ",
    "title": " "
  },
  {
    "_id": "582f173d4d7b7e82691e467b",
    "_parentId": "582498034d7b7e82691e4242",
    "_type": "block",
    "_isAvailable": true,
    "_isOptional": false,
    "_trackingId": 29,
    "_classes": "",
    "body": "",
    "displayTitle": " ",
    "title": " "
  },
  {
    "_id": "582f26f94d7b7e82691e4682",
    "_parentId": "582eca684d7b7e82691e44f8",
    "_type": "block",
    "_isAvailable": true,
    "_isOptional": false,
    "_trackingId": 30,
    "_classes": "",
    "body": "",
    "displayTitle": " ",
    "title": " "
  },
  {
    "_id": "584025dc4d7b7e82691e4b3e",
    "_parentId": "584025dc4d7b7e82691e4b37",
    "_type": "block",
    "_isAvailable": true,
    "_isOptional": false,
    "_trackingId": 31,
    "_classes": "",
    "body": "",
    "displayTitle": " ",
    "title": " "
  },
  {
    "_id": "58356cca4d7b7e82691e46b6",
    "_parentId": "582eca684d7b7e82691e44f8",
    "_type": "block",
    "_isAvailable": true,
    "_isOptional": false,
    "_trackingId": 32,
    "_classes": "",
    "body": "",
    "displayTitle": " ",
    "title": " "
  },
  {
    "_id": "58356d9c4d7b7e82691e46b9",
    "_parentId": "582eca684d7b7e82691e44f8",
    "_type": "block",
    "_isAvailable": true,
    "_isOptional": false,
    "_trackingId": 33,
    "_classes": "",
    "body": "",
    "displayTitle": " ",
    "title": " "
  },
  {
    "_id": "58356e3e4d7b7e82691e46bc",
    "_parentId": "582eca684d7b7e82691e44f8",
    "_type": "block",
    "_isAvailable": true,
    "_isOptional": false,
    "_trackingId": 34,
    "_classes": "",
    "body": "",
    "displayTitle": " ",
    "title": " "
  }
]