{
  "_globals": {
    "_extensions": {
      "_pageLevelProgress": {
        "optionalContent": "Optional Content",
        "pageLevelProgressEnd": "You have reached the end of the list of page sections.",
        "pageLevelProgressMenuBar": "You have completed ",
        "pageLevelProgressIndicatorBar": "Progress bar. Select here to view your current progress, and select an item to navigate to it. You have completed ",
        "pageLevelProgress": "Page sections"
      }
    },
    "_components": {
      "_gmcq": {
        "ariaRegion": "This component is a graphical multiple choice question. Once you have selected an option select the submit button below."
      },
      "_slider": {
        "ariaRegion": "This component requires you to answer the question by selecting the relevant value. After selecting a value select the submit button below."
      },
      "_mcq": {
        "ariaRegion": "This component is a multiple choice question. Once you have selected an option select the submit button below"
      },
      "_textinput": {
        "ariaRegion": "This question component requires you to input your answer in the textbox provided. When you have answered the question select the submit button below."
      },
      "_matching": {
        "ariaRegion": "This question component requires you to select the matching answer from a drop down list below. When you have selected your answers select the submit button."
      },
      "_graphic": {
        "ariaRegion": ""
      },
      "_accordion": {
        "ariaRegion": "This component is an accordion comprised of collapsible content panels containing display text. Select the item titles to toggle the visibility of these content panels."
      },
      "_hotgraphic": {
        "ariaPoupupLabel": "Hotgraphic popup",
        "ariaRegion": "Below is a component which allows you to select hot spots over an image. Select a hot spot to trigger a popup that includes an image with display text. Select the close button to close the popup."
      },
      "_media": {
        "transcriptButton": "Alternatively you can select the link below for the transcript.",
        "ariaRegion": "This is a media component which plays a video. Select the play / pause button to watch or listen."
      },
      "_narrative": {
        "ariaRegion": "This component displays an image gallery with accompanying text. Use the next and back navigation controls to work through the narrative."
      },
      "_text": {
        "ariaRegion": ""
      }
    },
    "_accessibility": {
      "_ariaLabels": {
        "menuIndicatorHeading": "Menu item heading ",
        "menuBack": "Back to menu",
        "visited": "Visited",
        "feedbackPopUp": "Popup opened",
        "accessibilityToggleButton": "By selecting this button you can set whether accessibility is turned on or off",
        "locked": "Locked",
        "correct": "Correct",
        "incomplete": "Incomplete",
        "complete": "Complete",
        "done": "Done",
        "next": "Next",
        "closePopup": "Close popup",
        "drawer": "Side drawer",
        "drawerBack": "Back to drawer",
        "closeResources": "Close resources",
        "navigationDrawer": "Open course resources and search",
        "navigationBack": "Navigate back",
        "previous": "Back",
        "pageLoaded": "Page loaded",
        "page": "Page",
        "menuViewButton": "Select here to enter",
        "menuItem": "Menu item",
        "menu": "Menu",
        "menuLoaded": "Menu loaded",
        "navigation": "Course navigation bar"
      },
      "_accessibilityInstructions": {
        "ipad": "Usage instructions for touchscreens. Use swipe left for next. Use swipe right for previous. Use a double tab to select. Use a two finger slide up to go to the top of the page. Usage instructions for keyboard access. Use left for next. Use right for previous. Use up and down together to select.",
        "notouch": "Usage instructions. Use tab for next. Use shift tab for previous. Use enter to select. Use escape to go to the top of the page.",
        "touch": "Usage instructions. Use swipe left for next. Use swipe right for previous. Use a double tab to select. Use a two finger slide up to go to the top of the page."
      },
      "_accessibilityToggleTextOff": "Turn accessibility off?",
      "_accessibilityToggleTextOn": "Turn accessibility on?"
    }
  },
  "_id": "course",
  "_start": {
    "_isMenuDisabled": false,
    "_force": false,
    "_startIds": [],
    "_isEnabled": false
  },
  "_type": "course",
  "_lockType": "",
  "_classes": "",
  "_buttons": {
    "disabledAriaLabel": "This button is disabled at the moment",
    "remainingAttemptText": "final attempt",
    "remainingAttemptsText": "remaining attempts",
    "_showFeedback": {
      "ariaLabel": "Show feedback",
      "buttonText": "Show feedback"
    },
    "_hideCorrectAnswer": {
      "ariaLabel": "Hide correct answer",
      "buttonText": "Hide correct answer"
    },
    "_showCorrectAnswer": {
      "ariaLabel": "Show correct answer",
      "buttonText": "Show correct answer"
    },
    "_reset": {
      "ariaLabel": "Reset",
      "buttonText": "Reset"
    },
    "_submit": {
      "ariaLabel": "Submit",
      "buttonText": "Submit"
    }
  },
  "_latestTrackingId": 34,
  "body": "",
  "displayTitle": "ODEdu VET modules",
  "title": "ODEdu VET modules"
}