[
  {
    "_id": "57a8896ae396ef981f39e821",
    "_parentId": "57a8896ae396ef981f39e820",
    "_type": "block",
    "_isAvailable": true,
    "_isOptional": false,
    "_trackingId": 1,
    "_classes": "",
    "body": "<p>Think if you want a block title.</p>\n",
    "displayTitle": "",
    "title": " "
  },
  {
    "_id": "57a88d83e396ef981f39e84c",
    "_parentId": "57a8896ae396ef981f39e820",
    "_type": "block",
    "_isAvailable": true,
    "_isOptional": false,
    "_trackingId": 2,
    "_classes": "inverted color-ten",
    "body": "<p>To change colour of the block:&nbsp;Settings &gt;&gt; Classes</p>\n\n<p>Type:&nbsp;inverted color-number</p>\n\n<p>This&nbsp;block uses inverted colour-ten</p>\n",
    "displayTitle": "With a video, add a block title",
    "title": "With a video, add a block title"
  },
  {
    "_id": "57a89056e396ef981f39e856",
    "_parentId": "57a8896ae396ef981f39e820",
    "_type": "block",
    "_isAvailable": true,
    "_isOptional": false,
    "_trackingId": 3,
    "_classes": "",
    "body": "<p>After a media block, reset to left alignment</p>\n",
    "displayTitle": " ",
    "title": " "
  },
  {
    "_id": "57a89276e396ef981f39e876",
    "_parentId": "57a8896ae396ef981f39e820",
    "_type": "block",
    "_isAvailable": true,
    "_isOptional": false,
    "_trackingId": 4,
    "_classes": "inverted color-five",
    "body": "",
    "displayTitle": " ",
    "title": " "
  },
  {
    "_id": "57a89a84e396ef981f39e8ae",
    "_parentId": "57a8896ae396ef981f39e820",
    "_type": "block",
    "_isAvailable": true,
    "_isOptional": false,
    "_trackingId": 5,
    "_classes": "section-banner",
    "body": "",
    "displayTitle": " ",
    "title": " "
  },
  {
    "_id": "57a89bcde396ef981f39e8c8",
    "_parentId": "57a8896ae396ef981f39e820",
    "_type": "block",
    "_isAvailable": true,
    "_isOptional": false,
    "_trackingId": 6,
    "_classes": "inverted color-one",
    "body": "",
    "displayTitle": " ",
    "title": " "
  },
  {
    "_id": "57a89d94e396ef981f39e8e0",
    "_parentId": "57a8896ae396ef981f39e820",
    "_type": "block",
    "_isAvailable": true,
    "_isOptional": false,
    "_trackingId": 7,
    "_classes": "inverted footer",
    "body": "",
    "displayTitle": " ",
    "title": " "
  },
  {
    "_id": "57b5ae47e396ef981f39ebdc",
    "_parentId": "57a8896ae396ef981f39e820",
    "_type": "block",
    "_isAvailable": true,
    "_isOptional": false,
    "_trackingId": 8,
    "_classes": "inverted color-six",
    "body": "",
    "displayTitle": " ",
    "title": " "
  },
  {
    "_id": "57b5af83c71a1cc67f4ee739",
    "_type": "block",
    "_parentId": "57a8896ae396ef981f39e820",
    "_isAvailable": true,
    "_isOptional": false,
    "_trackingId": 9,
    "_classes": "",
    "body": "",
    "displayTitle": "Block title",
    "title": "Block title"
  }
]