[
  {
    "_id": "58fa0eb3d084d5167a04dbfb",
    "_parentId": "58fa0eb3d084d5167a04dbfa",
    "_type": "block",
    "_isAvailable": true,
    "_isOptional": false,
    "_trackingId": 1,
    "_classes": "color-one",
    "body": "",
    "displayTitle": "",
    "title": " "
  },
  {
    "_id": "58fb5499d084d5167a04dc7a",
    "_parentId": "58fb5499d084d5167a04dc79",
    "_type": "block",
    "_isAvailable": true,
    "_isOptional": false,
    "_trackingId": 2,
    "_classes": "color-nine",
    "body": "",
    "displayTitle": "",
    "title": " "
  },
  {
    "_id": "58fa0ecdd084d5167a04dbff",
    "_parentId": "58fa0ecdd084d5167a04dbfe",
    "_type": "block",
    "_isAvailable": true,
    "_isOptional": false,
    "_trackingId": 3,
    "_classes": "inverted color-two",
    "body": "",
    "displayTitle": "Annotating Q?",
    "title": "Annotating Q?"
  },
  {
    "_id": "58fa0ed6d084d5167a04dc01",
    "_parentId": "58fa0ed6d084d5167a04dc00",
    "_type": "block",
    "_isAvailable": true,
    "_isOptional": false,
    "_trackingId": 4,
    "_classes": "inverted footer",
    "body": "",
    "displayTitle": " ",
    "title": " "
  },
  {
    "_id": "58f8b19ed084d5167a04d8d9",
    "_parentId": "58f8b19ed084d5167a04d899",
    "_type": "block",
    "_isAvailable": true,
    "_isOptional": false,
    "_trackingId": 5,
    "_classes": "inverted color-one",
    "body": "",
    "displayTitle": " ",
    "title": " "
  },
  {
    "_id": "58fa0f68d084d5167a04dc0c",
    "_parentId": "58fa0ecdd084d5167a04dbfe",
    "_type": "block",
    "_isAvailable": true,
    "_isOptional": false,
    "_trackingId": 6,
    "_classes": "color-two",
    "body": "",
    "displayTitle": "Why annotate Q?",
    "title": "Why annotate Q?"
  },
  {
    "_id": "58fb5499d084d5167a04dc83",
    "_parentId": "58fb5499d084d5167a04dc79",
    "_type": "block",
    "_isAvailable": true,
    "_isOptional": false,
    "_trackingId": 7,
    "_classes": "inverted color-nine",
    "body": "",
    "displayTitle": " ",
    "title": " "
  },
  {
    "_id": "58fa0f34d084d5167a04dc08",
    "_parentId": "58fa0eb3d084d5167a04dbfa",
    "_type": "block",
    "_isAvailable": true,
    "_isOptional": false,
    "_trackingId": 8,
    "_classes": "inverted color-one",
    "body": "",
    "displayTitle": " ",
    "title": " "
  },
  {
    "_id": "58fb54d7d084d5167a04dcb3",
    "_parentId": "58fb54cdd084d5167a04dcaf",
    "_type": "block",
    "_isAvailable": true,
    "_isOptional": false,
    "_trackingId": 9,
    "_classes": "inverted footer",
    "body": "",
    "displayTitle": " ",
    "title": " "
  },
  {
    "_id": "58f8b19ed084d5167a04d8da",
    "_parentId": "58f8b19ed084d5167a04d899",
    "_type": "block",
    "_isAvailable": true,
    "_isOptional": false,
    "_trackingId": 10,
    "_classes": "color-one",
    "body": "",
    "displayTitle": " ",
    "title": " "
  },
  {
    "_id": "58fa0f3bd084d5167a04dc09",
    "_parentId": "58fa0eb3d084d5167a04dbfa",
    "_type": "block",
    "_isAvailable": true,
    "_isOptional": false,
    "_trackingId": 11,
    "_classes": "color-one",
    "body": "",
    "displayTitle": " ",
    "title": " "
  },
  {
    "_id": "58fa0f78d084d5167a04dc0d",
    "_parentId": "58fa0ecdd084d5167a04dbfe",
    "_type": "block",
    "_isAvailable": true,
    "_isOptional": false,
    "_trackingId": 12,
    "_classes": "inverted color-two",
    "body": "",
    "displayTitle": "Describing Q?",
    "title": "Describing Q?"
  },
  {
    "_id": "58fb5499d084d5167a04dc80",
    "_parentId": "58fb5499d084d5167a04dc79",
    "_type": "block",
    "_isAvailable": true,
    "_isOptional": false,
    "_trackingId": 13,
    "_classes": "color-nine",
    "body": "",
    "displayTitle": " ",
    "title": " "
  },
  {
    "_id": "58f8b19ed084d5167a04d8db",
    "_parentId": "58f8b19ed084d5167a04d899",
    "_type": "block",
    "_isAvailable": true,
    "_isOptional": false,
    "_trackingId": 14,
    "_classes": "inverted color-one",
    "body": "",
    "displayTitle": " ",
    "title": " "
  },
  {
    "_id": "58fa0f41d084d5167a04dc0a",
    "_parentId": "58fa0eb3d084d5167a04dbfa",
    "_type": "block",
    "_isAvailable": true,
    "_isOptional": false,
    "_trackingId": 15,
    "_classes": "inverted color-one",
    "body": "",
    "displayTitle": " ",
    "title": " "
  },
  {
    "_id": "58fa0f82d084d5167a04dc0e",
    "_parentId": "58fa0ecdd084d5167a04dbfe",
    "_type": "block",
    "_isAvailable": true,
    "_isOptional": false,
    "_trackingId": 16,
    "_classes": "color-two",
    "body": "",
    "displayTitle": "Why Describe Q?",
    "title": "Why Describe Q?"
  },
  {
    "_id": "58fb5499d084d5167a04dc81",
    "_parentId": "58fb5499d084d5167a04dc79",
    "_type": "block",
    "_isAvailable": true,
    "_isOptional": false,
    "_trackingId": 17,
    "_classes": "inverted color-nine",
    "body": "",
    "displayTitle": " ",
    "title": " "
  },
  {
    "_id": "58fa0f4cd084d5167a04dc0b",
    "_parentId": "58fa0eb3d084d5167a04dbfa",
    "_type": "block",
    "_isAvailable": true,
    "_isOptional": false,
    "_trackingId": 18,
    "_classes": "color-one",
    "body": "",
    "displayTitle": " ",
    "title": " "
  },
  {
    "_id": "58fb5499d084d5167a04dc82",
    "_parentId": "58fb5499d084d5167a04dc79",
    "_type": "block",
    "_isAvailable": true,
    "_isOptional": false,
    "_trackingId": 19,
    "_classes": "color-nine",
    "body": "",
    "displayTitle": " ",
    "title": " "
  },
  {
    "_id": "58f8b19ed084d5167a04d8d4",
    "_parentId": "58f8b19ed084d5167a04d899",
    "_type": "block",
    "_isAvailable": true,
    "_isOptional": false,
    "_trackingId": 20,
    "_classes": "",
    "body": "",
    "displayTitle": " ",
    "title": " "
  },
  {
    "_id": "58fa2112d084d5167a04dc1d",
    "_parentId": "58fa0eb3d084d5167a04dbfa",
    "_type": "block",
    "_isAvailable": true,
    "_isOptional": false,
    "_trackingId": 21,
    "_classes": "inverted color-one",
    "body": "",
    "displayTitle": " ",
    "title": " "
  },
  {
    "_id": "58fa3645d084d5167a04dc5e",
    "_parentId": "58fa0eb3d084d5167a04dbfa",
    "_type": "block",
    "_isAvailable": true,
    "_isOptional": false,
    "_trackingId": 22,
    "_classes": "section-banner",
    "body": "",
    "displayTitle": " ",
    "title": " "
  }
]