[
  {
    "_id": "57e0e9354d7b7e82691e3cf8",
    "_parentId": "57e0e9354d7b7e82691e3cf7",
    "_type": "article",
    "_isAvailable": true,
    "_isOptional": false,
    "_classes": "",
    "body": "",
    "displayTitle": "",
    "title": "Article title"
  },
  {
    "_id": "580f72884d7b7e82691e3f2e",
    "_parentId": "580f72884d7b7e82691e3f2d",
    "_type": "article",
    "_isAvailable": true,
    "_isOptional": false,
    "_classes": "",
    "body": "",
    "displayTitle": "",
    "title": "Article title"
  },
  {
    "_id": "580f74814d7b7e82691e4046",
    "_parentId": "580f74814d7b7e82691e4045",
    "_type": "article",
    "_isAvailable": true,
    "_isOptional": false,
    "_classes": "",
    "body": "",
    "displayTitle": "",
    "title": "Article title"
  }
]