[
  {
    "_id": "59301d2dd084d5167a04f0a7",
    "_parentId": "59301d2dd084d5167a04f0a1",
    "_type": "block",
    "_isAvailable": true,
    "_isOptional": false,
    "_trackingId": 1,
    "_classes": "",
    "body": "",
    "displayTitle": "",
    "title": " "
  },
  {
    "_id": "59301d2dd084d5167a04f0be",
    "_parentId": "59301d2dd084d5167a04f0a3",
    "_type": "block",
    "_isAvailable": true,
    "_isOptional": false,
    "_trackingId": 2,
    "_classes": "",
    "body": "",
    "displayTitle": "",
    "title": " "
  },
  {
    "_id": "59301d2dd084d5167a04f0ca",
    "_parentId": "59301d2dd084d5167a04f0a2",
    "_type": "block",
    "_isAvailable": true,
    "_isOptional": false,
    "_trackingId": 3,
    "_classes": "",
    "body": "",
    "displayTitle": "",
    "title": " "
  },
  {
    "_id": "59301d2dd084d5167a04f0d0",
    "_parentId": "59301d2dd084d5167a04f0a4",
    "_type": "block",
    "_isAvailable": true,
    "_isOptional": false,
    "_trackingId": 4,
    "_classes": "",
    "body": "",
    "displayTitle": "",
    "title": " "
  },
  {
    "_id": "59301f34d084d5167a04f2a5",
    "_parentId": "59301da0d084d5167a04f29f",
    "_type": "block",
    "_isAvailable": true,
    "_isOptional": false,
    "_trackingId": 5,
    "_classes": "color-one",
    "body": "",
    "displayTitle": " ",
    "title": " "
  },
  {
    "_id": "5930201cd084d5167a04f2af",
    "_parentId": "5930201cd084d5167a04f2ae",
    "_type": "block",
    "_isAvailable": true,
    "_isOptional": false,
    "_trackingId": 6,
    "_classes": "color-two",
    "body": "",
    "displayTitle": "",
    "title": " "
  },
  {
    "_id": "59359a10d084d5167a04f7aa",
    "_parentId": "59356e9fd084d5167a04f7a4",
    "_type": "block",
    "_isAvailable": true,
    "_isOptional": false,
    "_trackingId": 7,
    "_classes": "inverted color-two",
    "body": "",
    "displayTitle": " ",
    "title": " "
  },
  {
    "_id": "59359c43d084d5167a04f7b4",
    "_parentId": "59359c43d084d5167a04f7b3",
    "_type": "block",
    "_isAvailable": true,
    "_isOptional": false,
    "_trackingId": 8,
    "_classes": "inverted color-one",
    "body": "",
    "displayTitle": " ",
    "title": " "
  },
  {
    "_id": "5935a4a3d084d5167a04f7d6",
    "_parentId": "5935a4a3d084d5167a04f7d5",
    "_type": "block",
    "_isAvailable": true,
    "_isOptional": false,
    "_trackingId": 9,
    "_classes": "inverted footer summary",
    "body": "",
    "displayTitle": " ",
    "title": " "
  },
  {
    "_id": "5935aadcd084d5167a04f7e7",
    "_parentId": "5935aadcd084d5167a04f7e6",
    "_type": "block",
    "_isAvailable": true,
    "_isOptional": false,
    "_trackingId": 10,
    "_classes": "summary inverted footer",
    "body": "",
    "displayTitle": " ",
    "title": " "
  },
  {
    "_id": "59301d2dd084d5167a04f0b2",
    "_parentId": "59301d2dd084d5167a04f0a2",
    "_type": "block",
    "_isAvailable": true,
    "_isOptional": false,
    "_trackingId": 11,
    "_classes": "section-banner inverted color-four",
    "body": "",
    "displayTitle": " ",
    "title": " "
  },
  {
    "_id": "59301d2dd084d5167a04f0cc",
    "_parentId": "59301d2dd084d5167a04f0a4",
    "_type": "block",
    "_isAvailable": true,
    "_isOptional": false,
    "_trackingId": 12,
    "_classes": "color-one inverted",
    "body": "",
    "displayTitle": " ",
    "title": " "
  },
  {
    "_id": "59301d2dd084d5167a04f0cd",
    "_parentId": "59301d2dd084d5167a04f0a1",
    "_type": "block",
    "_isAvailable": true,
    "_isOptional": false,
    "_trackingId": 13,
    "_classes": "inverted color-three",
    "body": "",
    "displayTitle": " ",
    "title": " "
  },
  {
    "_id": "59301d2dd084d5167a04f0cf",
    "_parentId": "59301d2dd084d5167a04f0a3",
    "_type": "block",
    "_isAvailable": true,
    "_isOptional": false,
    "_trackingId": 14,
    "_classes": "inverted color-four",
    "body": "",
    "displayTitle": " ",
    "title": " "
  },
  {
    "_id": "59301da0d084d5167a04f2a0",
    "_parentId": "59301da0d084d5167a04f29f",
    "_type": "block",
    "_isAvailable": true,
    "_isOptional": false,
    "_trackingId": 15,
    "_classes": "inverted color-one",
    "body": "",
    "displayTitle": "",
    "title": " "
  },
  {
    "_id": "59302477d084d5167a04f2b6",
    "_parentId": "5930201cd084d5167a04f2ae",
    "_type": "block",
    "_isAvailable": true,
    "_isOptional": false,
    "_trackingId": 16,
    "_classes": "inverted color-two",
    "body": "",
    "displayTitle": " ",
    "title": " "
  },
  {
    "_id": "59356ea2d084d5167a04f7a7",
    "_parentId": "59356e9fd084d5167a04f7a4",
    "_type": "block",
    "_isAvailable": true,
    "_isOptional": false,
    "_trackingId": 17,
    "_classes": "color-two",
    "body": "",
    "displayTitle": " ",
    "title": " "
  },
  {
    "_id": "59359c7ad084d5167a04f7b7",
    "_parentId": "59359c43d084d5167a04f7b3",
    "_type": "block",
    "_isAvailable": true,
    "_isOptional": false,
    "_trackingId": 18,
    "_classes": "color-one",
    "body": "",
    "displayTitle": " ",
    "title": " "
  },
  {
    "_id": "59301d2dd084d5167a04f0b4",
    "_parentId": "59301d2dd084d5167a04f0a4",
    "_type": "block",
    "_isAvailable": true,
    "_isOptional": false,
    "_trackingId": 19,
    "_classes": "",
    "body": "",
    "displayTitle": " ",
    "title": " "
  },
  {
    "_id": "59301d2dd084d5167a04f0b9",
    "_parentId": "59301d2dd084d5167a04f0a1",
    "_type": "block",
    "_isAvailable": true,
    "_isOptional": false,
    "_trackingId": 20,
    "_classes": "color-three",
    "body": "",
    "displayTitle": " ",
    "title": " "
  },
  {
    "_id": "59301d2dd084d5167a04f0bc",
    "_parentId": "59301d2dd084d5167a04f0a2",
    "_type": "block",
    "_isAvailable": true,
    "_isOptional": false,
    "_trackingId": 21,
    "_classes": "",
    "body": "",
    "displayTitle": " ",
    "title": " "
  },
  {
    "_id": "59301d2dd084d5167a04f0c5",
    "_parentId": "59301d2dd084d5167a04f0a3",
    "_type": "block",
    "_isAvailable": true,
    "_isOptional": false,
    "_trackingId": 22,
    "_classes": "color-four",
    "body": "",
    "displayTitle": " ",
    "title": " "
  },
  {
    "_id": "59302a9fd084d5167a04f2be",
    "_parentId": "5930201cd084d5167a04f2ae",
    "_type": "block",
    "_isAvailable": true,
    "_isOptional": false,
    "_trackingId": 23,
    "_classes": "color-two",
    "body": "",
    "displayTitle": " ",
    "title": " "
  },
  {
    "_id": "593458a9d084d5167a04f737",
    "_parentId": "59301da0d084d5167a04f29f",
    "_type": "block",
    "_isAvailable": true,
    "_isOptional": false,
    "_trackingId": 24,
    "_classes": "color-one",
    "body": "",
    "displayTitle": " ",
    "title": " "
  },
  {
    "_id": "59359a38d084d5167a04f7ae",
    "_parentId": "59356e9fd084d5167a04f7a4",
    "_type": "block",
    "_isAvailable": true,
    "_isOptional": false,
    "_trackingId": 25,
    "_classes": "inverted color-two",
    "body": "",
    "displayTitle": " ",
    "title": " "
  },
  {
    "_id": "59359f22d084d5167a04f7be",
    "_parentId": "59359c43d084d5167a04f7b3",
    "_type": "block",
    "_isAvailable": true,
    "_isOptional": false,
    "_trackingId": 26,
    "_classes": "inverted color-one",
    "body": "",
    "displayTitle": " ",
    "title": " "
  },
  {
    "_id": "59301d2dd084d5167a04f0a8",
    "_parentId": "59301d2dd084d5167a04f0a4",
    "_type": "block",
    "_isAvailable": true,
    "_isOptional": false,
    "_trackingId": 27,
    "_classes": "color-one inverted",
    "body": "",
    "displayTitle": " ",
    "title": " "
  },
  {
    "_id": "59301d2dd084d5167a04f0aa",
    "_parentId": "59301d2dd084d5167a04f0a1",
    "_type": "block",
    "_isAvailable": true,
    "_isOptional": false,
    "_trackingId": 28,
    "_classes": "inverted color-three",
    "body": "",
    "displayTitle": " ",
    "title": " "
  },
  {
    "_id": "59301d2dd084d5167a04f0ac",
    "_parentId": "59301d2dd084d5167a04f0a3",
    "_type": "block",
    "_isAvailable": true,
    "_isOptional": false,
    "_trackingId": 29,
    "_classes": "inverted color-four",
    "body": "",
    "displayTitle": " ",
    "title": " "
  },
  {
    "_id": "59301d2dd084d5167a04f0cb",
    "_parentId": "59301d2dd084d5167a04f0a2",
    "_type": "block",
    "_isAvailable": true,
    "_isOptional": false,
    "_trackingId": 30,
    "_classes": "inverted section-banner color-four",
    "body": "",
    "displayTitle": " ",
    "title": " "
  },
  {
    "_id": "59302a3bd084d5167a04f2bb",
    "_parentId": "5930201cd084d5167a04f2ae",
    "_type": "block",
    "_isAvailable": true,
    "_isOptional": false,
    "_trackingId": 31,
    "_classes": "inverted color-two",
    "body": "",
    "displayTitle": " ",
    "title": " "
  },
  {
    "_id": "593460a4d084d5167a04f741",
    "_parentId": "59301da0d084d5167a04f29f",
    "_type": "block",
    "_isAvailable": true,
    "_isOptional": false,
    "_trackingId": 32,
    "_classes": "inverted color-one",
    "body": "",
    "displayTitle": " ",
    "title": " "
  },
  {
    "_id": "59359ff2d084d5167a04f7c4",
    "_parentId": "59359c43d084d5167a04f7b3",
    "_type": "block",
    "_isAvailable": true,
    "_isOptional": false,
    "_trackingId": 33,
    "_classes": "color-one",
    "body": "",
    "displayTitle": " ",
    "title": " "
  },
  {
    "_id": "5935a93fd084d5167a04f7dd",
    "_parentId": "59356e9fd084d5167a04f7a4",
    "_type": "block",
    "_isAvailable": true,
    "_isOptional": false,
    "_trackingId": 34,
    "_classes": "color-two",
    "body": "",
    "displayTitle": " ",
    "title": " "
  },
  {
    "_id": "59301d2dd084d5167a04f0ae",
    "_parentId": "59301d2dd084d5167a04f0a2",
    "_type": "block",
    "_isAvailable": true,
    "_isOptional": false,
    "_trackingId": 35,
    "_classes": "section-banner ",
    "body": "",
    "displayTitle": " ",
    "title": " "
  },
  {
    "_id": "59301d2dd084d5167a04f0b5",
    "_parentId": "59301d2dd084d5167a04f0a4",
    "_type": "block",
    "_isAvailable": true,
    "_isOptional": false,
    "_trackingId": 36,
    "_classes": "color-one",
    "body": "",
    "displayTitle": " ",
    "title": " "
  },
  {
    "_id": "59301d2dd084d5167a04f0ba",
    "_parentId": "59301d2dd084d5167a04f0a1",
    "_type": "block",
    "_isAvailable": true,
    "_isOptional": false,
    "_trackingId": 37,
    "_classes": "color-three",
    "body": "",
    "displayTitle": " ",
    "title": " "
  },
  {
    "_id": "59301d2dd084d5167a04f0c6",
    "_parentId": "59301d2dd084d5167a04f0a3",
    "_type": "block",
    "_isAvailable": true,
    "_isOptional": false,
    "_trackingId": 38,
    "_classes": "",
    "body": "",
    "displayTitle": " ",
    "title": " "
  },
  {
    "_id": "5930352ad084d5167a04f2c3",
    "_parentId": "5930201cd084d5167a04f2ae",
    "_type": "block",
    "_isAvailable": true,
    "_isOptional": false,
    "_trackingId": 39,
    "_classes": "color-two",
    "body": "",
    "displayTitle": " ",
    "title": " "
  },
  {
    "_id": "59346360d084d5167a04f748",
    "_parentId": "59301da0d084d5167a04f29f",
    "_type": "block",
    "_isAvailable": true,
    "_isOptional": false,
    "_trackingId": 40,
    "_classes": "",
    "body": "",
    "displayTitle": " ",
    "title": " "
  },
  {
    "_id": "59301d2dd084d5167a04f0b0",
    "_parentId": "59301d2dd084d5167a04f0a4",
    "_type": "block",
    "_isAvailable": true,
    "_isOptional": false,
    "_trackingId": 41,
    "_classes": "color-two inverted section-banner",
    "body": "",
    "displayTitle": " ",
    "title": " "
  },
  {
    "_id": "59301d2dd084d5167a04f0b1",
    "_parentId": "59301d2dd084d5167a04f0a1",
    "_type": "block",
    "_isAvailable": true,
    "_isOptional": false,
    "_trackingId": 42,
    "_classes": "section-banner inverted color-four",
    "body": "",
    "displayTitle": " ",
    "title": " "
  },
  {
    "_id": "59301d2dd084d5167a04f0bf",
    "_parentId": "59301d2dd084d5167a04f0a3",
    "_type": "block",
    "_isAvailable": true,
    "_isOptional": false,
    "_trackingId": 43,
    "_classes": "inverted color-one section-banner",
    "body": "",
    "displayTitle": " ",
    "title": " "
  },
  {
    "_id": "59301d2dd084d5167a04f0ce",
    "_parentId": "59301d2dd084d5167a04f0a2",
    "_type": "block",
    "_isAvailable": true,
    "_isOptional": false,
    "_trackingId": 44,
    "_classes": "inverted color-two",
    "body": "",
    "displayTitle": " ",
    "title": " "
  },
  {
    "_id": "59347f04d084d5167a04f766",
    "_parentId": "5930201cd084d5167a04f2ae",
    "_type": "block",
    "_isAvailable": true,
    "_isOptional": false,
    "_trackingId": 45,
    "_classes": "inverted color-two",
    "body": "",
    "displayTitle": " ",
    "title": " "
  },
  {
    "_id": "59301d2dd084d5167a04f0b6",
    "_parentId": "59301d2dd084d5167a04f0a4",
    "_type": "block",
    "_isAvailable": true,
    "_isOptional": false,
    "_trackingId": 46,
    "_classes": "color-two",
    "body": "",
    "displayTitle": " ",
    "title": " "
  },
  {
    "_id": "59301d2dd084d5167a04f0bb",
    "_parentId": "59301d2dd084d5167a04f0a1",
    "_type": "block",
    "_isAvailable": true,
    "_isOptional": false,
    "_trackingId": 47,
    "_classes": "color-four",
    "body": "",
    "displayTitle": " ",
    "title": " "
  },
  {
    "_id": "59301d2dd084d5167a04f0c0",
    "_parentId": "59301d2dd084d5167a04f0a2",
    "_type": "block",
    "_isAvailable": true,
    "_isOptional": false,
    "_trackingId": 48,
    "_classes": "color-two",
    "body": "",
    "displayTitle": " ",
    "title": " "
  },
  {
    "_id": "59301d2dd084d5167a04f0c7",
    "_parentId": "59301d2dd084d5167a04f0a3",
    "_type": "block",
    "_isAvailable": true,
    "_isOptional": false,
    "_trackingId": 49,
    "_classes": "color-one",
    "body": "",
    "displayTitle": " ",
    "title": " "
  },
  {
    "_id": "593481fdd084d5167a04f783",
    "_parentId": "5930201cd084d5167a04f2ae",
    "_type": "block",
    "_isAvailable": true,
    "_isOptional": false,
    "_trackingId": 50,
    "_classes": "color-two",
    "body": "",
    "displayTitle": " ",
    "title": " "
  },
  {
    "_id": "59301d2dd084d5167a04f0a9",
    "_parentId": "59301d2dd084d5167a04f0a4",
    "_type": "block",
    "_isAvailable": true,
    "_isOptional": false,
    "_trackingId": 51,
    "_classes": "color-two inverted",
    "body": "",
    "displayTitle": " ",
    "title": " "
  },
  {
    "_id": "59301d2dd084d5167a04f0ab",
    "_parentId": "59301d2dd084d5167a04f0a2",
    "_type": "block",
    "_isAvailable": true,
    "_isOptional": false,
    "_trackingId": 52,
    "_classes": "inverted color-two",
    "body": "",
    "displayTitle": " ",
    "title": " "
  },
  {
    "_id": "59301d2dd084d5167a04f0d1",
    "_parentId": "59301d2dd084d5167a04f0a1",
    "_type": "block",
    "_isAvailable": true,
    "_isOptional": false,
    "_trackingId": 53,
    "_classes": "inverted color-four",
    "body": "",
    "displayTitle": " ",
    "title": " "
  },
  {
    "_id": "59301d2dd084d5167a04f0d3",
    "_parentId": "59301d2dd084d5167a04f0a3",
    "_type": "block",
    "_isAvailable": true,
    "_isOptional": false,
    "_trackingId": 54,
    "_classes": "inverted color-one",
    "body": "",
    "displayTitle": " ",
    "title": " "
  },
  {
    "_id": "59301d2dd084d5167a04f0a5",
    "_parentId": "59301d2dd084d5167a04f0a1",
    "_type": "block",
    "_isAvailable": true,
    "_isOptional": false,
    "_trackingId": 55,
    "_classes": "color-four",
    "body": "",
    "displayTitle": " ",
    "title": " "
  },
  {
    "_id": "59301d2dd084d5167a04f0b7",
    "_parentId": "59301d2dd084d5167a04f0a4",
    "_type": "block",
    "_isAvailable": true,
    "_isOptional": false,
    "_trackingId": 56,
    "_classes": "color-two",
    "body": "",
    "displayTitle": " ",
    "title": " "
  },
  {
    "_id": "59301d2dd084d5167a04f0c1",
    "_parentId": "59301d2dd084d5167a04f0a2",
    "_type": "block",
    "_isAvailable": true,
    "_isOptional": false,
    "_trackingId": 57,
    "_classes": "",
    "body": "",
    "displayTitle": " ",
    "title": " "
  },
  {
    "_id": "59301d2dd084d5167a04f0c8",
    "_parentId": "59301d2dd084d5167a04f0a3",
    "_type": "block",
    "_isAvailable": true,
    "_isOptional": false,
    "_trackingId": 58,
    "_classes": "color-one",
    "body": "",
    "displayTitle": " ",
    "title": " "
  },
  {
    "_id": "59301d2dd084d5167a04f0a6",
    "_parentId": "59301d2dd084d5167a04f0a1",
    "_type": "block",
    "_isAvailable": true,
    "_isOptional": false,
    "_trackingId": 59,
    "_classes": "footer inverted",
    "body": "",
    "displayTitle": " ",
    "title": " "
  },
  {
    "_id": "59301d2dd084d5167a04f0ad",
    "_parentId": "59301d2dd084d5167a04f0a4",
    "_type": "block",
    "_isAvailable": true,
    "_isOptional": false,
    "_trackingId": 60,
    "_classes": "color-two inverted",
    "body": "",
    "displayTitle": " ",
    "title": " "
  },
  {
    "_id": "59301d2dd084d5167a04f0b3",
    "_parentId": "59301d2dd084d5167a04f0a2",
    "_type": "block",
    "_isAvailable": true,
    "_isOptional": false,
    "_trackingId": 61,
    "_classes": "section-banner inverted color-five",
    "body": "",
    "displayTitle": " ",
    "title": " "
  },
  {
    "_id": "59301d2dd084d5167a04f0bd",
    "_parentId": "59301d2dd084d5167a04f0a3",
    "_type": "block",
    "_isAvailable": true,
    "_isOptional": false,
    "_trackingId": 62,
    "_classes": "inverted color-one",
    "body": "",
    "displayTitle": " ",
    "title": " "
  },
  {
    "_id": "59301d2dd084d5167a04f0b8",
    "_parentId": "59301d2dd084d5167a04f0a4",
    "_type": "block",
    "_isAvailable": true,
    "_isOptional": false,
    "_trackingId": 63,
    "_classes": "inverted footer",
    "body": "",
    "displayTitle": " ",
    "title": " "
  },
  {
    "_id": "59301d2dd084d5167a04f0c2",
    "_parentId": "59301d2dd084d5167a04f0a2",
    "_type": "block",
    "_isAvailable": true,
    "_isOptional": false,
    "_trackingId": 64,
    "_classes": "color-five",
    "body": "",
    "displayTitle": " ",
    "title": " "
  },
  {
    "_id": "59301d2dd084d5167a04f0c9",
    "_parentId": "59301d2dd084d5167a04f0a3",
    "_type": "block",
    "_isAvailable": true,
    "_isOptional": false,
    "_trackingId": 65,
    "_classes": "inverted footer",
    "body": "",
    "displayTitle": " ",
    "title": " "
  },
  {
    "_id": "59301d2dd084d5167a04f0d2",
    "_parentId": "59301d2dd084d5167a04f0a2",
    "_type": "block",
    "_isAvailable": true,
    "_isOptional": false,
    "_trackingId": 66,
    "_classes": "inverted color-five",
    "body": "",
    "displayTitle": " ",
    "title": " "
  },
  {
    "_id": "59301d2dd084d5167a04f0c3",
    "_parentId": "59301d2dd084d5167a04f0a2",
    "_type": "block",
    "_isAvailable": true,
    "_isOptional": false,
    "_trackingId": 67,
    "_classes": "color-five",
    "body": "",
    "displayTitle": " ",
    "title": " "
  },
  {
    "_id": "59301d2dd084d5167a04f0af",
    "_parentId": "59301d2dd084d5167a04f0a2",
    "_type": "block",
    "_isAvailable": true,
    "_isOptional": false,
    "_trackingId": 68,
    "_classes": "inverted color-five",
    "body": "",
    "displayTitle": " ",
    "title": " "
  },
  {
    "_id": "59301d2dd084d5167a04f0c4",
    "_parentId": "59301d2dd084d5167a04f0a2",
    "_type": "block",
    "_isAvailable": true,
    "_isOptional": false,
    "_trackingId": 69,
    "_classes": "inverted footer",
    "body": "",
    "displayTitle": " ",
    "title": " "
  }
]