[
  {
    "_graphic": {
      "alt": "",
      "src": "course/en/assets/ce0bd3bebcb78c3e7d0a750bf77ccb8f482f18a7.png"
    },
    "_id": "59301da0d084d5167a04f29e",
    "_parentId": "course",
    "_type": "page",
    "_isAvailable": true,
    "_isOptional": false,
    "_lockedBy": [],
    "duration": "",
    "linkText": "View",
    "_classes": "",
    "body": "<p>You may find something interesting&nbsp;when you are cleaning, analysing and interrogating your dataset. If this is significant, the next stage will be to communicate this to others. Data visualisations help communicate insight found in data in a&nbsp;quick and easy way.</p>",
    "displayTitle": "Data visualisation techniques",
    "title": "Data visualisation techniques",
    "_pageLevelProgress": {
      "_isEnabled": true,
      "_showPageCompletion": true
    },
    "_skillsFramework": {
      "_skills": [
        {
          "outcome": "Describe a number data visualisations and their usage",
          "credits": 5,
          "level": "explorer"
        },
        {
          "outcome": "Choose an appropriate visualisation for data",
          "credits": 5,
          "level": "explorer"
        }
      ]
    },
    "_aboutPage": {
      "aboutCredit": "<p>This work &quot;Data visualisation techniques&quot;, is a derivative of &quot;<a href=\"http://findingstories.learndata.info/#/id/57adb0cce396ef981f39e9d4\" target=\"_blank\">Data visualisation formats</a>&quot; by&nbsp;the <a href=\"https://theodi.org\" target=\"_blank\">Open Data Institute</a>, used under&nbsp;<a href=\"https://creativecommons.org/licenses/by/4.0/\" target=\"_blank\">CC-BY&nbsp;4.0</a>.</p>",
      "SL_text": "",
      "_items": []
    },
    "_ODILicence": {
      "_items": []
    }
  },
  {
    "_graphic": {
      "alt": "",
      "src": "course/en/assets/dd448eba6939ee52c989ec2d5151d71c3858c5ac.png"
    },
    "_id": "5930201cd084d5167a04f2ad",
    "_parentId": "course",
    "_type": "page",
    "_isAvailable": true,
    "_isOptional": false,
    "_lockedBy": [],
    "duration": "",
    "linkText": "View",
    "_classes": "",
    "body": "<p>This module explores digital maps: how open data can enhance maps; how to use maps&nbsp;in web sites and projects; and how to visualise and explore data with them.</p>",
    "displayTitle": "Mapping open data",
    "title": "Mapping open data",
    "_ODILicence": {
      "_items": []
    },
    "_skillsFramework": {
      "_skills": [
        {
          "outcome": "Explain the benefits of open mapping",
          "credits": 5,
          "level": "explorer"
        },
        {
          "outcome": "Select the appropriate technique to describe something on a map",
          "credits": 5,
          "level": "practitioner"
        },
        {
          "outcome": "Create a number of different maps from open data",
          "credits": 10,
          "level": "practitioner"
        }
      ]
    },
    "_pageLevelProgress": {
      "_isEnabled": true,
      "_showPageCompletion": true
    },
    "_aboutPage": {
      "aboutCredit": "",
      "SL_text": "",
      "_items": []
    }
  }
]