[
  {
    "_graphic": {
      "alt": "",
      "src": "course/en/assets/ce0bd3bebcb78c3e7d0a750bf77ccb8f482f18a7.png"
    },
    "_id": "59301da0d084d5167a04f29e",
    "_parentId": "course",
    "_type": "page",
    "_isAvailable": true,
    "_isOptional": false,
    "_lockedBy": [],
    "duration": "",
    "linkText": "View",
    "_classes": "",
    "body": "<p>You may find something interesting&nbsp;when you are cleaning, analysing and interrogating your dataset. If this is significant, the next stage will be to communicate this to others. Data visualisations help communicate insight found in data in a&nbsp;quick and easy way.</p>",
    "displayTitle": "Data visualisation techniques",
    "title": "Data visualisation techniques",
    "_skillsFramework": {
      "_skills": []
    },
    "_pageLevelProgress": {
      "_isEnabled": true,
      "_showPageCompletion": true
    }
  },
  {
    "_graphic": {
      "alt": "",
      "src": "course/en/assets/dd448eba6939ee52c989ec2d5151d71c3858c5ac.png"
    },
    "_id": "5930201cd084d5167a04f2ad",
    "_parentId": "course",
    "_type": "page",
    "_isAvailable": true,
    "_isOptional": false,
    "_lockedBy": [],
    "duration": "",
    "linkText": "View",
    "_classes": "",
    "body": "<p>This module explores digital maps: how open data can enhance maps; how to use maps&nbsp;in web sites and projects; and how to visualise and explore data with them.</p>",
    "displayTitle": "Mapping open data",
    "title": "Mapping open data",
    "_skillsFramework": {
      "_skills": []
    },
    "_pageLevelProgress": {
      "_isEnabled": true,
      "_showPageCompletion": true
    }
  },
  {
    "_graphic": {
      "alt": "",
      "src": "course/en/assets/f567f50e011e71485c9eb21a1e9d6119f544fdf9.jpg"
    },
    "_id": "59301d2dd084d5167a04f09e",
    "_parentId": "course",
    "_type": "page",
    "_isAvailable": true,
    "_isOptional": false,
    "_lockedBy": [],
    "duration": "",
    "linkText": "View",
    "_classes": "hidden",
    "body": "<p>Ensuring good data collection starts with a well designed spreadsheet. This module&nbsp;looks at how to effectively structure a spreadsheet for raw data collection.</p>",
    "displayTitle": "Organising data",
    "title": "Organising data",
    "_skillsFramework": {
      "_skills": [
        {
          "outcome": "Identify a number of good and bad spreadsheet layouts",
          "credits": 5,
          "level": "explorer"
        },
        {
          "outcome": "Create a number of good column titles for a spreadsheet",
          "credits": 5,
          "level": "practitioner"
        },
        {
          "outcome": "Make use of header rows and freeze functions in spreadsheets",
          "credits": 5,
          "level": "practitioner"
        },
        {
          "outcome": "Use a number of different data types in a spreadsheet",
          "credits": 5,
          "level": "practitioner"
        }
      ]
    },
    "_pageLevelProgress": {
      "_isEnabled": true,
      "_showPageCompletion": true
    }
  },
  {
    "_graphic": {
      "alt": "",
      "src": "course/en/assets/55fdaceae3e61bfad0b68be0efcf8b4e312e1342.jpg"
    },
    "_id": "59301d2dd084d5167a04f09d",
    "_parentId": "course",
    "_type": "page",
    "_isAvailable": true,
    "_isOptional": false,
    "_lockedBy": [],
    "duration": "",
    "linkText": "View",
    "_classes": "hidden",
    "body": "<p>Validating and cleaning data is&nbsp;essential in order to increase confidence in publishing and using data. This module looks at the essentials of data validation and cleaning for spreadsheet data.</p>",
    "displayTitle": "Validating and cleaning data",
    "title": "Validating and cleaning data",
    "_skillsFramework": {
      "_skills": [
        {
          "outcome": "List a number of data validation techiques",
          "credits": 5,
          "level": "explorer"
        },
        {
          "outcome": "Identify a number of errors in data",
          "credits": 5,
          "level": "explorer"
        },
        {
          "outcome": "Clean a set of dirty data",
          "credits": 10,
          "level": "practitioner"
        }
      ]
    },
    "_pageLevelProgress": {
      "_isEnabled": true,
      "_showPageCompletion": true
    }
  },
  {
    "_graphic": {
      "alt": "",
      "src": "course/en/assets/573957752a5406198646932aca0d3797f675cd7f.jpg"
    },
    "_id": "59301d2dd084d5167a04f09f",
    "_parentId": "course",
    "_type": "page",
    "_isAvailable": true,
    "_isOptional": false,
    "_lockedBy": [],
    "duration": "",
    "linkText": "View",
    "_classes": "hidden",
    "body": "<p>The more widely data is shared, the greater the potential impact. In this module, we look at how to publish open data that anyone can access, use and share it.&nbsp;</p>",
    "displayTitle": "Publishing your data",
    "title": "Publishing your data",
    "_skillsFramework": {
      "_skills": []
    },
    "_pageLevelProgress": {
      "_isEnabled": true,
      "_showPageCompletion": true
    }
  },
  {
    "_graphic": {
      "alt": "",
      "src": "course/en/assets/42cae611b9faff51566fabe51f7bfb9615f01211.jpg"
    },
    "_id": "59301d2dd084d5167a04f0a0",
    "_parentId": "course",
    "_type": "page",
    "_isAvailable": true,
    "_isOptional": false,
    "_lockedBy": [],
    "duration": "",
    "linkText": "View",
    "_classes": "hidden",
    "body": "<p>This module looks at how to perform analysis within a spreadsheet. Covering the essentials of sorting,&nbsp;filtering and formula&nbsp;as well as the use of pivot tables and chart creation.</p>",
    "displayTitle": "Analysing data",
    "title": "Analysing data",
    "_skillsFramework": {
      "_skills": [
        {
          "outcome": "Apply filters to a spreadsheet",
          "credits": 5,
          "level": "practitioner"
        },
        {
          "outcome": "Sort data in a spreadsheet",
          "credits": 5,
          "level": "practitioner"
        },
        {
          "outcome": "Applying formula to a spreadsheet",
          "credits": 5,
          "level": "practitioner"
        },
        {
          "outcome": "Create a set of analytics for a spreadsheet",
          "credits": 10,
          "level": "practitioner"
        }
      ]
    },
    "_pageLevelProgress": {
      "_isEnabled": true,
      "_showPageCompletion": true
    }
  }
]