[
  {
    "_id": "58f8b185d084d5167a04d724",
    "_parentId": "58f8b185d084d5167a04d6f5",
    "_type": "block",
    "_isAvailable": true,
    "_isOptional": false,
    "_trackingId": 1,
    "_classes": "",
    "body": "",
    "displayTitle": "",
    "title": " "
  },
  {
    "_id": "58f8b185d084d5167a04d738",
    "_parentId": "58f8b185d084d5167a04d6f8",
    "_type": "block",
    "_isAvailable": true,
    "_isOptional": false,
    "_trackingId": 2,
    "_classes": "color-nine",
    "body": "",
    "displayTitle": "",
    "title": " "
  },
  {
    "_id": "58f8b185d084d5167a04d729",
    "_parentId": "58f8b185d084d5167a04d6f6",
    "_type": "block",
    "_isAvailable": true,
    "_isOptional": false,
    "_trackingId": 3,
    "_classes": "",
    "body": "",
    "displayTitle": "Block title",
    "title": "Block title"
  },
  {
    "_id": "58f8b185d084d5167a04d72d",
    "_parentId": "58f8b185d084d5167a04d6f7",
    "_type": "block",
    "_isAvailable": true,
    "_isOptional": false,
    "_trackingId": 4,
    "_classes": "",
    "body": "",
    "displayTitle": "Block title",
    "title": "Block title"
  },
  {
    "_id": "58f8b185d084d5167a04d72a",
    "_parentId": "58f8b185d084d5167a04d6f6",
    "_type": "block",
    "_isAvailable": true,
    "_isOptional": false,
    "_trackingId": 5,
    "_classes": "",
    "body": "",
    "displayTitle": "Block title",
    "title": "Block title"
  },
  {
    "_id": "58f8b185d084d5167a04d72e",
    "_parentId": "58f8b185d084d5167a04d6f5",
    "_type": "block",
    "_isAvailable": true,
    "_isOptional": false,
    "_trackingId": 6,
    "_classes": "inverted color-four",
    "body": "",
    "displayTitle": " ",
    "title": " "
  },
  {
    "_id": "58f8b185d084d5167a04d72b",
    "_parentId": "58f8b185d084d5167a04d6f6",
    "_type": "block",
    "_isAvailable": true,
    "_isOptional": false,
    "_trackingId": 7,
    "_classes": "",
    "body": "",
    "displayTitle": "Block title",
    "title": "Block title"
  },
  {
    "_id": "58f8b185d084d5167a04d725",
    "_parentId": "58f8b185d084d5167a04d6f5",
    "_type": "block",
    "_isAvailable": true,
    "_isOptional": false,
    "_trackingId": 8,
    "_classes": "color-four",
    "body": "",
    "displayTitle": " ",
    "title": " "
  },
  {
    "_id": "58f8b185d084d5167a04d731",
    "_parentId": "58f8b185d084d5167a04d6f8",
    "_type": "block",
    "_isAvailable": true,
    "_isOptional": false,
    "_trackingId": 9,
    "_classes": "inverted color-nine",
    "body": "",
    "displayTitle": " ",
    "title": " "
  },
  {
    "_id": "58f8b185d084d5167a04d726",
    "_parentId": "58f8b185d084d5167a04d6f5",
    "_type": "block",
    "_isAvailable": true,
    "_isOptional": false,
    "_trackingId": 10,
    "_classes": "inverted color-four",
    "body": "",
    "displayTitle": " ",
    "title": " "
  },
  {
    "_id": "58f8b185d084d5167a04d72c",
    "_parentId": "58f8b185d084d5167a04d6f6",
    "_type": "block",
    "_isAvailable": true,
    "_isOptional": false,
    "_trackingId": 11,
    "_classes": "",
    "body": "",
    "displayTitle": "Block title",
    "title": "Block title"
  },
  {
    "_id": "58f8b185d084d5167a04d732",
    "_parentId": "58f8b185d084d5167a04d6f8",
    "_type": "block",
    "_isAvailable": true,
    "_isOptional": false,
    "_trackingId": 12,
    "_classes": "color-nine",
    "body": "",
    "displayTitle": " ",
    "title": " "
  },
  {
    "_id": "58f8b185d084d5167a04d727",
    "_parentId": "58f8b185d084d5167a04d6f5",
    "_type": "block",
    "_isAvailable": true,
    "_isOptional": false,
    "_trackingId": 13,
    "_classes": "color-four",
    "body": "",
    "displayTitle": " ",
    "title": " "
  },
  {
    "_id": "58f8b185d084d5167a04d733",
    "_parentId": "58f8b185d084d5167a04d6f8",
    "_type": "block",
    "_isAvailable": true,
    "_isOptional": false,
    "_trackingId": 14,
    "_classes": "inverted color-nine",
    "body": "",
    "displayTitle": " ",
    "title": " "
  },
  {
    "_id": "58f8b185d084d5167a04d728",
    "_parentId": "58f8b185d084d5167a04d6f5",
    "_type": "block",
    "_isAvailable": true,
    "_isOptional": false,
    "_trackingId": 15,
    "_classes": "inverted color-four section-banner",
    "body": "",
    "displayTitle": " ",
    "title": " "
  },
  {
    "_id": "58f8b185d084d5167a04d734",
    "_parentId": "58f8b185d084d5167a04d6f8",
    "_type": "block",
    "_isAvailable": true,
    "_isOptional": false,
    "_trackingId": 16,
    "_classes": "",
    "body": "",
    "displayTitle": " ",
    "title": " "
  },
  {
    "_id": "58f8b185d084d5167a04d735",
    "_parentId": "58f8b185d084d5167a04d6f8",
    "_type": "block",
    "_isAvailable": true,
    "_isOptional": false,
    "_trackingId": 17,
    "_classes": "inverted color-one",
    "body": "",
    "displayTitle": " ",
    "title": " "
  },
  {
    "_id": "58f8b185d084d5167a04d736",
    "_parentId": "58f8b185d084d5167a04d6f8",
    "_type": "block",
    "_isAvailable": true,
    "_isOptional": false,
    "_trackingId": 18,
    "_classes": "color-one",
    "body": "",
    "displayTitle": " ",
    "title": " "
  },
  {
    "_id": "58f8b185d084d5167a04d737",
    "_parentId": "58f8b185d084d5167a04d6f8",
    "_type": "block",
    "_isAvailable": true,
    "_isOptional": false,
    "_trackingId": 19,
    "_classes": "inverted color-one",
    "body": "",
    "displayTitle": " ",
    "title": " "
  },
  {
    "_id": "58f8b185d084d5167a04d730",
    "_parentId": "58f8b185d084d5167a04d6f8",
    "_type": "block",
    "_isAvailable": true,
    "_isOptional": false,
    "_trackingId": 20,
    "_classes": "",
    "body": "",
    "displayTitle": " ",
    "title": " "
  },
  {
    "_id": "58f8b185d084d5167a04d739",
    "_parentId": "58f8b185d084d5167a04d6f8",
    "_type": "block",
    "_isAvailable": true,
    "_isOptional": false,
    "_trackingId": 21,
    "_classes": "inverted footer",
    "body": "",
    "displayTitle": " ",
    "title": " "
  }
]