[
  {
    "_graphic": {
      "alt": "",
      "src": "course/en/assets/3bd032ada03e207a4f6a18675e692a1d00584dd3.jpg"
    },
    "_id": "58f8b185d084d5167a04d6e7",
    "_parentId": "course",
    "_type": "page",
    "_isAvailable": true,
    "_isOptional": false,
    "_lockedBy": [],
    "duration": "",
    "linkText": "View",
    "_classes": "",
    "body": "",
    "displayTitle": "When to open up data",
    "title": "When to open up data",
    "_pageLevelProgress": {
      "_showPageCompletion": true,
      "_isEnabled": true
    },
    "_skillsFramework": {
      "_skills": [
        {
          "level": "explorer",
          "credits": 5,
          "outcome": "explain different situations for opening data "
        },
        {
          "level": "explorer",
          "credits": 10,
          "outcome": "Compare benefits of opening data in different situations"
        }
      ]
    }
  },
  {
    "_id": "58f8b185d084d5167a04d6e9",
    "_graphic": {
      "alt": "",
      "src": "course/en/assets/d31ed292b9a5b50993b9434076d7209a64401cc3.jpg"
    },
    "_parentId": "course",
    "_type": "page",
    "_isAvailable": true,
    "_isOptional": false,
    "_lockedBy": [],
    "duration": "",
    "linkText": "View",
    "_classes": "",
    "body": "<p>Opening up research data is critical for many reasons. In this module we explore what research data is, how it compares to open data and what activities are supporting its release.</p>",
    "displayTitle": "Why open research data?",
    "title": "Why open research data?",
    "_pageLevelProgress": {
      "_showPageCompletion": true,
      "_isEnabled": true
    },
    "_skillsFramework": {
      "_skills": [
        {
          "outcome": "Define research data",
          "credits": 5,
          "level": "explorer"
        },
        {
          "level": "explorer",
          "credits": 5,
          "outcome": "Explain how open research data fits in the scientific communication process"
        },
        {
          "outcome": "Explain the benefits of opening up research data",
          "credits": 5,
          "level": "explorer"
        },
        {
          "outcome": "List a number of influencing activities that support the opening of research data",
          "credits": 5,
          "level": "explorer"
        }
      ]
    }
  }
]