[
  {
    "_graphic": {
      "alt": "",
      "src": "course/en/assets/cea53ba894f73eac454fb2f7cde74ce401909d9b.png"
    },
    "_id": "5954ed3fd084d5167a0500ff",
    "_parentId": "course",
    "_type": "page",
    "_isAvailable": true,
    "_isOptional": false,
    "_lockedBy": [],
    "duration": "",
    "linkText": "View",
    "_classes": "",
    "body": "<p dir=\"ltr\">More and more organisations and individuals are seeing the value of data, from saving time and money in an organisation, to making data informed decisions or improving products and services for users. In order to make data more understandable, we need to be able to present findings and insight from data. In this module we look at how data has changed the way we tell stories.</p>",
    "displayTitle": "Introduction to data storytelling",
    "title": "Introduction to data storytelling",
    "_skillsFramework": {
      "_skills": [
        {
          "level": "explorer",
          "credits": 5,
          "outcome": "Explain how data has changed the way we find stories"
        },
        {
          "outcome": "Explain how data has changed the way we tell stories",
          "credits": 5,
          "level": "explorer"
        },
        {
          "outcome": "Give examples of data stories",
          "credits": 5,
          "level": "explorer"
        }
      ]
    },
    "_pageLevelProgress": {
      "_isEnabled": true,
      "_showPageCompletion": true
    }
  },
  {
    "_graphic": {
      "alt": "",
      "src": "course/en/assets/301936c4e7d37e6647647b3c3e5a305f0ae8a56f.jpg"
    },
    "_id": "5954ed3fd084d5167a050103",
    "_parentId": "course",
    "_type": "page",
    "_isAvailable": true,
    "_isOptional": false,
    "_lockedBy": [],
    "duration": "",
    "linkText": "View",
    "_classes": "",
    "body": "<p dir=\"ltr\">To tell a powerful story you need to be able undertake the majority - if not all - of the stages of data storytelling. Success will depend on understanding the time requirement of each stage in the process.</p>",
    "displayTitle": " The four step process",
    "title": " The four step process",
    "_skillsFramework": {
      "_skills": [
        {
          "level": "explorer",
          "credits": 5,
          "outcome": "Explain the data storytelling process"
        },
        {
          "outcome": "Plan a data storytelling project",
          "credits": 5,
          "level": "explorer"
        }
      ]
    },
    "_pageLevelProgress": {
      "_isEnabled": true,
      "_showPageCompletion": true
    }
  },
  {
    "_graphic": {
      "alt": "",
      "src": "course/en/assets/97d34793bbe8926e04194b6c543ac459b473764c.jpg"
    },
    "_id": "5954ed3fd084d5167a050102",
    "_parentId": "course",
    "_type": "page",
    "_isAvailable": true,
    "_isOptional": false,
    "_lockedBy": [],
    "duration": "",
    "linkText": "View",
    "_classes": "",
    "body": "<p>When working with data, it&#39;s&nbsp;critical to understand your rights and your responsibility in ensuring legal and ethical use of data. This module introduces the&nbsp;aspects of law that cover the use of content in different scenarios.&nbsp;</p>",
    "displayTitle": "Understanding your rights to use data",
    "title": "Understanding your rights to use data",
    "_skillsFramework": {
      "_skills": [
        {
          "outcome": "Describe how copyright and licensing relate to open data",
          "credits": 5,
          "level": "explorer"
        },
        {
          "outcome": "Identify instances of open licenses and effective application",
          "credits": 5,
          "level": "explorer"
        },
        {
          "outcome": "Explain how copyright exceptions affect the use of data",
          "credits": 5,
          "level": "explorer"
        }
      ]
    },
    "_pageLevelProgress": {
      "_isEnabled": true,
      "_showPageCompletion": true
    }
  },
  {
    "_graphic": {
      "alt": "",
      "src": "course/en/assets/2164576f217243b4bc9bfb61f6c5f8a5b9bdbc87.jpg"
    },
    "_id": "5954ed3fd084d5167a050104",
    "_parentId": "course",
    "_type": "page",
    "_isAvailable": true,
    "_isOptional": false,
    "_lockedBy": [],
    "duration": "",
    "linkText": "View",
    "_classes": "",
    "body": "<p dir=\"ltr\">Data plays a key role in storytelling, but not all data is easy to find. This module looks at where you can start to find data and how to find data that&#39;s hidden on the web.</p>",
    "displayTitle": "Gathering data",
    "title": "Gathering data",
    "_skillsFramework": {
      "_skills": [
        {
          "outcome": "Explain the difference between downloadable and hidden data",
          "credits": 5,
          "level": "practitioner"
        },
        {
          "outcome": "Find downloadable data",
          "credits": 5,
          "level": "practitioner"
        },
        {
          "outcome": "Find hidden data",
          "credits": 5,
          "level": "practitioner"
        },
        {
          "outcome": "Describe the benefit of using hidden data",
          "credits": 5,
          "level": "practitioner"
        }
      ]
    },
    "_pageLevelProgress": {
      "_isEnabled": true,
      "_showPageCompletion": true
    }
  },
  {
    "_graphic": {
      "alt": "",
      "src": "course/en/assets/55fdaceae3e61bfad0b68be0efcf8b4e312e1342.jpg"
    },
    "_id": "5954ed3fd084d5167a050100",
    "_parentId": "course",
    "_type": "page",
    "_isAvailable": true,
    "_isOptional": false,
    "_lockedBy": [],
    "duration": "",
    "linkText": "View",
    "_classes": "",
    "body": "<p dir=\"ltr\">Organising data ready for it to be processed is an essential skills for anyone working with data. In this module we explore how to design and implement a structure for a dataset that can be easily understood by others.</p>",
    "displayTitle": "Organising data",
    "title": "Organising data",
    "_skillsFramework": {
      "_skills": [
        {
          "outcome": "Identify good and bad spreadsheet layouts",
          "credits": 5,
          "level": "explorer"
        },
        {
          "outcome": "Create good column titles for a spreadsheet",
          "credits": 5,
          "level": "practitioner"
        },
        {
          "outcome": "Use header rows and freeze functions in spreadsheets",
          "credits": 5,
          "level": "practitioner"
        },
        {
          "outcome": "Use different data types in a spreadsheet",
          "credits": 5,
          "level": "practitioner"
        }
      ]
    },
    "_pageLevelProgress": {
      "_isEnabled": true,
      "_showPageCompletion": true
    }
  },
  {
    "_graphic": {
      "alt": "",
      "src": "course/en/assets/33486d36922cc44d7b5832d0c3a21bc1722f88af.jpg"
    },
    "_id": "5954ed3fd084d5167a050105",
    "_parentId": "course",
    "_type": "page",
    "_isAvailable": true,
    "_isOptional": false,
    "_lockedBy": [],
    "duration": "",
    "linkText": "View",
    "_classes": "",
    "body": "<p dir=\"ltr\">Data containing errors leads to stories containing errors. Before any analysis can take place, you need to be able to identify and remove them from data. This module looks at common errors and useful tools to remove them.</p>",
    "displayTitle": "Cleaning data",
    "title": "Cleaning data",
    "_skillsFramework": {
      "_skills": [
        {
          "outcome": "Explain how and why data needs to be cleaned",
          "credits": 5,
          "level": "explorer"
        },
        {
          "outcome": "Recognise a number of errors in data",
          "credits": 5,
          "level": "practitioner"
        },
        {
          "outcome": "Clean a dataset",
          "credits": 10,
          "level": "practitioner"
        }
      ]
    },
    "_pageLevelProgress": {
      "_isEnabled": true,
      "_showPageCompletion": true
    }
  },
  {
    "_graphic": {
      "alt": "",
      "src": "course/en/assets/42cae611b9faff51566fabe51f7bfb9615f01211.jpg"
    },
    "_id": "5954ed3fd084d5167a050109",
    "_parentId": "course",
    "_type": "page",
    "_isAvailable": true,
    "_isOptional": false,
    "_lockedBy": [],
    "duration": "",
    "linkText": "View",
    "_classes": "",
    "body": "<p dir=\"ltr\">Once data is clean, it&#39;s ready for analysis; but this analysis doesn&#39;t have to use complex statistical methods. Common analysis techniques such as filtering and pivot tables can be equally as effective.</p>",
    "displayTitle": "Filtering and pivot tables",
    "title": "Filtering and pivot tables",
    "_skillsFramework": {
      "_skills": [
        {
          "outcome": "Apply filters to a spreadsheet",
          "credits": 5,
          "level": "practitioner"
        },
        {
          "outcome": "Sort data in a spreadsheet",
          "credits": 5,
          "level": "practitioner"
        },
        {
          "outcome": "Apply formula to a spreadsheet",
          "credits": 5,
          "level": "practitioner"
        },
        {
          "outcome": "Create a set of analytics for a spreadsheet",
          "credits": 10,
          "level": "practitioner"
        }
      ]
    },
    "_pageLevelProgress": {
      "_isEnabled": true,
      "_showPageCompletion": true
    }
  },
  {
    "_graphic": {
      "alt": "",
      "src": "course/en/assets/ca044aca014a764b789ad1c8c4481eaa0e2ef182.jpg"
    },
    "_id": "5954ed3fd084d5167a050106",
    "_parentId": "course",
    "_type": "page",
    "_isAvailable": true,
    "_isOptional": false,
    "_lockedBy": [],
    "duration": "",
    "linkText": "View",
    "_classes": "",
    "body": "<p dir=\"ltr\">There are many different types of visualisation, from common graphs to advanced statistical plots to geographic representations. Learn more about the options for bringing your data to life in this module.</p>",
    "displayTitle": "Data visualisation formats",
    "title": "Data visualisation formats",
    "_skillsFramework": {
      "_skills": [
        {
          "outcome": "Describe a number data visualisations and their usage",
          "credits": 5,
          "level": "explorer"
        },
        {
          "outcome": "Choose an appropriate visualisation for data",
          "credits": 5,
          "level": "explorer"
        }
      ]
    },
    "_pageLevelProgress": {
      "_isEnabled": true,
      "_showPageCompletion": true
    }
  },
  {
    "_graphic": {
      "alt": "",
      "src": "course/en/assets/d2445a55c3baba4530ca53aef667079d65b9b497.jpg"
    },
    "_id": "5954ed3fd084d5167a050107",
    "_parentId": "course",
    "_type": "page",
    "_isAvailable": true,
    "_isOptional": false,
    "_lockedBy": [],
    "duration": "",
    "linkText": "View",
    "_classes": "",
    "body": "<p>Picking the right visualisation is only the first part of telling effective stories. Plotting the right data in the correct way, making good use of colour and other visual cues is essential to making the story &ldquo;pop out&rdquo; at the audience.</p>",
    "displayTitle": "Data visualisation best practice",
    "title": "Data visualisation best practice",
    "_skillsFramework": {
      "_skills": [
        {
          "outcome": "Describe how the human brain interprets visually presented data",
          "credits": 5,
          "level": "strategist"
        },
        {
          "outcome": "Use colour and pop-out to help clearly present information",
          "credits": 5,
          "level": "practitioner"
        }
      ]
    },
    "_pageLevelProgress": {
      "_isEnabled": true,
      "_showPageCompletion": true
    }
  },
  {
    "_graphic": {
      "alt": "",
      "src": "course/en/assets/c5ee47a1a79ee4e989b5d26e2b71c7e1892d1e7d.jpg"
    },
    "_id": "5954ed3fd084d5167a050101",
    "_parentId": "course",
    "_type": "page",
    "_isAvailable": true,
    "_isOptional": false,
    "_lockedBy": [],
    "duration": "",
    "linkText": "View",
    "_classes": "",
    "body": "<p dir=\"ltr\">The use of visual deception can create intrigue, but it can also be used to mislead. You should be able to choose deception techniques that engage and inform, and avoid those which intentionally mislead.</p>",
    "displayTitle": "Visual deception",
    "title": "Visual deception",
    "_skillsFramework": {
      "_skills": [
        {
          "outcome": "Identify a number of deception techniques in visulisations",
          "credits": 10,
          "level": "strategist"
        }
      ]
    },
    "_pageLevelProgress": {
      "_isEnabled": true,
      "_showPageCompletion": true
    }
  },
  {
    "_graphic": {
      "alt": "",
      "src": "course/en/assets/60f5321e92f1c6ea08493dd85e5da0f6b47e654b.jpg"
    },
    "_id": "5954ed3fd084d5167a050108",
    "_parentId": "course",
    "_type": "page",
    "_isAvailable": true,
    "_isOptional": false,
    "_lockedBy": [],
    "duration": "",
    "linkText": "View",
    "_classes": "",
    "body": "<p dir=\"ltr\">More and more organisations and individuals are seeing the value of data, from saving time and money in an organisation, to making data informed decisions or improving products and services for users. In order to make data more understandable, we need to be able to present findings and insight from data. This means creating a memorable story which not only requires an effective visualisation but an engaging narrative.</p>",
    "displayTitle": "Narrating your story",
    "title": "Narrating your story",
    "_skillsFramework": {
      "_skills": [
        {
          "outcome": "List the steps writing a narrative",
          "credits": 5,
          "level": "explorer"
        },
        {
          "outcome": "Write effective headlines",
          "credits": 5,
          "level": "strategist"
        },
        {
          "outcome": "Identify techniques to help share your story",
          "credits": 5,
          "level": "strategist"
        }
      ]
    },
    "_pageLevelProgress": {
      "_isEnabled": true,
      "_showPageCompletion": true
    }
  }
]