[
  {
    "_id": "582c39464d7b7e82691e43fe",
    "_parentId": "582c39464d7b7e82691e43fd",
    "_type": "block",
    "_isAvailable": true,
    "_isOptional": false,
    "_trackingId": 1,
    "_classes": "color-one",
    "body": "",
    "displayTitle": "",
    "title": "     "
  },
  {
    "_id": "582c39484d7b7e82691e4401",
    "_parentId": "582c39484d7b7e82691e4400",
    "_type": "block",
    "_isAvailable": true,
    "_isOptional": false,
    "_trackingId": 2,
    "_classes": "",
    "body": "",
    "displayTitle": "",
    "title": "   "
  },
  {
    "_id": "582c39494d7b7e82691e4404",
    "_parentId": "582c39494d7b7e82691e4403",
    "_type": "block",
    "_isAvailable": true,
    "_isOptional": false,
    "_trackingId": 3,
    "_classes": "",
    "body": "",
    "displayTitle": "",
    "title": "  "
  },
  {
    "_id": "582c40554d7b7e82691e440b",
    "_parentId": "582c39464d7b7e82691e43fd",
    "_type": "block",
    "_isAvailable": true,
    "_isOptional": false,
    "_trackingId": 4,
    "_classes": "inverted color-ten",
    "body": "",
    "displayTitle": "   ",
    "title": "   "
  },
  {
    "_id": "584e78cf4d7b7e82691e4e49",
    "_parentId": "582c39464d7b7e82691e43fd",
    "_type": "block",
    "_isAvailable": true,
    "_isOptional": false,
    "_trackingId": 5,
    "_classes": "color-one",
    "body": "",
    "displayTitle": "     ",
    "title": "     "
  },
  {
    "_id": "584e78b34d7b7e82691e4e43",
    "_parentId": "582c39464d7b7e82691e43fd",
    "_type": "block",
    "_isAvailable": true,
    "_isOptional": false,
    "_trackingId": 6,
    "_classes": "inverted color-ten",
    "body": "",
    "displayTitle": "  ",
    "title": "  "
  },
  {
    "_id": "585035824e62ce485eb14654",
    "_parentId": "582c39464d7b7e82691e43fd",
    "_type": "block",
    "_isAvailable": true,
    "_isOptional": false,
    "_trackingId": 7,
    "_classes": "color-ten",
    "body": "",
    "displayTitle": "   ",
    "title": "   "
  },
  {
    "_id": "5846aa364d7b7e82691e4b88",
    "_parentId": "582c39464d7b7e82691e43fd",
    "_type": "block",
    "_isAvailable": true,
    "_isOptional": false,
    "_trackingId": 8,
    "_classes": "inverted color-ten",
    "body": "",
    "displayTitle": "    ",
    "title": "    "
  },
  {
    "_id": "584e8aba4d7b7e82691e4e5d",
    "_parentId": "582c39464d7b7e82691e43fd",
    "_type": "block",
    "_isAvailable": true,
    "_isOptional": false,
    "_trackingId": 9,
    "_classes": "color-six",
    "body": "",
    "displayTitle": "  ",
    "title": "  "
  },
  {
    "_id": "584eb1e64e62ce485eb144f4",
    "_parentId": "582c39464d7b7e82691e43fd",
    "_type": "block",
    "_isAvailable": true,
    "_isOptional": false,
    "_trackingId": 10,
    "_classes": "inverted color-six",
    "body": "",
    "displayTitle": "  ",
    "title": "  "
  },
  {
    "_id": "584e8b8b4d7b7e82691e4e62",
    "_parentId": "582c39464d7b7e82691e43fd",
    "_type": "block",
    "_isAvailable": true,
    "_isOptional": false,
    "_trackingId": 11,
    "_classes": "color-six",
    "body": "",
    "displayTitle": "  ",
    "title": "  "
  },
  {
    "_id": "584eb5234e62ce485eb14509",
    "_parentId": "582c39464d7b7e82691e43fd",
    "_type": "block",
    "_isAvailable": true,
    "_isOptional": false,
    "_trackingId": 12,
    "_classes": "inverted color-six",
    "body": "",
    "displayTitle": "   ",
    "title": "   "
  },
  {
    "_id": "584eb8204e62ce485eb1451c",
    "_parentId": "582c39464d7b7e82691e43fd",
    "_type": "block",
    "_isAvailable": true,
    "_isOptional": false,
    "_trackingId": 13,
    "_classes": "color-six",
    "body": "",
    "displayTitle": "  ",
    "title": "  "
  },
  {
    "_id": "584eb9964e62ce485eb14526",
    "_parentId": "582c39464d7b7e82691e43fd",
    "_type": "block",
    "_isAvailable": true,
    "_isOptional": false,
    "_trackingId": 14,
    "_classes": "inverted footer",
    "body": "",
    "displayTitle": "  ",
    "title": "  "
  }
]