[
  {
    "_id": "58c6aaa9d084d5167a04b007",
    "_parentId": "58c6aaa9d084d5167a04aff8",
    "_type": "block",
    "_isAvailable": true,
    "_isOptional": false,
    "_trackingId": 1,
    "_classes": "",
    "body": "",
    "displayTitle": "",
    "title": " "
  },
  {
    "_id": "58c6aaa9d084d5167a04b00c",
    "_parentId": "58c6aaa9d084d5167a04afe0",
    "_type": "block",
    "_isAvailable": true,
    "_isOptional": false,
    "_trackingId": 2,
    "_classes": "",
    "body": "",
    "displayTitle": "",
    "title": " "
  },
  {
    "_id": "58c6aaa9d084d5167a04b013",
    "_parentId": "58c6aaa9d084d5167a04afdf",
    "_type": "block",
    "_isAvailable": true,
    "_isOptional": false,
    "_trackingId": 3,
    "_classes": "color-six",
    "body": "",
    "displayTitle": " ",
    "title": " "
  },
  {
    "_id": "58c6aaa9d084d5167a04b017",
    "_parentId": "58c6aaa9d084d5167a04afe1",
    "_type": "block",
    "_isAvailable": true,
    "_isOptional": false,
    "_trackingId": 4,
    "_classes": "inverted color-five",
    "body": "",
    "displayTitle": " ",
    "title": " "
  },
  {
    "_id": "58c6aaa9d084d5167a04b019",
    "_parentId": "58c6aaa9d084d5167a04afe6",
    "_type": "block",
    "_isAvailable": true,
    "_isOptional": false,
    "_trackingId": 5,
    "_classes": "inverted color-four",
    "body": "",
    "displayTitle": " ",
    "title": " "
  },
  {
    "_id": "58c6aaa9d084d5167a04b01d",
    "_parentId": "58c6aaa9d084d5167a04afe2",
    "_type": "block",
    "_isAvailable": true,
    "_isOptional": false,
    "_trackingId": 6,
    "_classes": "color-six",
    "body": "",
    "displayTitle": " ",
    "title": " "
  },
  {
    "_id": "58c6aaa9d084d5167a04b020",
    "_parentId": "58c6aaa9d084d5167a04afe7",
    "_type": "block",
    "_isAvailable": true,
    "_isOptional": false,
    "_trackingId": 7,
    "_classes": "inverted color-three",
    "body": "",
    "displayTitle": " ",
    "title": " "
  },
  {
    "_id": "58c6aaa9d084d5167a04b023",
    "_parentId": "58c6aaa9d084d5167a04afe8",
    "_type": "block",
    "_isAvailable": true,
    "_isOptional": false,
    "_trackingId": 8,
    "_classes": "inverted color-six",
    "body": "",
    "displayTitle": " ",
    "title": " "
  },
  {
    "_id": "58c6aaa9d084d5167a04b02b",
    "_parentId": "58c6aaa9d084d5167a04afeb",
    "_type": "block",
    "_isAvailable": true,
    "_isOptional": false,
    "_trackingId": 9,
    "_classes": "color-one",
    "body": "",
    "displayTitle": " ",
    "title": " "
  },
  {
    "_id": "58c6aaa9d084d5167a04b030",
    "_parentId": "58c6aaa9d084d5167a04afe3",
    "_type": "block",
    "_isAvailable": true,
    "_isOptional": false,
    "_trackingId": 10,
    "_classes": "",
    "body": "",
    "displayTitle": "",
    "title": " "
  },
  {
    "_id": "58c6aaa9d084d5167a04b039",
    "_parentId": "58c6aaa9d084d5167a04afef",
    "_type": "block",
    "_isAvailable": true,
    "_isOptional": false,
    "_trackingId": 11,
    "_classes": "",
    "body": "",
    "displayTitle": "",
    "title": " "
  },
  {
    "_id": "58c6aaa9d084d5167a04b051",
    "_parentId": "58c6aaa9d084d5167a04affa",
    "_type": "block",
    "_isAvailable": true,
    "_isOptional": false,
    "_trackingId": 12,
    "_classes": "",
    "body": "",
    "displayTitle": "",
    "title": " "
  },
  {
    "_id": "58c6aaa9d084d5167a04b058",
    "_parentId": "58c6aaa9d084d5167a04affc",
    "_type": "block",
    "_isAvailable": true,
    "_isOptional": false,
    "_trackingId": 13,
    "_classes": "",
    "body": "",
    "displayTitle": "",
    "title": " "
  },
  {
    "_id": "58c6aaa9d084d5167a04b060",
    "_parentId": "58c6aaa9d084d5167a04affe",
    "_type": "block",
    "_isAvailable": true,
    "_isOptional": false,
    "_trackingId": 14,
    "_classes": "",
    "body": "",
    "displayTitle": "",
    "title": " "
  },
  {
    "_id": "58c6aaa9d084d5167a04b068",
    "_parentId": "58c6aaa9d084d5167a04afe5",
    "_type": "block",
    "_isAvailable": true,
    "_isOptional": false,
    "_trackingId": 15,
    "_classes": "",
    "body": "",
    "displayTitle": "",
    "title": " "
  },
  {
    "_id": "58c6aaa9d084d5167a04b070",
    "_parentId": "58c6aaa9d084d5167a04b001",
    "_type": "block",
    "_isAvailable": true,
    "_isOptional": false,
    "_trackingId": 16,
    "_classes": "",
    "body": "",
    "displayTitle": "",
    "title": " "
  },
  {
    "_id": "58c6aaaad084d5167a04b079",
    "_parentId": "58c6aaa9d084d5167a04b003",
    "_type": "block",
    "_isAvailable": true,
    "_isOptional": false,
    "_trackingId": 17,
    "_classes": "",
    "body": "",
    "displayTitle": "",
    "title": " "
  },
  {
    "_id": "58c6aaaad084d5167a04b080",
    "_parentId": "58c6aaa9d084d5167a04b005",
    "_type": "block",
    "_isAvailable": true,
    "_isOptional": false,
    "_trackingId": 18,
    "_classes": "",
    "body": "",
    "displayTitle": "",
    "title": " "
  },
  {
    "_id": "58c6aaaad084d5167a04b08d",
    "_parentId": "58c6aaa9d084d5167a04aff1",
    "_type": "block",
    "_isAvailable": true,
    "_isOptional": false,
    "_trackingId": 19,
    "_classes": "",
    "body": "",
    "displayTitle": " ",
    "title": " "
  },
  {
    "_id": "58c6aaaad084d5167a04b096",
    "_parentId": "58c6aaa9d084d5167a04aff6",
    "_type": "block",
    "_isAvailable": true,
    "_isOptional": false,
    "_trackingId": 20,
    "_classes": "",
    "body": "",
    "displayTitle": " ",
    "title": " "
  },
  {
    "_id": "58c6aaaad084d5167a04b088",
    "_parentId": "58c6aaa9d084d5167a04afee",
    "_type": "block",
    "_isAvailable": true,
    "_isOptional": false,
    "_trackingId": 21,
    "_classes": "inverted color-three",
    "body": "",
    "displayTitle": " ",
    "title": " "
  },
  {
    "_id": "58c6aaa9d084d5167a04b012",
    "_parentId": "58c6aaa9d084d5167a04afed",
    "_type": "block",
    "_isAvailable": true,
    "_isOptional": false,
    "_trackingId": 22,
    "_classes": "inverted footer",
    "body": "",
    "displayTitle": " ",
    "title": " "
  },
  {
    "_id": "58c6aaa9d084d5167a04b02c",
    "_parentId": "58c6aaa9d084d5167a04afec",
    "_type": "block",
    "_isAvailable": true,
    "_isOptional": false,
    "_trackingId": 23,
    "_classes": "inverted color-six",
    "body": "",
    "displayTitle": " ",
    "title": " "
  },
  {
    "_id": "58c6aaa9d084d5167a04b043",
    "_parentId": "58c6aaa9d084d5167a04aff4",
    "_type": "block",
    "_isAvailable": true,
    "_isOptional": false,
    "_trackingId": 24,
    "_classes": "inverted color-one",
    "body": "",
    "displayTitle": " ",
    "title": " "
  },
  {
    "_id": "58c6aaa9d084d5167a04b045",
    "_parentId": "58c6aaa9d084d5167a04aff5",
    "_type": "block",
    "_isAvailable": true,
    "_isOptional": false,
    "_trackingId": 25,
    "_classes": "inverted footer",
    "body": "",
    "displayTitle": " ",
    "title": " "
  },
  {
    "_id": "58c6aaa9d084d5167a04b049",
    "_parentId": "58c6aaa9d084d5167a04aff7",
    "_type": "block",
    "_isAvailable": true,
    "_isOptional": false,
    "_trackingId": 26,
    "_classes": "inverted footer",
    "body": "",
    "displayTitle": " ",
    "title": " "
  },
  {
    "_id": "58c6aaa9d084d5167a04b057",
    "_parentId": "58c6aaa9d084d5167a04affb",
    "_type": "block",
    "_isAvailable": true,
    "_isOptional": false,
    "_trackingId": 27,
    "_classes": "inverted footer",
    "body": "",
    "displayTitle": " ",
    "title": " "
  },
  {
    "_id": "58c6aaa9d084d5167a04b067",
    "_parentId": "58c6aaa9d084d5167a04afff",
    "_type": "block",
    "_isAvailable": true,
    "_isOptional": false,
    "_trackingId": 28,
    "_classes": "inverted footer",
    "body": "",
    "displayTitle": " ",
    "title": " "
  },
  {
    "_id": "58c6aaaad084d5167a04b078",
    "_parentId": "58c6aaa9d084d5167a04b002",
    "_type": "block",
    "_isAvailable": true,
    "_isOptional": false,
    "_trackingId": 29,
    "_classes": "inverted footer",
    "body": "",
    "displayTitle": " ",
    "title": " "
  },
  {
    "_id": "58c6aaaad084d5167a04b08c",
    "_parentId": "58c6aaa9d084d5167a04aff0",
    "_type": "block",
    "_isAvailable": true,
    "_isOptional": false,
    "_trackingId": 30,
    "_classes": "inverted footer",
    "body": "",
    "displayTitle": " ",
    "title": " "
  },
  {
    "_id": "58c6aaaad084d5167a04b090",
    "_parentId": "58c6aaa9d084d5167a04afe4",
    "_type": "block",
    "_isAvailable": true,
    "_isOptional": false,
    "_trackingId": 31,
    "_classes": "inverted color-three",
    "body": "",
    "displayTitle": " ",
    "title": " "
  },
  {
    "_id": "58c6aaaad084d5167a04b093",
    "_parentId": "58c6aaa9d084d5167a04aff2",
    "_type": "block",
    "_isAvailable": true,
    "_isOptional": false,
    "_trackingId": 32,
    "_classes": "inverted footer",
    "body": "",
    "displayTitle": " ",
    "title": " "
  },
  {
    "_id": "58c6aaa9d084d5167a04b026",
    "_parentId": "58c6aaa9d084d5167a04afe9",
    "_type": "block",
    "_isAvailable": true,
    "_isOptional": false,
    "_trackingId": 33,
    "_classes": "inverted color-two",
    "body": "",
    "displayTitle": " ",
    "title": " "
  },
  {
    "_id": "58c6aaa9d084d5167a04b028",
    "_parentId": "58c6aaa9d084d5167a04afea",
    "_type": "block",
    "_isAvailable": true,
    "_isOptional": false,
    "_trackingId": 34,
    "_classes": "color-six",
    "body": "",
    "displayTitle": " ",
    "title": " "
  },
  {
    "_id": "58c6aaa9d084d5167a04b006",
    "_parentId": "58c6aaa9d084d5167a04afeb",
    "_type": "block",
    "_isAvailable": true,
    "_isOptional": false,
    "_trackingId": 35,
    "_classes": "inverted color-one",
    "body": "",
    "displayTitle": " ",
    "title": " "
  },
  {
    "_id": "58c6aaa9d084d5167a04b00d",
    "_parentId": "58c6aaa9d084d5167a04afe0",
    "_type": "block",
    "_isAvailable": true,
    "_isOptional": false,
    "_trackingId": 36,
    "_classes": "inverted color-five",
    "body": "",
    "displayTitle": " ",
    "title": " "
  },
  {
    "_id": "58c6aaa9d084d5167a04b029",
    "_parentId": "58c6aaa9d084d5167a04afea",
    "_type": "block",
    "_isAvailable": true,
    "_isOptional": false,
    "_trackingId": 37,
    "_classes": "inverted color-six",
    "body": "",
    "displayTitle": " ",
    "title": " "
  },
  {
    "_id": "58c6aaa9d084d5167a04b03a",
    "_parentId": "58c6aaa9d084d5167a04afef",
    "_type": "block",
    "_isAvailable": true,
    "_isOptional": false,
    "_trackingId": 38,
    "_classes": "inverted color-four",
    "body": "",
    "displayTitle": " ",
    "title": " "
  },
  {
    "_id": "58c6aaa9d084d5167a04b042",
    "_parentId": "58c6aaa9d084d5167a04aff3",
    "_type": "block",
    "_isAvailable": true,
    "_isOptional": false,
    "_trackingId": 39,
    "_classes": "summary footer inverted",
    "body": "",
    "displayTitle": "",
    "title": " "
  },
  {
    "_id": "58c6aaa9d084d5167a04b044",
    "_parentId": "58c6aaa9d084d5167a04aff4",
    "_type": "block",
    "_isAvailable": true,
    "_isOptional": false,
    "_trackingId": 40,
    "_classes": "color-one",
    "body": "",
    "displayTitle": " ",
    "title": " "
  },
  {
    "_id": "58c6aaa9d084d5167a04b05f",
    "_parentId": "58c6aaa9d084d5167a04affd",
    "_type": "block",
    "_isAvailable": true,
    "_isOptional": false,
    "_trackingId": 41,
    "_classes": "inverted footer",
    "body": "",
    "displayTitle": " ",
    "title": " "
  },
  {
    "_id": "58c6aaaad084d5167a04b07f",
    "_parentId": "58c6aaa9d084d5167a04b004",
    "_type": "block",
    "_isAvailable": true,
    "_isOptional": false,
    "_trackingId": 42,
    "_classes": "inverted footer",
    "body": "",
    "displayTitle": " ",
    "title": " "
  },
  {
    "_id": "58c6aaa9d084d5167a04b014",
    "_parentId": "58c6aaa9d084d5167a04afdf",
    "_type": "block",
    "_isAvailable": true,
    "_isOptional": false,
    "_trackingId": 43,
    "_classes": "inverted color-six",
    "body": "",
    "displayTitle": " ",
    "title": " "
  },
  {
    "_id": "58c6aaa9d084d5167a04b024",
    "_parentId": "58c6aaa9d084d5167a04afe8",
    "_type": "block",
    "_isAvailable": true,
    "_isOptional": false,
    "_trackingId": 44,
    "_classes": "color-six",
    "body": "",
    "displayTitle": " ",
    "title": " "
  },
  {
    "_id": "58c6aaa9d084d5167a04b01c",
    "_parentId": "58c6aaa9d084d5167a04afe2",
    "_type": "block",
    "_isAvailable": true,
    "_isOptional": false,
    "_trackingId": 45,
    "_classes": "inverted color-six section-banner",
    "body": "",
    "displayTitle": " ",
    "title": " "
  },
  {
    "_id": "58c6aaa9d084d5167a04b025",
    "_parentId": "58c6aaa9d084d5167a04afe9",
    "_type": "block",
    "_isAvailable": true,
    "_isOptional": false,
    "_trackingId": 46,
    "_classes": "color-two",
    "body": "",
    "displayTitle": " ",
    "title": " "
  },
  {
    "_id": "58c6aaa9d084d5167a04b02d",
    "_parentId": "58c6aaa9d084d5167a04afec",
    "_type": "block",
    "_isAvailable": true,
    "_isOptional": false,
    "_trackingId": 47,
    "_classes": "color-six",
    "body": "",
    "displayTitle": " ",
    "title": " "
  },
  {
    "_id": "58c6aaa9d084d5167a04b031",
    "_parentId": "58c6aaa9d084d5167a04afe3",
    "_type": "block",
    "_isAvailable": true,
    "_isOptional": false,
    "_trackingId": 48,
    "_classes": "inverted color-five",
    "body": "",
    "displayTitle": " ",
    "title": " "
  },
  {
    "_id": "58c6aaa9d084d5167a04b050",
    "_parentId": "58c6aaa9d084d5167a04aff9",
    "_type": "block",
    "_isAvailable": true,
    "_isOptional": false,
    "_trackingId": 49,
    "_classes": "inverted footer",
    "body": "",
    "displayTitle": " ",
    "title": " "
  },
  {
    "_id": "58c6aaa9d084d5167a04b052",
    "_parentId": "58c6aaa9d084d5167a04affa",
    "_type": "block",
    "_isAvailable": true,
    "_isOptional": false,
    "_trackingId": 50,
    "_classes": "inverted color-four",
    "body": "",
    "displayTitle": " ",
    "title": " "
  },
  {
    "_id": "58c6aaa9d084d5167a04b059",
    "_parentId": "58c6aaa9d084d5167a04affc",
    "_type": "block",
    "_isAvailable": true,
    "_isOptional": false,
    "_trackingId": 51,
    "_classes": "inverted color-one",
    "body": "",
    "displayTitle": " ",
    "title": " "
  },
  {
    "_id": "58c6aaa9d084d5167a04b061",
    "_parentId": "58c6aaa9d084d5167a04affe",
    "_type": "block",
    "_isAvailable": true,
    "_isOptional": false,
    "_trackingId": 52,
    "_classes": "inverted color-seven",
    "body": "",
    "displayTitle": " ",
    "title": " "
  },
  {
    "_id": "58c6aaa9d084d5167a04b069",
    "_parentId": "58c6aaa9d084d5167a04afe5",
    "_type": "block",
    "_isAvailable": true,
    "_isOptional": false,
    "_trackingId": 53,
    "_classes": "inverted color-five",
    "body": "",
    "displayTitle": " ",
    "title": " "
  },
  {
    "_id": "58c6aaa9d084d5167a04b06f",
    "_parentId": "58c6aaa9d084d5167a04b000",
    "_type": "block",
    "_isAvailable": true,
    "_isOptional": false,
    "_trackingId": 54,
    "_classes": "inverted footer",
    "body": "",
    "displayTitle": " ",
    "title": " "
  },
  {
    "_id": "58c6aaa9d084d5167a04b071",
    "_parentId": "58c6aaa9d084d5167a04b001",
    "_type": "block",
    "_isAvailable": true,
    "_isOptional": false,
    "_trackingId": 55,
    "_classes": "inverted color-four",
    "body": "",
    "displayTitle": " ",
    "title": " "
  },
  {
    "_id": "58c6aaaad084d5167a04b07a",
    "_parentId": "58c6aaa9d084d5167a04b003",
    "_type": "block",
    "_isAvailable": true,
    "_isOptional": false,
    "_trackingId": 56,
    "_classes": "inverted color-two",
    "body": "",
    "displayTitle": " ",
    "title": " "
  },
  {
    "_id": "58c6aaaad084d5167a04b081",
    "_parentId": "58c6aaa9d084d5167a04b005",
    "_type": "block",
    "_isAvailable": true,
    "_isOptional": false,
    "_trackingId": 57,
    "_classes": "inverted color-seven",
    "body": "",
    "displayTitle": " ",
    "title": " "
  },
  {
    "_id": "58c6aaaad084d5167a04b087",
    "_parentId": "58c6aaa9d084d5167a04afee",
    "_type": "block",
    "_isAvailable": true,
    "_isOptional": false,
    "_trackingId": 58,
    "_classes": "color-three",
    "body": "",
    "displayTitle": " ",
    "title": " "
  },
  {
    "_id": "58c6aaaad084d5167a04b08e",
    "_parentId": "58c6aaa9d084d5167a04aff1",
    "_type": "block",
    "_isAvailable": true,
    "_isOptional": false,
    "_trackingId": 59,
    "_classes": "inverted color-one",
    "body": "",
    "displayTitle": " ",
    "title": " "
  },
  {
    "_id": "58c6aaaad084d5167a04b095",
    "_parentId": "58c6aaa9d084d5167a04aff6",
    "_type": "block",
    "_isAvailable": true,
    "_isOptional": false,
    "_trackingId": 60,
    "_classes": "inverted color-seven",
    "body": "",
    "displayTitle": " ",
    "title": " "
  },
  {
    "_id": "58c6aaaad084d5167a04b099",
    "_parentId": "58c6aaa9d084d5167a04aff8",
    "_type": "block",
    "_isAvailable": true,
    "_isOptional": false,
    "_trackingId": 61,
    "_classes": "inverted color-two",
    "body": "",
    "displayTitle": " ",
    "title": " "
  },
  {
    "_id": "58c6aaa9d084d5167a04b01a",
    "_parentId": "58c6aaa9d084d5167a04afe6",
    "_type": "block",
    "_isAvailable": true,
    "_isOptional": false,
    "_trackingId": 62,
    "_classes": "color-four",
    "body": "",
    "displayTitle": " ",
    "title": " "
  },
  {
    "_id": "58c6aaa9d084d5167a04b018",
    "_parentId": "58c6aaa9d084d5167a04afe1",
    "_type": "block",
    "_isAvailable": true,
    "_isOptional": false,
    "_trackingId": 63,
    "_classes": "color-five",
    "body": "",
    "displayTitle": " ",
    "title": " "
  },
  {
    "_id": "58c6aaa9d084d5167a04b021",
    "_parentId": "58c6aaa9d084d5167a04afe7",
    "_type": "block",
    "_isAvailable": true,
    "_isOptional": false,
    "_trackingId": 64,
    "_classes": "color-three",
    "body": "",
    "displayTitle": " ",
    "title": " "
  },
  {
    "_id": "58c6aaaad084d5167a04b091",
    "_parentId": "58c6aaa9d084d5167a04afe4",
    "_type": "block",
    "_isAvailable": true,
    "_isOptional": false,
    "_trackingId": 65,
    "_classes": "color-three",
    "body": "",
    "displayTitle": " ",
    "title": " "
  },
  {
    "_id": "58c6aaa9d084d5167a04b00b",
    "_parentId": "58c6aaa9d084d5167a04aff4",
    "_type": "block",
    "_isAvailable": true,
    "_isOptional": false,
    "_trackingId": 66,
    "_classes": "inverted color-one",
    "body": "",
    "displayTitle": " ",
    "title": " "
  },
  {
    "_id": "58c6aaa9d084d5167a04b009",
    "_parentId": "58c6aaa9d084d5167a04afe6",
    "_type": "block",
    "_isAvailable": true,
    "_isOptional": false,
    "_trackingId": 67,
    "_classes": "inverted color-four",
    "body": "",
    "displayTitle": " ",
    "title": " "
  },
  {
    "_id": "58c6aaa9d084d5167a04b015",
    "_parentId": "58c6aaa9d084d5167a04afdf",
    "_type": "block",
    "_isAvailable": true,
    "_isOptional": false,
    "_trackingId": 68,
    "_classes": "color-six",
    "body": "",
    "displayTitle": " ",
    "title": " "
  },
  {
    "_id": "58c6aaa9d084d5167a04b01e",
    "_parentId": "58c6aaa9d084d5167a04afe2",
    "_type": "block",
    "_isAvailable": true,
    "_isOptional": false,
    "_trackingId": 69,
    "_classes": "color-six",
    "body": "",
    "displayTitle": " ",
    "title": " "
  },
  {
    "_id": "58c6aaa9d084d5167a04b027",
    "_parentId": "58c6aaa9d084d5167a04afe9",
    "_type": "block",
    "_isAvailable": true,
    "_isOptional": false,
    "_trackingId": 70,
    "_classes": "inverted color-two",
    "body": "",
    "displayTitle": " ",
    "title": " "
  },
  {
    "_id": "58c6aaa9d084d5167a04b038",
    "_parentId": "58c6aaa9d084d5167a04afe1",
    "_type": "block",
    "_isAvailable": true,
    "_isOptional": false,
    "_trackingId": 71,
    "_classes": "inverted color-five",
    "body": "",
    "displayTitle": " ",
    "title": " "
  },
  {
    "_id": "58c6aaa9d084d5167a04b04b",
    "_parentId": "58c6aaa9d084d5167a04aff8",
    "_type": "block",
    "_isAvailable": true,
    "_isOptional": false,
    "_trackingId": 72,
    "_classes": "",
    "body": "",
    "displayTitle": " ",
    "title": " "
  },
  {
    "_id": "58c6aaaad084d5167a04b082",
    "_parentId": "58c6aaa9d084d5167a04b005",
    "_type": "block",
    "_isAvailable": true,
    "_isOptional": false,
    "_trackingId": 73,
    "_classes": "",
    "body": "",
    "displayTitle": " ",
    "title": " "
  },
  {
    "_id": "58c6aaa9d084d5167a04b022",
    "_parentId": "58c6aaa9d084d5167a04afe7",
    "_type": "block",
    "_isAvailable": true,
    "_isOptional": false,
    "_trackingId": 74,
    "_classes": "inverted color-three",
    "body": "",
    "displayTitle": " ",
    "title": " "
  },
  {
    "_id": "58c6aaa9d084d5167a04b02e",
    "_parentId": "58c6aaa9d084d5167a04afec",
    "_type": "block",
    "_isAvailable": true,
    "_isOptional": false,
    "_trackingId": 75,
    "_classes": "inverted color-six",
    "body": "",
    "displayTitle": "  ",
    "title": "  "
  },
  {
    "_id": "58c6aaa9d084d5167a04b032",
    "_parentId": "58c6aaa9d084d5167a04afe3",
    "_type": "block",
    "_isAvailable": true,
    "_isOptional": false,
    "_trackingId": 76,
    "_classes": "",
    "body": "",
    "displayTitle": " ",
    "title": " "
  },
  {
    "_id": "58c6aaa9d084d5167a04b03b",
    "_parentId": "58c6aaa9d084d5167a04afef",
    "_type": "block",
    "_isAvailable": true,
    "_isOptional": false,
    "_trackingId": 77,
    "_classes": "color-four",
    "body": "",
    "displayTitle": " ",
    "title": " "
  },
  {
    "_id": "58c6aaa9d084d5167a04b046",
    "_parentId": "58c6aaa9d084d5167a04aff6",
    "_type": "block",
    "_isAvailable": true,
    "_isOptional": false,
    "_trackingId": 78,
    "_classes": "",
    "body": "",
    "displayTitle": " ",
    "title": " "
  },
  {
    "_id": "58c6aaa9d084d5167a04b053",
    "_parentId": "58c6aaa9d084d5167a04affa",
    "_type": "block",
    "_isAvailable": true,
    "_isOptional": false,
    "_trackingId": 79,
    "_classes": "",
    "body": "",
    "displayTitle": " ",
    "title": " "
  },
  {
    "_id": "58c6aaa9d084d5167a04b05a",
    "_parentId": "58c6aaa9d084d5167a04affc",
    "_type": "block",
    "_isAvailable": true,
    "_isOptional": false,
    "_trackingId": 80,
    "_classes": "",
    "body": "",
    "displayTitle": " ",
    "title": " "
  },
  {
    "_id": "58c6aaa9d084d5167a04b062",
    "_parentId": "58c6aaa9d084d5167a04affe",
    "_type": "block",
    "_isAvailable": true,
    "_isOptional": false,
    "_trackingId": 81,
    "_classes": "",
    "body": "",
    "displayTitle": " ",
    "title": " "
  },
  {
    "_id": "58c6aaa9d084d5167a04b06a",
    "_parentId": "58c6aaa9d084d5167a04afe5",
    "_type": "block",
    "_isAvailable": true,
    "_isOptional": false,
    "_trackingId": 82,
    "_classes": "",
    "body": "",
    "displayTitle": " ",
    "title": " "
  },
  {
    "_id": "58c6aaa9d084d5167a04b072",
    "_parentId": "58c6aaa9d084d5167a04b001",
    "_type": "block",
    "_isAvailable": true,
    "_isOptional": false,
    "_trackingId": 83,
    "_classes": "",
    "body": "",
    "displayTitle": " ",
    "title": " "
  },
  {
    "_id": "58c6aaaad084d5167a04b07b",
    "_parentId": "58c6aaa9d084d5167a04b003",
    "_type": "block",
    "_isAvailable": true,
    "_isOptional": false,
    "_trackingId": 84,
    "_classes": "",
    "body": "",
    "displayTitle": " ",
    "title": " "
  },
  {
    "_id": "58c6aaaad084d5167a04b089",
    "_parentId": "58c6aaa9d084d5167a04afee",
    "_type": "block",
    "_isAvailable": true,
    "_isOptional": false,
    "_trackingId": 85,
    "_classes": " inverted color-three",
    "body": "",
    "displayTitle": " ",
    "title": " "
  },
  {
    "_id": "58c6aaaad084d5167a04b092",
    "_parentId": "58c6aaa9d084d5167a04afe4",
    "_type": "block",
    "_isAvailable": true,
    "_isOptional": false,
    "_trackingId": 86,
    "_classes": "inverted color-three",
    "body": "",
    "displayTitle": " ",
    "title": " "
  },
  {
    "_id": "58c6aaa9d084d5167a04b00a",
    "_parentId": "58c6aaa9d084d5167a04aff1",
    "_type": "block",
    "_isAvailable": true,
    "_isOptional": false,
    "_trackingId": 87,
    "_classes": "color-one",
    "body": "",
    "displayTitle": " ",
    "title": " "
  },
  {
    "_id": "58c6aaa9d084d5167a04b011",
    "_parentId": "58c6aaa9d084d5167a04afe0",
    "_type": "block",
    "_isAvailable": true,
    "_isOptional": false,
    "_trackingId": 88,
    "_classes": "color-five",
    "body": "",
    "displayTitle": " ",
    "title": " "
  },
  {
    "_id": "58c6aaa9d084d5167a04b02a",
    "_parentId": "58c6aaa9d084d5167a04afea",
    "_type": "block",
    "_isAvailable": true,
    "_isOptional": false,
    "_trackingId": 89,
    "_classes": "color-six",
    "body": "",
    "displayTitle": " ",
    "title": " "
  },
  {
    "_id": "58c6aaa9d084d5167a04b00e",
    "_parentId": "58c6aaa9d084d5167a04afe0",
    "_type": "block",
    "_isAvailable": true,
    "_isOptional": false,
    "_trackingId": 90,
    "_classes": "inverted color-five",
    "body": "",
    "displayTitle": " ",
    "title": " "
  },
  {
    "_id": "58c6aaa9d084d5167a04b01f",
    "_parentId": "58c6aaa9d084d5167a04afe2",
    "_type": "block",
    "_isAvailable": true,
    "_isOptional": false,
    "_trackingId": 91,
    "_classes": "inverted color-six",
    "body": "",
    "displayTitle": " ",
    "title": " "
  },
  {
    "_id": "58c6aaa9d084d5167a04b02f",
    "_parentId": "58c6aaa9d084d5167a04afec",
    "_type": "block",
    "_isAvailable": true,
    "_isOptional": false,
    "_trackingId": 92,
    "_classes": "color-six",
    "body": "",
    "displayTitle": " ",
    "title": " "
  },
  {
    "_id": "58c6aaa9d084d5167a04b073",
    "_parentId": "58c6aaa9d084d5167a04b001",
    "_type": "block",
    "_isAvailable": true,
    "_isOptional": false,
    "_trackingId": 93,
    "_classes": "inverted color-four",
    "body": "",
    "displayTitle": " ",
    "title": " "
  },
  {
    "_id": "58c6aaaad084d5167a04b07c",
    "_parentId": "58c6aaa9d084d5167a04b003",
    "_type": "block",
    "_isAvailable": true,
    "_isOptional": false,
    "_trackingId": 94,
    "_classes": "inverted color-two",
    "body": "",
    "displayTitle": " ",
    "title": " "
  },
  {
    "_id": "58c6aaaad084d5167a04b083",
    "_parentId": "58c6aaa9d084d5167a04b005",
    "_type": "block",
    "_isAvailable": true,
    "_isOptional": false,
    "_trackingId": 95,
    "_classes": "inverted color-seven",
    "body": "",
    "displayTitle": " ",
    "title": " "
  },
  {
    "_id": "58c6aaaad084d5167a04b08a",
    "_parentId": "58c6aaa9d084d5167a04afee",
    "_type": "block",
    "_isAvailable": true,
    "_isOptional": false,
    "_trackingId": 96,
    "_classes": "color-three",
    "body": "",
    "displayTitle": " ",
    "title": " "
  },
  {
    "_id": "58c6aaa9d084d5167a04b033",
    "_parentId": "58c6aaa9d084d5167a04afe3",
    "_type": "block",
    "_isAvailable": true,
    "_isOptional": false,
    "_trackingId": 97,
    "_classes": "inverted color-five",
    "body": "",
    "displayTitle": " ",
    "title": " "
  },
  {
    "_id": "58c6aaa9d084d5167a04b037",
    "_parentId": "58c6aaa9d084d5167a04afe1",
    "_type": "block",
    "_isAvailable": true,
    "_isOptional": false,
    "_trackingId": 98,
    "_classes": "color-five",
    "body": "",
    "displayTitle": " ",
    "title": " "
  },
  {
    "_id": "58c6aaa9d084d5167a04b03c",
    "_parentId": "58c6aaa9d084d5167a04afef",
    "_type": "block",
    "_isAvailable": true,
    "_isOptional": false,
    "_trackingId": 99,
    "_classes": "inverted color-four",
    "body": "",
    "displayTitle": " ",
    "title": " "
  },
  {
    "_id": "58c6aaa9d084d5167a04b04c",
    "_parentId": "58c6aaa9d084d5167a04aff8",
    "_type": "block",
    "_isAvailable": true,
    "_isOptional": false,
    "_trackingId": 100,
    "_classes": "inverted color-two",
    "body": "",
    "displayTitle": " ",
    "title": " "
  },
  {
    "_id": "58c6aaa9d084d5167a04b054",
    "_parentId": "58c6aaa9d084d5167a04affa",
    "_type": "block",
    "_isAvailable": true,
    "_isOptional": false,
    "_trackingId": 101,
    "_classes": "inverted color-four",
    "body": "",
    "displayTitle": " ",
    "title": " "
  },
  {
    "_id": "58c6aaa9d084d5167a04b05b",
    "_parentId": "58c6aaa9d084d5167a04affc",
    "_type": "block",
    "_isAvailable": true,
    "_isOptional": false,
    "_trackingId": 102,
    "_classes": "inverted color-one",
    "body": "",
    "displayTitle": " ",
    "title": " "
  },
  {
    "_id": "58c6aaa9d084d5167a04b063",
    "_parentId": "58c6aaa9d084d5167a04affe",
    "_type": "block",
    "_isAvailable": true,
    "_isOptional": false,
    "_trackingId": 103,
    "_classes": "inverted color-seven",
    "body": "",
    "displayTitle": " ",
    "title": " "
  },
  {
    "_id": "58c6aaa9d084d5167a04b06b",
    "_parentId": "58c6aaa9d084d5167a04afe5",
    "_type": "block",
    "_isAvailable": true,
    "_isOptional": false,
    "_trackingId": 104,
    "_classes": "inverted color-five",
    "body": "",
    "displayTitle": " ",
    "title": " "
  },
  {
    "_id": "58c6aaaad084d5167a04b08f",
    "_parentId": "58c6aaa9d084d5167a04aff1",
    "_type": "block",
    "_isAvailable": true,
    "_isOptional": false,
    "_trackingId": 105,
    "_classes": "inverted color-one",
    "body": "",
    "displayTitle": " ",
    "title": " "
  },
  {
    "_id": "58c6aaaad084d5167a04b097",
    "_parentId": "58c6aaa9d084d5167a04aff6",
    "_type": "block",
    "_isAvailable": true,
    "_isOptional": false,
    "_trackingId": 106,
    "_classes": "inverted color-seven",
    "body": "",
    "displayTitle": " ",
    "title": " "
  },
  {
    "_id": "58c6aaa9d084d5167a04b016",
    "_parentId": "58c6aaa9d084d5167a04afdf",
    "_type": "block",
    "_isAvailable": true,
    "_isOptional": false,
    "_trackingId": 107,
    "_classes": "inverted color-six",
    "body": "",
    "displayTitle": " ",
    "title": " "
  },
  {
    "_id": "58c6aaa9d084d5167a04b01b",
    "_parentId": "58c6aaa9d084d5167a04afe6",
    "_type": "block",
    "_isAvailable": true,
    "_isOptional": false,
    "_trackingId": 108,
    "_classes": "color-four",
    "body": "",
    "displayTitle": " ",
    "title": " "
  },
  {
    "_id": "58c6aaaad084d5167a04b094",
    "_parentId": "58c6aaa9d084d5167a04aff4",
    "_type": "block",
    "_isAvailable": true,
    "_isOptional": false,
    "_trackingId": 109,
    "_classes": "color-one",
    "body": "",
    "displayTitle": " ",
    "title": " "
  },
  {
    "_id": "58c6aaaad084d5167a04b084",
    "_parentId": "58c6aaa9d084d5167a04b005",
    "_type": "block",
    "_isAvailable": true,
    "_isOptional": false,
    "_trackingId": 110,
    "_classes": "",
    "body": "",
    "displayTitle": " ",
    "title": " "
  },
  {
    "_id": "58c6aaaad084d5167a04b09a",
    "_parentId": "58c6aaa9d084d5167a04aff8",
    "_type": "block",
    "_isAvailable": true,
    "_isOptional": false,
    "_trackingId": 111,
    "_classes": "",
    "body": "",
    "displayTitle": " ",
    "title": " "
  },
  {
    "_id": "58c6aaa9d084d5167a04b034",
    "_parentId": "58c6aaa9d084d5167a04afe3",
    "_type": "block",
    "_isAvailable": true,
    "_isOptional": false,
    "_trackingId": 112,
    "_classes": "color-five",
    "body": "",
    "displayTitle": " ",
    "title": " "
  },
  {
    "_id": "58c6aaa9d084d5167a04b03d",
    "_parentId": "58c6aaa9d084d5167a04afef",
    "_type": "block",
    "_isAvailable": true,
    "_isOptional": false,
    "_trackingId": 113,
    "_classes": "color-four",
    "body": "",
    "displayTitle": " ",
    "title": " "
  },
  {
    "_id": "58c6aaa9d084d5167a04b03f",
    "_parentId": "58c6aaa9d084d5167a04aff1",
    "_type": "block",
    "_isAvailable": true,
    "_isOptional": false,
    "_trackingId": 114,
    "_classes": "colour-one",
    "body": "",
    "displayTitle": " ",
    "title": " "
  },
  {
    "_id": "58c6aaa9d084d5167a04b055",
    "_parentId": "58c6aaa9d084d5167a04affa",
    "_type": "block",
    "_isAvailable": true,
    "_isOptional": false,
    "_trackingId": 115,
    "_classes": "color-four",
    "body": "",
    "displayTitle": " ",
    "title": " "
  },
  {
    "_id": "58c6aaa9d084d5167a04b05c",
    "_parentId": "58c6aaa9d084d5167a04affc",
    "_type": "block",
    "_isAvailable": true,
    "_isOptional": false,
    "_trackingId": 116,
    "_classes": "",
    "body": "",
    "displayTitle": " ",
    "title": " "
  },
  {
    "_id": "58c6aaa9d084d5167a04b064",
    "_parentId": "58c6aaa9d084d5167a04affe",
    "_type": "block",
    "_isAvailable": true,
    "_isOptional": false,
    "_trackingId": 117,
    "_classes": "",
    "body": "",
    "displayTitle": " ",
    "title": " "
  },
  {
    "_id": "58c6aaa9d084d5167a04b06c",
    "_parentId": "58c6aaa9d084d5167a04afe5",
    "_type": "block",
    "_isAvailable": true,
    "_isOptional": false,
    "_trackingId": 118,
    "_classes": "color-five",
    "body": "",
    "displayTitle": " ",
    "title": " "
  },
  {
    "_id": "58c6aaa9d084d5167a04b074",
    "_parentId": "58c6aaa9d084d5167a04b001",
    "_type": "block",
    "_isAvailable": true,
    "_isOptional": false,
    "_trackingId": 119,
    "_classes": "color-four",
    "body": "",
    "displayTitle": " ",
    "title": " "
  },
  {
    "_id": "58c6aaaad084d5167a04b07d",
    "_parentId": "58c6aaa9d084d5167a04b003",
    "_type": "block",
    "_isAvailable": true,
    "_isOptional": false,
    "_trackingId": 120,
    "_classes": "",
    "body": "",
    "displayTitle": " ",
    "title": " "
  },
  {
    "_id": "58c6aaa9d084d5167a04b00f",
    "_parentId": "58c6aaa9d084d5167a04afe0",
    "_type": "block",
    "_isAvailable": true,
    "_isOptional": false,
    "_trackingId": 121,
    "_classes": "color-five",
    "body": "",
    "displayTitle": " ",
    "title": " "
  },
  {
    "_id": "58c6aaa9d084d5167a04b047",
    "_parentId": "58c6aaa9d084d5167a04aff6",
    "_type": "block",
    "_isAvailable": true,
    "_isOptional": false,
    "_trackingId": 122,
    "_classes": "color-seven",
    "body": "",
    "displayTitle": " ",
    "title": " "
  },
  {
    "_id": "58c6aaa9d084d5167a04b008",
    "_parentId": "58c6aaa9d084d5167a04afe0",
    "_type": "block",
    "_isAvailable": true,
    "_isOptional": false,
    "_trackingId": 123,
    "_classes": "inverted color-five",
    "body": "",
    "displayTitle": " ",
    "title": " "
  },
  {
    "_id": "58c6aaa9d084d5167a04b035",
    "_parentId": "58c6aaa9d084d5167a04afe3",
    "_type": "block",
    "_isAvailable": true,
    "_isOptional": false,
    "_trackingId": 124,
    "_classes": "inverted color-five",
    "body": "",
    "displayTitle": " ",
    "title": " "
  },
  {
    "_id": "58c6aaa9d084d5167a04b048",
    "_parentId": "58c6aaa9d084d5167a04aff6",
    "_type": "block",
    "_isAvailable": true,
    "_isOptional": false,
    "_trackingId": 125,
    "_classes": "inverted color-seven",
    "body": "",
    "displayTitle": " ",
    "title": " "
  },
  {
    "_id": "58c6aaaad084d5167a04b07e",
    "_parentId": "58c6aaa9d084d5167a04b003",
    "_type": "block",
    "_isAvailable": true,
    "_isOptional": false,
    "_trackingId": 126,
    "_classes": "inverted color-one",
    "body": "",
    "displayTitle": " ",
    "title": " "
  },
  {
    "_id": "58c6aaa9d084d5167a04b04d",
    "_parentId": "58c6aaa9d084d5167a04aff8",
    "_type": "block",
    "_isAvailable": true,
    "_isOptional": false,
    "_trackingId": 127,
    "_classes": "inverted color-two",
    "body": "",
    "displayTitle": " ",
    "title": " "
  },
  {
    "_id": "58c6aaa9d084d5167a04b056",
    "_parentId": "58c6aaa9d084d5167a04affa",
    "_type": "block",
    "_isAvailable": true,
    "_isOptional": false,
    "_trackingId": 128,
    "_classes": "inverted color-six section-banner",
    "body": "",
    "displayTitle": " ",
    "title": " "
  },
  {
    "_id": "58c6aaa9d084d5167a04b05d",
    "_parentId": "58c6aaa9d084d5167a04affc",
    "_type": "block",
    "_isAvailable": true,
    "_isOptional": false,
    "_trackingId": 129,
    "_classes": "inverted color-one",
    "body": "",
    "displayTitle": " ",
    "title": " "
  },
  {
    "_id": "58c6aaa9d084d5167a04b065",
    "_parentId": "58c6aaa9d084d5167a04affe",
    "_type": "block",
    "_isAvailable": true,
    "_isOptional": false,
    "_trackingId": 130,
    "_classes": "inverted color-seven",
    "body": "",
    "displayTitle": " ",
    "title": " "
  },
  {
    "_id": "58c6aaa9d084d5167a04b06d",
    "_parentId": "58c6aaa9d084d5167a04afe5",
    "_type": "block",
    "_isAvailable": true,
    "_isOptional": false,
    "_trackingId": 131,
    "_classes": "inverted color-five",
    "body": "",
    "displayTitle": " ",
    "title": " "
  },
  {
    "_id": "58c6aaaad084d5167a04b075",
    "_parentId": "58c6aaa9d084d5167a04b001",
    "_type": "block",
    "_isAvailable": true,
    "_isOptional": false,
    "_trackingId": 132,
    "_classes": "inverted color-four",
    "body": "",
    "displayTitle": " ",
    "title": " "
  },
  {
    "_id": "58c6aaaad084d5167a04b085",
    "_parentId": "58c6aaa9d084d5167a04b005",
    "_type": "block",
    "_isAvailable": true,
    "_isOptional": false,
    "_trackingId": 133,
    "_classes": "inverted color-seven",
    "body": "",
    "displayTitle": " ",
    "title": " "
  },
  {
    "_id": "58c6aaaad084d5167a04b08b",
    "_parentId": "58c6aaa9d084d5167a04afef",
    "_type": "block",
    "_isAvailable": true,
    "_isOptional": false,
    "_trackingId": 134,
    "_classes": "inverted color-four",
    "body": "",
    "displayTitle": " ",
    "title": " "
  },
  {
    "_id": "58c6c068d084d5167a04b308",
    "_parentId": "58c6aaa9d084d5167a04aff1",
    "_type": "block",
    "_isAvailable": true,
    "_isOptional": false,
    "_trackingId": 135,
    "_classes": "inverted color-one",
    "body": "",
    "displayTitle": " ",
    "title": " "
  },
  {
    "_id": "58c6aaa9d084d5167a04b036",
    "_parentId": "58c6aaa9d084d5167a04afe3",
    "_type": "block",
    "_isAvailable": true,
    "_isOptional": false,
    "_trackingId": 136,
    "_classes": "",
    "body": "",
    "displayTitle": " ",
    "title": " "
  },
  {
    "_id": "58c6aaa9d084d5167a04b03e",
    "_parentId": "58c6aaa9d084d5167a04afef",
    "_type": "block",
    "_isAvailable": true,
    "_isOptional": false,
    "_trackingId": 137,
    "_classes": "",
    "body": "",
    "displayTitle": " ",
    "title": " "
  },
  {
    "_id": "58c6aaaad084d5167a04b086",
    "_parentId": "58c6aaa9d084d5167a04b005",
    "_type": "block",
    "_isAvailable": true,
    "_isOptional": false,
    "_trackingId": 138,
    "_classes": "",
    "body": "",
    "displayTitle": " ",
    "title": " "
  },
  {
    "_id": "58c6aaa9d084d5167a04b04e",
    "_parentId": "58c6aaa9d084d5167a04aff8",
    "_type": "block",
    "_isAvailable": true,
    "_isOptional": false,
    "_trackingId": 139,
    "_classes": "color-two",
    "body": "",
    "displayTitle": " ",
    "title": " "
  },
  {
    "_id": "58c6aaa9d084d5167a04b010",
    "_parentId": "58c6aaa9d084d5167a04afe0",
    "_type": "block",
    "_isAvailable": true,
    "_isOptional": false,
    "_trackingId": 140,
    "_classes": "section-banner",
    "body": "",
    "displayTitle": " ",
    "title": " "
  },
  {
    "_id": "58c6aaa9d084d5167a04b040",
    "_parentId": "58c6aaa9d084d5167a04aff1",
    "_type": "block",
    "_isAvailable": true,
    "_isOptional": false,
    "_trackingId": 141,
    "_classes": "color-one",
    "body": "",
    "displayTitle": " ",
    "title": " "
  },
  {
    "_id": "58c6aaa9d084d5167a04b05e",
    "_parentId": "58c6aaa9d084d5167a04affc",
    "_type": "block",
    "_isAvailable": true,
    "_isOptional": false,
    "_trackingId": 142,
    "_classes": "",
    "body": "",
    "displayTitle": " ",
    "title": " "
  },
  {
    "_id": "58c6aaa9d084d5167a04b066",
    "_parentId": "58c6aaa9d084d5167a04affe",
    "_type": "block",
    "_isAvailable": true,
    "_isOptional": false,
    "_trackingId": 143,
    "_classes": "",
    "body": "",
    "displayTitle": " ",
    "title": " "
  },
  {
    "_id": "58c6aaa9d084d5167a04b06e",
    "_parentId": "58c6aaa9d084d5167a04afe5",
    "_type": "block",
    "_isAvailable": true,
    "_isOptional": false,
    "_trackingId": 144,
    "_classes": "",
    "body": "",
    "displayTitle": " ",
    "title": " "
  },
  {
    "_id": "58c6aaaad084d5167a04b076",
    "_parentId": "58c6aaa9d084d5167a04b001",
    "_type": "block",
    "_isAvailable": true,
    "_isOptional": false,
    "_trackingId": 145,
    "_classes": "",
    "body": "",
    "displayTitle": " ",
    "title": " "
  },
  {
    "_id": "58c6aaaad084d5167a04b098",
    "_parentId": "58c6aaa9d084d5167a04aff6",
    "_type": "block",
    "_isAvailable": true,
    "_isOptional": false,
    "_trackingId": 146,
    "_classes": "color-four",
    "body": "",
    "displayTitle": " ",
    "title": " "
  },
  {
    "_id": "58c6aaa9d084d5167a04b041",
    "_parentId": "58c6aaa9d084d5167a04aff1",
    "_type": "block",
    "_isAvailable": true,
    "_isOptional": false,
    "_trackingId": 147,
    "_classes": "section-banner inverted color-six",
    "body": "",
    "displayTitle": " ",
    "title": " "
  },
  {
    "_id": "58c6aaa9d084d5167a04b04a",
    "_parentId": "58c6aaa9d084d5167a04aff8",
    "_type": "block",
    "_isAvailable": true,
    "_isOptional": false,
    "_trackingId": 148,
    "_classes": "inverted color-two",
    "body": "",
    "displayTitle": " ",
    "title": " "
  },
  {
    "_id": "58c6aaaad084d5167a04b077",
    "_parentId": "58c6aaa9d084d5167a04b001",
    "_type": "block",
    "_isAvailable": true,
    "_isOptional": false,
    "_trackingId": 149,
    "_classes": "inverted color-six section-banner",
    "body": "",
    "displayTitle": " ",
    "title": " "
  },
  {
    "_id": "58c6aaa9d084d5167a04b04f",
    "_parentId": "58c6aaa9d084d5167a04aff8",
    "_type": "block",
    "_isAvailable": true,
    "_isOptional": false,
    "_trackingId": 150,
    "_classes": "",
    "body": "",
    "displayTitle": " ",
    "title": " "
  }
]