[
  {
    "_graphic": {
      "alt": "",
      "src": "course/en/assets/94164aeed2f6885fcdf44f9fe5484855c5238353.jpg"
    },
    "_id": "58c6aaa9d084d5167a04afd3",
    "_parentId": "course",
    "_type": "page",
    "_isAvailable": true,
    "_isOptional": false,
    "_lockedBy": [],
    "duration": "",
    "linkText": "View",
    "_classes": "color-one",
    "body": "<p>Open data is data that anyone can access, use and share.</p><p>In this module we will explore the meaning behind open data and how open data helps to bring diverse benefits to governments, businesses and civil society.</p>",
    "displayTitle": "What is open data?",
    "title": "What is open data?",
    "_skillsFramework": {
      "_skills": [
        {
          "level": "explorer",
          "credits": 5,
          "outcome": "Define open data"
        },
        {
          "level": "explorer",
          "credits": 5,
          "outcome": "Explain the need for open data"
        }
      ]
    },
    "_trackingHub": {
      "_pageID": "ODI_1"
    },
    "_pageLevelProgress": {
      "_isEnabled": true,
      "_showPageCompletion": true
    }
  },
  {
    "_graphic": {
      "alt": "",
      "src": "course/en/assets/1fc73255e55ba04b56c12fcf0dda29d60db46b4d.jpg"
    },
    "_id": "58c6aaa9d084d5167a04afd2",
    "_parentId": "course",
    "_type": "page",
    "_isAvailable": true,
    "_isOptional": false,
    "_lockedBy": [],
    "duration": "",
    "linkText": "View",
    "_classes": "colour-one",
    "body": "<p>Open data has the potential to help grow economies, transform societies and protect the environment.</p><p>In this module, we explore how governments, businesses and individuals are using open data to create new value.</p>",
    "displayTitle": "Unlocking value from open data",
    "title": "Unlocking value from open data",
    "_skillsFramework": {
      "_skills": [
        {
          "level": "explorer",
          "credits": 5,
          "outcome": "Describe the benefits of working with open data"
        },
        {
          "level": "explorer",
          "credits": 5,
          "outcome": "Describe successful case studies of using and publishing open data"
        }
      ]
    },
    "_trackingHub": {
      "_pageID": "ODI_2"
    },
    "_pageLevelProgress": {
      "_isEnabled": true,
      "_showPageCompletion": true
    }
  },
  {
    "_graphic": {
      "alt": "",
      "src": "course/en/assets/a699447adb040b8b78c36f46d46356ba124debf3.png"
    },
    "_id": "58c6aaa9d084d5167a04afd9",
    "_parentId": "course",
    "_type": "page",
    "_isAvailable": true,
    "_isOptional": false,
    "_lockedBy": [],
    "duration": "",
    "linkText": "View",
    "_classes": "color-one",
    "body": "<p>Understanding successful approaches can help unlock the value of open data.</p><p>This module explores the benefits of&nbsp;active leadership and engagement&nbsp;and&nbsp;how to implement&nbsp;culture change.&nbsp;</p><p>&nbsp;</p>",
    "displayTitle": "Open data: agent of change",
    "title": "Open data: agent of change",
    "_skillsFramework": {
      "_skills": [
        {
          "level": "explorer",
          "credits": 5,
          "outcome": "Describe the importance of organisational change to an open data iniative"
        },
        {
          "level": "explorer",
          "credits": 5,
          "outcome": "Define key aspects of open data leadership"
        }
      ]
    },
    "_trackingHub": {
      "_pageID": "ODI_3"
    },
    "_pageLevelProgress": {
      "_isEnabled": true,
      "_showPageCompletion": true
    }
  },
  {
    "_graphic": {
      "alt": "",
      "src": "course/en/assets/1680b7a53f513d6f310f30526da1991df11850a5.jpg"
    },
    "_id": "58c6aaa9d084d5167a04afda",
    "_parentId": "course",
    "_type": "page",
    "_isAvailable": true,
    "_isOptional": false,
    "_lockedBy": [],
    "duration": "",
    "linkText": "View",
    "_classes": "",
    "body": "<p>In order for data to be open, it should be accessible and licensed for anyone to access, use and share.</p><p>This module will discuss the which&nbsp;types of licenses can unlock the value of open data and how to provide for open data licensing in the tender, procurement and contracting lifecycle.&nbsp;</p>",
    "displayTitle": "Why do we need to license?",
    "title": "Why do we need to license?",
    "_skillsFramework": {
      "_skills": [
        {
          "level": "explorer",
          "credits": 5,
          "outcome": "Describe how copyright and licensing relate to open data"
        },
        {
          "level": "explorer",
          "credits": 5,
          "outcome": "Identify instances of open licenses and effective application"
        }
      ]
    },
    "_trackingHub": {
      "_pageID": "ODI_4"
    },
    "_pageLevelProgress": {
      "_isEnabled": true,
      "_showPageCompletion": true
    }
  },
  {
    "_graphic": {
      "alt": "",
      "src": "course/en/assets/b0a1356f5ad57eff61e6a22b69a2e1b6d9773220.jpg"
    },
    "_id": "58c6aaa9d084d5167a04afd8",
    "_parentId": "course",
    "_type": "page",
    "_isAvailable": true,
    "_isOptional": false,
    "_lockedBy": [],
    "duration": "",
    "linkText": "View",
    "_classes": "",
    "body": "<p>There are a number of community-based standards and quality marques that can help you assess how usable data is.</p><p>In this module we will explore what makes data usable and how standards help increase the usability of data.&nbsp;</p>",
    "displayTitle": "What makes quality open data",
    "title": "What makes quality open data",
    "_skillsFramework": {
      "_skills": [
        {
          "level": "explorer",
          "credits": 5,
          "outcome": "Define the benefits of quality open data"
        },
        {
          "level": "explorer",
          "credits": 5,
          "outcome": "Describe two guidelines for open data quality"
        }
      ]
    },
    "_trackingHub": {
      "_pageID": "ODI_5"
    },
    "_pageLevelProgress": {
      "_isEnabled": true,
      "_showPageCompletion": true
    }
  },
  {
    "_graphic": {
      "alt": "",
      "src": "course/en/assets/f0610341fe3a938c2e52a3481600858a4c5b5273.jpg"
    },
    "_id": "58c6aaa9d084d5167a04afd4",
    "_parentId": "course",
    "_type": "page",
    "_isAvailable": true,
    "_isOptional": false,
    "_lockedBy": [],
    "duration": "",
    "linkText": "View",
    "_classes": "",
    "body": "<p>Open data communities need to be built and success stories communicated. Together, these will help more people understand the benefits of open data.</p><p>In this module we will discuss the criteria for measuring success and the importance of being demand-focused.&nbsp;</p>",
    "displayTitle": "Measuring success for open data ",
    "title": "Measuring success for open data ",
    "_skillsFramework": {
      "_skills": [
        {
          "level": "strategist",
          "credits": 10,
          "outcome": "Evaluate the success of open data projects and communities"
        }
      ]
    },
    "_trackingHub": {
      "_pageID": "ODI_6"
    },
    "_pageLevelProgress": {
      "_isEnabled": true,
      "_showPageCompletion": true
    }
  },
  {
    "_graphic": {
      "alt": "",
      "src": "course/en/assets/4c2b01ae0adef53b38affc904b2955a52b07e2ce.jpg"
    },
    "_id": "58c6aaa9d084d5167a04afd5",
    "_parentId": "course",
    "_type": "page",
    "_isAvailable": true,
    "_isOptional": false,
    "_lockedBy": [],
    "duration": "",
    "linkText": "View",
    "_classes": "",
    "body": "<p>Open data must be relevant, up-to-date and accessible in order to be useful.</p><p>In this module we will explore&nbsp;how to make sense of sustainability, why this matters to you and what to look for in sustainable open datasets.&nbsp;</p>",
    "displayTitle": "Why should we worry about sustainability?",
    "title": "Why should we worry about sustainability?",
    "_skillsFramework": {
      "_skills": [
        {
          "level": "strategist",
          "credits": 5,
          "outcome": "Describe key success factors for open data sustainability"
        },
        {
          "level": "strategist",
          "credits": 10,
          "outcome": "Evaluate sustainability for an open dataset"
        }
      ]
    },
    "_trackingHub": {
      "_pageID": "ODI_7"
    },
    "_pageLevelProgress": {
      "_isEnabled": true,
      "_showPageCompletion": true
    }
  },
  {
    "_graphic": {
      "alt": "",
      "src": "course/en/assets/1497c2f21a066474c61b08652c841ee6768bfea3.jpg"
    },
    "_id": "58c6aaa9d084d5167a04afd6",
    "_parentId": "course",
    "_type": "page",
    "_isAvailable": true,
    "_isOptional": false,
    "_lockedBy": [],
    "duration": "",
    "linkText": "View",
    "_classes": "",
    "body": "<p>A platform is a major piece of software on which smaller pieces of software and content can be run.&nbsp;</p><p>In this module we will recognise, evaluate and understand the importance of&nbsp;open data platforms.&nbsp;</p>",
    "displayTitle": "Getting to grips with platforms",
    "title": "Getting to grips with platforms",
    "_skillsFramework": {
      "_skills": [
        {
          "level": "practitioner",
          "credits": 5,
          "outcome": "List a number of open data platforms to explore data"
        },
        {
          "level": "practitioner",
          "credits": 10,
          "outcome": "Examine the benefits and drawbacks of publishing data on different open data platforms"
        }
      ]
    },
    "_trackingHub": {
      "_pageID": "ODI_8"
    },
    "_pageLevelProgress": {
      "_isEnabled": true,
      "_showPageCompletion": true
    }
  },
  {
    "_graphic": {
      "alt": "",
      "src": "course/en/assets/3870d2023395291d5f1bd5c0837f8178067fd665.jpg"
    },
    "_id": "58c6aaa9d084d5167a04afd7",
    "_parentId": "course",
    "_type": "page",
    "_isAvailable": true,
    "_isOptional": false,
    "_lockedBy": [],
    "duration": "",
    "linkText": "View",
    "_classes": "",
    "body": "<p>The &#39;format&#39; of an open dataset refers to the way in which the data is structured and made available for humans and machines.Choosing the right format helps ensure the data can by simply managed and reused.&nbsp;</p><p>In the module we will explore why formats matter and access different open data formats.</p>",
    "displayTitle": "Choosing the right format for open data",
    "title": "Choosing the right format for open data",
    "_skillsFramework": {
      "_skills": [
        {
          "level": "practitioner",
          "credits": 10,
          "outcome": "Identify characteristics of different data formats"
        },
        {
          "level": "practitioner",
          "credits": 5,
          "outcome": "List criteria for choosing the right data format"
        }
      ]
    },
    "_trackingHub": {
      "_pageID": "ODI_9"
    },
    "_pageLevelProgress": {
      "_isEnabled": true,
      "_showPageCompletion": true
    }
  },
  {
    "_graphic": {
      "alt": "",
      "src": "course/en/assets/fc2d8d76d6b6a31465bd431007605579174b6e34.jpg"
    },
    "_id": "58c6aaa9d084d5167a04afdb",
    "_parentId": "course",
    "_type": "page",
    "_isAvailable": true,
    "_isOptional": false,
    "_lockedBy": [],
    "duration": "",
    "linkText": "View",
    "_classes": "",
    "body": "<p>Assessing how useful open data is can vary depending on the domain and the content.&nbsp;</p><p>In this module we look at the 5 Stars of linked open data and discover how this can be used to measure the technical usability of data.</p>",
    "displayTitle": "How useful is my data?",
    "title": "How useful is my data?",
    "_skillsFramework": {
      "_skills": [
        {
          "level": "strategist",
          "credits": 5,
          "outcome": "List the first three stars of open data"
        },
        {
          "level": "strategist",
          "credits": 10,
          "outcome": "Understand how to apply the first three stars to a dataset"
        }
      ]
    },
    "_trackingHub": {
      "_pageID": "ODI_10"
    },
    "_pageLevelProgress": {
      "_isEnabled": true,
      "_showPageCompletion": true
    }
  },
  {
    "_graphic": {
      "alt": "",
      "src": "course/en/assets/33486d36922cc44d7b5832d0c3a21bc1722f88af.jpg"
    },
    "_id": "58c6aaa9d084d5167a04afdc",
    "_parentId": "course",
    "_type": "page",
    "_isAvailable": true,
    "_isOptional": false,
    "_lockedBy": [],
    "duration": "",
    "linkText": "View",
    "_classes": "",
    "body": "<p>Data containing errors leads to stories containing errors. Before any analysis can take place, a data scientist needs to be able to identify and remove them from data.</p><p>This module looks at common errors and useful tools to remove them.</p>",
    "displayTitle": "How to clean your data",
    "title": "How to clean your data",
    "_skillsFramework": {
      "_skills": [
        {
          "level": "practitioner",
          "credits": 10,
          "outcome": "Clean a dataset"
        },
        {
          "level": "practitioner",
          "credits": 5,
          "outcome": "Validate data to assess usability"
        }
      ]
    },
    "_trackingHub": {
      "_pageID": "ODI_11"
    },
    "_pageLevelProgress": {
      "_isEnabled": true,
      "_showPageCompletion": true
    }
  },
  {
    "_graphic": {
      "alt": "",
      "src": "course/en/assets/52eb40b636463e780cd9ec9f63f3f19467c819d8.jpg"
    },
    "_id": "58c6aaa9d084d5167a04afdd",
    "_parentId": "course",
    "_type": "page",
    "_isAvailable": true,
    "_isOptional": false,
    "_lockedBy": [],
    "duration": "",
    "linkText": "View",
    "_classes": "",
    "body": "<p>&lsquo;Open data&rsquo; does not only mean datasets available to download. The majority of data available on the Web is hidden from the human eye.</p><p>In this module we will explore what benefits hidden data can provide and how to locate and obtain hidden data.</p>",
    "displayTitle": "Finding hidden data on the Web",
    "title": "Finding hidden data on the Web",
    "_skillsFramework": {
      "_skills": [
        {
          "level": "practitioner",
          "credits": 5,
          "outcome": "Identify a number of data sources on the web"
        },
        {
          "level": "practitioner",
          "credits": 10,
          "outcome": "Unlock data that is hidden in the web"
        }
      ]
    },
    "_trackingHub": {
      "_pageID": "ODI_12"
    },
    "_pageLevelProgress": {
      "_isEnabled": true,
      "_showPageCompletion": true
    }
  },
  {
    "_graphic": {
      "alt": "",
      "src": "course/en/assets/bf6698b3ed0b1afeedcf3a4a1bfbc046d987c154.jpg"
    },
    "_id": "58c6aaa9d084d5167a04afde",
    "_parentId": "course",
    "_type": "page",
    "_isAvailable": true,
    "_isOptional": false,
    "_lockedBy": [],
    "duration": "",
    "linkText": "View",
    "_classes": "",
    "body": "<p>Imagine you only had the raw data, all open, all usable and all linked together in a network or &#39;web&#39; of data.</p><p>In this module, we explore&nbsp;the web of open linked data and look&nbsp;at how the 5 Stars of linked open data provides a roadmap for achieving this vision.</p>",
    "displayTitle": "Linking up the web of data",
    "title": "Linking up the web of data",
    "_skillsFramework": {
      "_skills": [
        {
          "level": "strategist",
          "credits": 10,
          "outcome": "Describe the importance of persistent identifiers for data"
        },
        {
          "level": "strategist",
          "credits": 5,
          "outcome": "Define linked open data"
        }
      ]
    },
    "_trackingHub": {
      "_pageID": "ODI_13"
    },
    "_pageLevelProgress": {
      "_isEnabled": true,
      "_showPageCompletion": true
    }
  }
]