[
  {
    "_id": "5940f4efd084d5167a04fb37",
    "_graphic": {
      "alt": "",
      "src": "course/en/assets/94164aeed2f6885fcdf44f9fe5484855c5238353.jpg"
    },
    "_parentId": "course",
    "_type": "page",
    "_isAvailable": true,
    "_isOptional": false,
    "_lockedBy": [],
    "duration": "",
    "linkText": "View",
    "_classes": "",
    "body": "",
    "displayTitle": "Mobilisation pour l'open data",
    "title": "Mobilisation pour l'open data",
    "_skillsFramework": {
      "_skills": [
        {
          "outcome": "Structure the perfect pitch",
          "credits": 5,
          "level": "pioneer"
        },
        {
          "outcome": "Identify different audiences for your pitch",
          "credits": 5,
          "level": "pioneer"
        },
        {
          "outcome": "Tailor your pitch to different audiences",
          "credits": 5,
          "level": "pioneer"
        }
      ]
    },
    "_pageLevelProgress": {
      "_isEnabled": true,
      "_showPageCompletion": true
    }
  }
]