[
  {
    "_id": "5889e0bdb61c46e176e7e879",
    "_parentId": "5889d951b61c46e176e7e857",
    "_type": "article",
    "_isAvailable": true,
    "_isOptional": false,
    "_classes": "",
    "body": "",
    "displayTitle": " ",
    "title": " "
  },
  {
    "_id": "5886263fb61c46e176e7e654",
    "_parentId": "5886263fb61c46e176e7e653",
    "_type": "article",
    "_isAvailable": true,
    "_isOptional": false,
    "_classes": "",
    "body": "",
    "displayTitle": " ",
    "title": " "
  },
  {
    "_id": "588a2d9bb61c46e176e7e914",
    "_parentId": "588a2d9ab61c46e176e7e913",
    "_type": "article",
    "_isAvailable": true,
    "_isOptional": false,
    "_classes": "",
    "body": "",
    "displayTitle": " ",
    "title": " "
  },
  {
    "_id": "588f2e4fb61c46e176e7ea70",
    "_parentId": "588f2e4fb61c46e176e7ea6f",
    "_type": "article",
    "_isAvailable": true,
    "_isOptional": false,
    "_classes": "",
    "body": "",
    "displayTitle": " ",
    "title": " "
  },
  {
    "_id": "589485f2fda9f5660ad841f3",
    "_parentId": "589485f2fda9f5660ad841f2",
    "_type": "article",
    "_isAvailable": true,
    "_isOptional": false,
    "_classes": "",
    "body": "",
    "displayTitle": " ",
    "title": " "
  },
  {
    "_id": "589495a8fda9f5660ad84243",
    "_parentId": "589495a8fda9f5660ad84242",
    "_type": "article",
    "_isAvailable": true,
    "_isOptional": false,
    "_classes": "",
    "body": "",
    "displayTitle": " ",
    "title": " "
  },
  {
    "_id": "5889e11ab61c46e176e7e882",
    "_parentId": "5889e11ab61c46e176e7e881",
    "_type": "article",
    "_isAvailable": true,
    "_isOptional": false,
    "_classes": "",
    "body": "",
    "displayTitle": " ",
    "title": " "
  },
  {
    "_id": "588f3feeb61c46e176e7eaaa",
    "_type": "article",
    "_parentId": "588f3feeb61c46e176e7eaa9",
    "_isAvailable": true,
    "_isOptional": false,
    "_classes": "",
    "body": "",
    "displayTitle": "Article title",
    "title": "Article title"
  },
  {
    "_id": "588f5556b61c46e176e7eae7",
    "_type": "article",
    "_parentId": "588f5556b61c46e176e7eae6",
    "_isAvailable": true,
    "_isOptional": false,
    "_classes": "",
    "body": "",
    "displayTitle": "Article title",
    "title": "Article title"
  },
  {
    "_id": "58905843b61c46e176e7eb2b",
    "_type": "article",
    "_parentId": "58905843b61c46e176e7eb2a",
    "_isAvailable": true,
    "_isOptional": false,
    "_classes": "",
    "body": "",
    "displayTitle": "Article title",
    "title": "Article title"
  },
  {
    "_id": "589068f1b61c46e176e7eb68",
    "_parentId": "589068f1b61c46e176e7eb67",
    "_type": "article",
    "_isAvailable": true,
    "_isOptional": false,
    "_classes": "",
    "body": "",
    "displayTitle": " ",
    "title": " "
  },
  {
    "_id": "5891cdfbb61c46e176e7f034",
    "_parentId": "5891cdfbb61c46e176e7f033",
    "_type": "article",
    "_isAvailable": true,
    "_isOptional": false,
    "_classes": "",
    "body": "",
    "displayTitle": " ",
    "title": " "
  },
  {
    "_id": "589215ccb61c46e176e7f093",
    "_parentId": "589215ccb61c46e176e7f092",
    "_type": "article",
    "_isAvailable": true,
    "_isOptional": false,
    "_classes": "",
    "body": "",
    "displayTitle": " ",
    "title": " "
  }
]