[
  {
    "_id": "589495a8fda9f5660ad84244",
    "_parentId": "589495a8fda9f5660ad84243",
    "_type": "block",
    "_isAvailable": true,
    "_isOptional": false,
    "_trackingId": 1,
    "_classes": "",
    "body": "",
    "displayTitle": "",
    "title": " "
  },
  {
    "_id": "5886263fb61c46e176e7e655",
    "_parentId": "5886263fb61c46e176e7e654",
    "_type": "block",
    "_isAvailable": true,
    "_isOptional": false,
    "_trackingId": 2,
    "_classes": "",
    "body": "",
    "displayTitle": "",
    "title": " "
  },
  {
    "_id": "5889e0bdb61c46e176e7e87a",
    "_parentId": "5889e0bdb61c46e176e7e879",
    "_type": "block",
    "_isAvailable": true,
    "_isOptional": false,
    "_trackingId": 3,
    "_classes": "",
    "body": "",
    "displayTitle": " ",
    "title": " "
  },
  {
    "_id": "5889e207b61c46e176e7e888",
    "_parentId": "5889e11ab61c46e176e7e882",
    "_type": "block",
    "_isAvailable": true,
    "_isOptional": false,
    "_trackingId": 4,
    "_classes": "",
    "body": "",
    "displayTitle": " ",
    "title": " "
  },
  {
    "_id": "588a2d9bb61c46e176e7e915",
    "_parentId": "588a2d9bb61c46e176e7e914",
    "_type": "block",
    "_isAvailable": true,
    "_isOptional": false,
    "_trackingId": 5,
    "_classes": "",
    "body": "",
    "displayTitle": "",
    "title": " "
  },
  {
    "_id": "588f2e4fb61c46e176e7ea71",
    "_parentId": "588f2e4fb61c46e176e7ea70",
    "_type": "block",
    "_isAvailable": true,
    "_isOptional": false,
    "_trackingId": 6,
    "_classes": "",
    "body": "",
    "displayTitle": "",
    "title": " "
  },
  {
    "_id": "588f3feeb61c46e176e7eaab",
    "_parentId": "588f3feeb61c46e176e7eaaa",
    "_type": "block",
    "_isAvailable": true,
    "_isOptional": false,
    "_trackingId": 7,
    "_classes": "",
    "body": "",
    "displayTitle": "",
    "title": " "
  },
  {
    "_id": "588f5556b61c46e176e7eae8",
    "_parentId": "588f5556b61c46e176e7eae7",
    "_type": "block",
    "_isAvailable": true,
    "_isOptional": false,
    "_trackingId": 8,
    "_classes": "",
    "body": "",
    "displayTitle": "",
    "title": " "
  },
  {
    "_id": "58905843b61c46e176e7eb2c",
    "_parentId": "58905843b61c46e176e7eb2b",
    "_type": "block",
    "_isAvailable": true,
    "_isOptional": false,
    "_trackingId": 9,
    "_classes": "",
    "body": "",
    "displayTitle": "",
    "title": " "
  },
  {
    "_id": "589068f1b61c46e176e7eb69",
    "_parentId": "589068f1b61c46e176e7eb68",
    "_type": "block",
    "_isAvailable": true,
    "_isOptional": false,
    "_trackingId": 10,
    "_classes": "",
    "body": "",
    "displayTitle": "",
    "title": " "
  },
  {
    "_id": "5891cdfbb61c46e176e7f035",
    "_parentId": "5891cdfbb61c46e176e7f034",
    "_type": "block",
    "_isAvailable": true,
    "_isOptional": false,
    "_trackingId": 11,
    "_classes": "",
    "body": "",
    "displayTitle": "",
    "title": " "
  },
  {
    "_id": "589215cdb61c46e176e7f094",
    "_parentId": "589215ccb61c46e176e7f093",
    "_type": "block",
    "_isAvailable": true,
    "_isOptional": false,
    "_trackingId": 12,
    "_classes": "",
    "body": "",
    "displayTitle": "",
    "title": " "
  },
  {
    "_id": "589485f2fda9f5660ad841f4",
    "_parentId": "589485f2fda9f5660ad841f3",
    "_type": "block",
    "_isAvailable": true,
    "_isOptional": false,
    "_trackingId": 13,
    "_classes": "",
    "body": "",
    "displayTitle": "",
    "title": " "
  },
  {
    "_id": "5894961ffda9f5660ad84249",
    "_parentId": "589495a8fda9f5660ad84243",
    "_type": "block",
    "_isAvailable": true,
    "_isOptional": false,
    "_trackingId": 14,
    "_classes": "inverted color-five",
    "body": "",
    "displayTitle": " ",
    "title": " "
  },
  {
    "_id": "588627f8b61c46e176e7e65a",
    "_parentId": "5886263fb61c46e176e7e654",
    "_type": "block",
    "_isAvailable": true,
    "_isOptional": false,
    "_trackingId": 15,
    "_classes": "inverted color-five",
    "body": "",
    "displayTitle": " ",
    "title": " "
  },
  {
    "_id": "5889e156b61c46e176e7e884",
    "_parentId": "5889e11ab61c46e176e7e882",
    "_type": "block",
    "_isAvailable": true,
    "_isOptional": false,
    "_trackingId": 16,
    "_classes": "inverted color-nine",
    "body": "",
    "displayTitle": " ",
    "title": " "
  },
  {
    "_id": "5889eadbb61c46e176e7e895",
    "_parentId": "5889e0bdb61c46e176e7e879",
    "_type": "block",
    "_isAvailable": true,
    "_isOptional": false,
    "_trackingId": 17,
    "_classes": "inverted color-ten",
    "body": "",
    "displayTitle": " ",
    "title": " "
  },
  {
    "_id": "588a2ee1b61c46e176e7e91a",
    "_parentId": "588a2d9bb61c46e176e7e914",
    "_type": "block",
    "_isAvailable": true,
    "_isOptional": false,
    "_trackingId": 18,
    "_classes": "inverted color-one",
    "body": "",
    "displayTitle": " ",
    "title": " "
  },
  {
    "_id": "588f2fdab61c46e176e7ea76",
    "_parentId": "588f2e4fb61c46e176e7ea70",
    "_type": "block",
    "_isAvailable": true,
    "_isOptional": false,
    "_trackingId": 19,
    "_classes": "inverted color-ten",
    "body": "",
    "displayTitle": " ",
    "title": " "
  },
  {
    "_id": "588f4cd2b61c46e176e7eab1",
    "_parentId": "588f3feeb61c46e176e7eaaa",
    "_type": "block",
    "_isAvailable": true,
    "_isOptional": false,
    "_trackingId": 20,
    "_classes": "inverted color-ten",
    "body": "",
    "displayTitle": " ",
    "title": " "
  },
  {
    "_id": "588f55a6b61c46e176e7eaed",
    "_parentId": "588f5556b61c46e176e7eae7",
    "_type": "block",
    "_isAvailable": true,
    "_isOptional": false,
    "_trackingId": 21,
    "_classes": "inverted color-one",
    "body": "",
    "displayTitle": " ",
    "title": " "
  },
  {
    "_id": "589058a8b61c46e176e7eb34",
    "_parentId": "58905843b61c46e176e7eb2b",
    "_type": "block",
    "_isAvailable": true,
    "_isOptional": false,
    "_trackingId": 22,
    "_classes": "inverted color-five",
    "body": "",
    "displayTitle": " ",
    "title": " "
  },
  {
    "_id": "5890733cb61c46e176e7eb6e",
    "_parentId": "589068f1b61c46e176e7eb68",
    "_type": "block",
    "_isAvailable": true,
    "_isOptional": false,
    "_trackingId": 23,
    "_classes": "inverted color-one",
    "body": "",
    "displayTitle": " ",
    "title": " "
  },
  {
    "_id": "5891ce53b61c46e176e7f03a",
    "_parentId": "5891cdfbb61c46e176e7f034",
    "_type": "block",
    "_isAvailable": true,
    "_isOptional": false,
    "_trackingId": 24,
    "_classes": "inverted color-two",
    "body": "",
    "displayTitle": " ",
    "title": " "
  },
  {
    "_id": "589216a5b61c46e176e7f099",
    "_parentId": "589215ccb61c46e176e7f093",
    "_type": "block",
    "_isAvailable": true,
    "_isOptional": false,
    "_trackingId": 25,
    "_classes": "inverted color-five",
    "body": "",
    "displayTitle": " ",
    "title": " "
  },
  {
    "_id": "5894868cfda9f5660ad841f9",
    "_parentId": "589485f2fda9f5660ad841f3",
    "_type": "block",
    "_isAvailable": true,
    "_isOptional": false,
    "_trackingId": 26,
    "_classes": "inverted color-ten",
    "body": "",
    "displayTitle": " ",
    "title": " "
  },
  {
    "_id": "5889d8bbb61c46e176e7e853",
    "_parentId": "5886263fb61c46e176e7e654",
    "_type": "block",
    "_isAvailable": true,
    "_isOptional": false,
    "_trackingId": 27,
    "_classes": "",
    "body": "",
    "displayTitle": " ",
    "title": " "
  },
  {
    "_id": "5889e2d4b61c46e176e7e88d",
    "_parentId": "5889e11ab61c46e176e7e882",
    "_type": "block",
    "_isAvailable": true,
    "_isOptional": false,
    "_trackingId": 28,
    "_classes": "",
    "body": "",
    "displayTitle": " ",
    "title": " "
  },
  {
    "_id": "5889ff74b61c46e176e7e8a8",
    "_parentId": "5889e0bdb61c46e176e7e879",
    "_type": "block",
    "_isAvailable": true,
    "_isOptional": false,
    "_trackingId": 29,
    "_classes": "",
    "body": "",
    "displayTitle": " ",
    "title": " "
  },
  {
    "_id": "588a2f9bb61c46e176e7e91c",
    "_parentId": "588a2d9bb61c46e176e7e914",
    "_type": "block",
    "_isAvailable": true,
    "_isOptional": false,
    "_trackingId": 30,
    "_classes": "",
    "body": "",
    "displayTitle": " ",
    "title": " "
  },
  {
    "_id": "588f3357b61c46e176e7ea78",
    "_parentId": "588f2e4fb61c46e176e7ea70",
    "_type": "block",
    "_isAvailable": true,
    "_isOptional": false,
    "_trackingId": 31,
    "_classes": "",
    "body": "",
    "displayTitle": " ",
    "title": " "
  },
  {
    "_id": "588f4df0b61c46e176e7eab3",
    "_parentId": "588f3feeb61c46e176e7eaaa",
    "_type": "block",
    "_isAvailable": true,
    "_isOptional": false,
    "_trackingId": 32,
    "_classes": "",
    "body": "",
    "displayTitle": " ",
    "title": " "
  },
  {
    "_id": "588f68f6b61c46e176e7eaef",
    "_parentId": "588f5556b61c46e176e7eae7",
    "_type": "block",
    "_isAvailable": true,
    "_isOptional": false,
    "_trackingId": 33,
    "_classes": "",
    "body": "",
    "displayTitle": " ",
    "title": " "
  },
  {
    "_id": "58905902b61c46e176e7eb36",
    "_parentId": "58905843b61c46e176e7eb2b",
    "_type": "block",
    "_isAvailable": true,
    "_isOptional": false,
    "_trackingId": 34,
    "_classes": "",
    "body": "",
    "displayTitle": " ",
    "title": " "
  },
  {
    "_id": "589075ceb61c46e176e7eb70",
    "_parentId": "589068f1b61c46e176e7eb68",
    "_type": "block",
    "_isAvailable": true,
    "_isOptional": false,
    "_trackingId": 35,
    "_classes": "",
    "body": "",
    "displayTitle": " ",
    "title": " "
  },
  {
    "_id": "5891d096b61c46e176e7f03c",
    "_parentId": "5891cdfbb61c46e176e7f034",
    "_type": "block",
    "_isAvailable": true,
    "_isOptional": false,
    "_trackingId": 36,
    "_classes": "",
    "body": "",
    "displayTitle": " ",
    "title": " "
  },
  {
    "_id": "58933f84fda9f5660ad8419e",
    "_parentId": "589215ccb61c46e176e7f093",
    "_type": "block",
    "_isAvailable": true,
    "_isOptional": false,
    "_trackingId": 37,
    "_classes": "",
    "body": "",
    "displayTitle": " ",
    "title": " "
  },
  {
    "_id": "5894872cfda9f5660ad841fb",
    "_parentId": "589485f2fda9f5660ad841f3",
    "_type": "block",
    "_isAvailable": true,
    "_isOptional": false,
    "_trackingId": 38,
    "_classes": "",
    "body": "",
    "displayTitle": " ",
    "title": " "
  },
  {
    "_id": "589496a6fda9f5660ad8424b",
    "_parentId": "589495a8fda9f5660ad84243",
    "_type": "block",
    "_isAvailable": true,
    "_isOptional": false,
    "_trackingId": 39,
    "_classes": "",
    "body": "",
    "displayTitle": " ",
    "title": " "
  },
  {
    "_id": "588628cab61c46e176e7e65c",
    "_parentId": "5886263fb61c46e176e7e654",
    "_type": "block",
    "_isAvailable": true,
    "_isOptional": false,
    "_trackingId": 40,
    "_classes": "inverted color-three",
    "body": "",
    "displayTitle": " ",
    "title": " "
  },
  {
    "_id": "5889e80bb61c46e176e7e890",
    "_parentId": "5889e11ab61c46e176e7e882",
    "_type": "block",
    "_isAvailable": true,
    "_isOptional": false,
    "_trackingId": 41,
    "_classes": "inverted color-ten",
    "body": "",
    "displayTitle": " ",
    "title": " "
  },
  {
    "_id": "588a004fb61c46e176e7e8af",
    "_parentId": "5889e0bdb61c46e176e7e879",
    "_type": "block",
    "_isAvailable": true,
    "_isOptional": false,
    "_trackingId": 42,
    "_classes": "inverted color-one",
    "body": "",
    "displayTitle": " ",
    "title": " "
  },
  {
    "_id": "588a307ab61c46e176e7e925",
    "_parentId": "588a2d9bb61c46e176e7e914",
    "_type": "block",
    "_isAvailable": true,
    "_isOptional": false,
    "_trackingId": 43,
    "_classes": "inverted color-ten",
    "body": "",
    "displayTitle": " ",
    "title": " "
  },
  {
    "_id": "588f33d0b61c46e176e7ea7d",
    "_parentId": "588f2e4fb61c46e176e7ea70",
    "_type": "block",
    "_isAvailable": true,
    "_isOptional": false,
    "_trackingId": 44,
    "_classes": "inverted color-one",
    "body": "",
    "displayTitle": " ",
    "title": " "
  },
  {
    "_id": "588f4e6cb61c46e176e7eab9",
    "_parentId": "588f3feeb61c46e176e7eaaa",
    "_type": "block",
    "_isAvailable": true,
    "_isOptional": false,
    "_trackingId": 45,
    "_classes": "inverted color-one",
    "body": "",
    "displayTitle": " ",
    "title": " "
  },
  {
    "_id": "588f69a6b61c46e176e7eaf5",
    "_parentId": "588f5556b61c46e176e7eae7",
    "_type": "block",
    "_isAvailable": true,
    "_isOptional": false,
    "_trackingId": 46,
    "_classes": "inverted color-four",
    "body": "",
    "displayTitle": " ",
    "title": " "
  },
  {
    "_id": "58905939b61c46e176e7eb3b",
    "_parentId": "58905843b61c46e176e7eb2b",
    "_type": "block",
    "_isAvailable": true,
    "_isOptional": false,
    "_trackingId": 47,
    "_classes": "inverted color-three",
    "body": "",
    "displayTitle": " ",
    "title": " "
  },
  {
    "_id": "58907c05b61c46e176e7eb7c",
    "_parentId": "589068f1b61c46e176e7eb68",
    "_type": "block",
    "_isAvailable": true,
    "_isOptional": false,
    "_trackingId": 48,
    "_classes": "inverted color-eight",
    "body": "",
    "displayTitle": " ",
    "title": " "
  },
  {
    "_id": "5891d33eb61c46e176e7f044",
    "_parentId": "5891cdfbb61c46e176e7f034",
    "_type": "block",
    "_isAvailable": true,
    "_isOptional": false,
    "_trackingId": 49,
    "_classes": "inverted color-three",
    "body": "",
    "displayTitle": " ",
    "title": " "
  },
  {
    "_id": "5893403bfda9f5660ad841a5",
    "_parentId": "589215ccb61c46e176e7f093",
    "_type": "block",
    "_isAvailable": true,
    "_isOptional": false,
    "_trackingId": 50,
    "_classes": "inverted color-four",
    "body": "",
    "displayTitle": " ",
    "title": " "
  },
  {
    "_id": "5894878ffda9f5660ad84204",
    "_parentId": "589485f2fda9f5660ad841f3",
    "_type": "block",
    "_isAvailable": true,
    "_isOptional": false,
    "_trackingId": 51,
    "_classes": "inverted color-one",
    "body": "",
    "displayTitle": " ",
    "title": " "
  },
  {
    "_id": "5894ad05fda9f5660ad84259",
    "_parentId": "589495a8fda9f5660ad84243",
    "_type": "block",
    "_isAvailable": true,
    "_isOptional": false,
    "_trackingId": 52,
    "_classes": "inverted color-three",
    "body": "",
    "displayTitle": " ",
    "title": " "
  },
  {
    "_id": "5886299db61c46e176e7e65f",
    "_parentId": "5886263fb61c46e176e7e654",
    "_type": "block",
    "_isAvailable": true,
    "_isOptional": false,
    "_trackingId": 53,
    "_classes": "",
    "body": "",
    "displayTitle": " ",
    "title": " "
  },
  {
    "_id": "5889f356b61c46e176e7e897",
    "_parentId": "5889e11ab61c46e176e7e882",
    "_type": "block",
    "_isAvailable": true,
    "_isOptional": false,
    "_trackingId": 54,
    "_classes": "",
    "body": "",
    "displayTitle": " ",
    "title": " "
  },
  {
    "_id": "588a02f2b61c46e176e7e8c0",
    "_parentId": "5889e0bdb61c46e176e7e879",
    "_type": "block",
    "_isAvailable": true,
    "_isOptional": false,
    "_trackingId": 55,
    "_classes": "",
    "body": "",
    "displayTitle": " ",
    "title": " "
  },
  {
    "_id": "588b277fb61c46e176e7e945",
    "_parentId": "588a2d9bb61c46e176e7e914",
    "_type": "block",
    "_isAvailable": true,
    "_isOptional": false,
    "_trackingId": 56,
    "_classes": "",
    "body": "",
    "displayTitle": " ",
    "title": " "
  },
  {
    "_id": "588f35c6b61c46e176e7ea84",
    "_parentId": "588f2e4fb61c46e176e7ea70",
    "_type": "block",
    "_isAvailable": true,
    "_isOptional": false,
    "_trackingId": 57,
    "_classes": "",
    "body": "",
    "displayTitle": " ",
    "title": " "
  },
  {
    "_id": "588f4ff2b61c46e176e7eac0",
    "_parentId": "588f3feeb61c46e176e7eaaa",
    "_type": "block",
    "_isAvailable": true,
    "_isOptional": false,
    "_trackingId": 58,
    "_classes": "",
    "body": "",
    "displayTitle": " ",
    "title": " "
  },
  {
    "_id": "588f6b00b61c46e176e7eafc",
    "_parentId": "588f5556b61c46e176e7eae7",
    "_type": "block",
    "_isAvailable": true,
    "_isOptional": false,
    "_trackingId": 59,
    "_classes": "",
    "body": "",
    "displayTitle": " ",
    "title": " "
  },
  {
    "_id": "58905a5ab61c46e176e7eb42",
    "_parentId": "58905843b61c46e176e7eb2b",
    "_type": "block",
    "_isAvailable": true,
    "_isOptional": false,
    "_trackingId": 60,
    "_classes": "",
    "body": "",
    "displayTitle": " ",
    "title": " "
  },
  {
    "_id": "5890949fb61c46e176e7eb87",
    "_parentId": "589068f1b61c46e176e7eb68",
    "_type": "block",
    "_isAvailable": true,
    "_isOptional": false,
    "_trackingId": 61,
    "_classes": "",
    "body": "",
    "displayTitle": " ",
    "title": " "
  },
  {
    "_id": "5891d487b61c46e176e7f04b",
    "_parentId": "5891cdfbb61c46e176e7f034",
    "_type": "block",
    "_isAvailable": true,
    "_isOptional": false,
    "_trackingId": 62,
    "_classes": "",
    "body": "",
    "displayTitle": " ",
    "title": " "
  },
  {
    "_id": "58935fa8fda9f5660ad841ae",
    "_parentId": "589215ccb61c46e176e7f093",
    "_type": "block",
    "_isAvailable": true,
    "_isOptional": false,
    "_trackingId": 63,
    "_classes": "",
    "body": "",
    "displayTitle": " ",
    "title": " "
  },
  {
    "_id": "58948905fda9f5660ad8420d",
    "_parentId": "589485f2fda9f5660ad841f3",
    "_type": "block",
    "_isAvailable": true,
    "_isOptional": false,
    "_trackingId": 64,
    "_classes": "",
    "body": "",
    "displayTitle": " ",
    "title": " "
  },
  {
    "_id": "5894ad78fda9f5660ad84262",
    "_parentId": "589495a8fda9f5660ad84243",
    "_type": "block",
    "_isAvailable": true,
    "_isOptional": false,
    "_trackingId": 65,
    "_classes": "",
    "body": "",
    "displayTitle": " ",
    "title": " "
  },
  {
    "_id": "58878204b61c46e176e7e6ac",
    "_parentId": "5886263fb61c46e176e7e654",
    "_type": "block",
    "_isAvailable": true,
    "_isOptional": false,
    "_trackingId": 66,
    "_classes": "inverted color-one",
    "body": "",
    "displayTitle": " ",
    "title": " "
  },
  {
    "_id": "5889f443b61c46e176e7e89c",
    "_parentId": "5889e11ab61c46e176e7e882",
    "_type": "block",
    "_isAvailable": true,
    "_isOptional": false,
    "_trackingId": 67,
    "_classes": "inverted color-five",
    "body": "",
    "displayTitle": " ",
    "title": " "
  },
  {
    "_id": "588a05b6b61c46e176e7e8ca",
    "_parentId": "5889e0bdb61c46e176e7e879",
    "_type": "block",
    "_isAvailable": true,
    "_isOptional": false,
    "_trackingId": 68,
    "_classes": "inverted color-two",
    "body": "",
    "displayTitle": " ",
    "title": " "
  },
  {
    "_id": "588b280bb61c46e176e7e94c",
    "_parentId": "588a2d9bb61c46e176e7e914",
    "_type": "block",
    "_isAvailable": true,
    "_isOptional": false,
    "_trackingId": 69,
    "_classes": "inverted color-three",
    "body": "",
    "displayTitle": " ",
    "title": " "
  },
  {
    "_id": "588f3858b61c46e176e7ea89",
    "_parentId": "588f2e4fb61c46e176e7ea70",
    "_type": "block",
    "_isAvailable": true,
    "_isOptional": false,
    "_trackingId": 70,
    "_classes": "inverted color-two section-banner",
    "body": "",
    "displayTitle": " ",
    "title": " "
  },
  {
    "_id": "588f50ccb61c46e176e7eac6",
    "_parentId": "588f3feeb61c46e176e7eaaa",
    "_type": "block",
    "_isAvailable": true,
    "_isOptional": false,
    "_trackingId": 71,
    "_classes": "inverted color-two",
    "body": "",
    "displayTitle": " ",
    "title": " "
  },
  {
    "_id": "5890518eb61c46e176e7eb09",
    "_parentId": "588f5556b61c46e176e7eae7",
    "_type": "block",
    "_isAvailable": true,
    "_isOptional": false,
    "_trackingId": 72,
    "_classes": "inverted color-eight",
    "body": "",
    "displayTitle": " ",
    "title": " "
  },
  {
    "_id": "58905ae0b61c46e176e7eb47",
    "_parentId": "58905843b61c46e176e7eb2b",
    "_type": "block",
    "_isAvailable": true,
    "_isOptional": false,
    "_trackingId": 73,
    "_classes": "inverted color-one",
    "body": "",
    "displayTitle": " ",
    "title": " "
  },
  {
    "_id": "5890ba33b61c46e176e7eb8e",
    "_parentId": "589068f1b61c46e176e7eb68",
    "_type": "block",
    "_isAvailable": true,
    "_isOptional": false,
    "_trackingId": 74,
    "_classes": "inverted color-ten",
    "body": "",
    "displayTitle": " ",
    "title": " "
  },
  {
    "_id": "58920db6b61c46e176e7f06e",
    "_parentId": "5891cdfbb61c46e176e7f034",
    "_type": "block",
    "_isAvailable": true,
    "_isOptional": false,
    "_trackingId": 75,
    "_classes": "inverted color-one",
    "body": "",
    "displayTitle": " ",
    "title": " "
  },
  {
    "_id": "58947eeefda9f5660ad841c8",
    "_parentId": "589215ccb61c46e176e7f093",
    "_type": "block",
    "_isAvailable": true,
    "_isOptional": false,
    "_trackingId": 76,
    "_classes": "inverted color-nine",
    "body": "",
    "displayTitle": " ",
    "title": " "
  },
  {
    "_id": "589489d7fda9f5660ad84212",
    "_parentId": "589485f2fda9f5660ad841f3",
    "_type": "block",
    "_isAvailable": true,
    "_isOptional": false,
    "_trackingId": 77,
    "_classes": "inverted color-two",
    "body": "",
    "displayTitle": " ",
    "title": " "
  },
  {
    "_id": "5894b500fda9f5660ad84525",
    "_parentId": "589495a8fda9f5660ad84243",
    "_type": "block",
    "_isAvailable": true,
    "_isOptional": false,
    "_trackingId": 78,
    "_classes": "inverted color-one",
    "body": "",
    "displayTitle": " ",
    "title": " "
  },
  {
    "_id": "5887878bb61c46e176e7e6b2",
    "_parentId": "5886263fb61c46e176e7e654",
    "_type": "block",
    "_isAvailable": true,
    "_isOptional": false,
    "_trackingId": 79,
    "_classes": "section-banner",
    "body": "",
    "displayTitle": " ",
    "title": " "
  },
  {
    "_id": "5889f70bb61c46e176e7e8a2",
    "_parentId": "5889e11ab61c46e176e7e882",
    "_type": "block",
    "_isAvailable": true,
    "_isOptional": false,
    "_trackingId": 80,
    "_classes": "",
    "body": "",
    "displayTitle": " ",
    "title": " "
  },
  {
    "_id": "588a0813b61c46e176e7e8e3",
    "_parentId": "5889e0bdb61c46e176e7e879",
    "_type": "block",
    "_isAvailable": true,
    "_isOptional": false,
    "_trackingId": 81,
    "_classes": "section-banner",
    "body": "",
    "displayTitle": " ",
    "title": " "
  },
  {
    "_id": "588b292eb61c46e176e7e959",
    "_parentId": "588a2d9bb61c46e176e7e914",
    "_type": "block",
    "_isAvailable": true,
    "_isOptional": false,
    "_trackingId": 82,
    "_classes": "",
    "body": "",
    "displayTitle": " ",
    "title": " "
  },
  {
    "_id": "588f38a1b61c46e176e7ea8e",
    "_parentId": "588f2e4fb61c46e176e7ea70",
    "_type": "block",
    "_isAvailable": true,
    "_isOptional": false,
    "_trackingId": 83,
    "_classes": "section-banner",
    "body": "",
    "displayTitle": " ",
    "title": " "
  },
  {
    "_id": "588f5200b61c46e176e7eacd",
    "_parentId": "588f3feeb61c46e176e7eaaa",
    "_type": "block",
    "_isAvailable": true,
    "_isOptional": false,
    "_trackingId": 84,
    "_classes": "",
    "body": "",
    "displayTitle": " ",
    "title": " "
  },
  {
    "_id": "589052acb61c46e176e7eb0f",
    "_parentId": "588f5556b61c46e176e7eae7",
    "_type": "block",
    "_isAvailable": true,
    "_isOptional": false,
    "_trackingId": 85,
    "_classes": "",
    "body": "",
    "displayTitle": " ",
    "title": " "
  },
  {
    "_id": "58905bfeb61c46e176e7eb4d",
    "_parentId": "58905843b61c46e176e7eb2b",
    "_type": "block",
    "_isAvailable": true,
    "_isOptional": false,
    "_trackingId": 86,
    "_classes": "",
    "body": "",
    "displayTitle": " ",
    "title": " "
  },
  {
    "_id": "5890bacab61c46e176e7eb96",
    "_parentId": "589068f1b61c46e176e7eb68",
    "_type": "block",
    "_isAvailable": true,
    "_isOptional": false,
    "_trackingId": 87,
    "_classes": "",
    "body": "",
    "displayTitle": " ",
    "title": " "
  },
  {
    "_id": "58920e24b61c46e176e7f074",
    "_parentId": "5891cdfbb61c46e176e7f034",
    "_type": "block",
    "_isAvailable": true,
    "_isOptional": false,
    "_trackingId": 88,
    "_classes": "",
    "body": "",
    "displayTitle": " ",
    "title": " "
  },
  {
    "_id": "5894808afda9f5660ad841d0",
    "_parentId": "589215ccb61c46e176e7f093",
    "_type": "block",
    "_isAvailable": true,
    "_isOptional": false,
    "_trackingId": 89,
    "_classes": "",
    "body": "",
    "displayTitle": " ",
    "title": " "
  },
  {
    "_id": "58948c11fda9f5660ad84224",
    "_parentId": "589485f2fda9f5660ad841f3",
    "_type": "block",
    "_isAvailable": true,
    "_isOptional": false,
    "_trackingId": 90,
    "_classes": "",
    "body": "",
    "displayTitle": " ",
    "title": " "
  },
  {
    "_id": "5894b585fda9f5660ad8452a",
    "_parentId": "589495a8fda9f5660ad84243",
    "_type": "block",
    "_isAvailable": true,
    "_isOptional": false,
    "_trackingId": 91,
    "_classes": "",
    "body": "",
    "displayTitle": " ",
    "title": " "
  },
  {
    "_id": "58920f68b61c46e176e7f077",
    "_parentId": "5891cdfbb61c46e176e7f034",
    "_type": "block",
    "_isAvailable": true,
    "_isOptional": false,
    "_trackingId": 92,
    "_classes": "inverted color-eight",
    "body": "",
    "displayTitle": " ",
    "title": " "
  },
  {
    "_id": "588b380cb61c46e176e7e9a1",
    "_parentId": "588a2d9bb61c46e176e7e914",
    "_type": "block",
    "_isAvailable": true,
    "_isOptional": false,
    "_trackingId": 93,
    "_classes": "inverted color-two",
    "body": "",
    "displayTitle": " ",
    "title": " "
  },
  {
    "_id": "5888d778b61c46e176e7e850",
    "_parentId": "5886263fb61c46e176e7e654",
    "_type": "block",
    "_isAvailable": true,
    "_isOptional": false,
    "_trackingId": 94,
    "_classes": "inverted color-ten",
    "body": "",
    "displayTitle": " ",
    "title": " "
  },
  {
    "_id": "588a086bb61c46e176e7e8e8",
    "_parentId": "5889e0bdb61c46e176e7e879",
    "_type": "block",
    "_isAvailable": true,
    "_isOptional": false,
    "_trackingId": 95,
    "_classes": "inverted color-five",
    "body": "",
    "displayTitle": " ",
    "title": " "
  },
  {
    "_id": "588f17feb61c46e176e7ea51",
    "_parentId": "5889e11ab61c46e176e7e882",
    "_type": "block",
    "_isAvailable": true,
    "_isOptional": false,
    "_trackingId": 96,
    "_classes": "inverted color-ten",
    "body": "",
    "displayTitle": " ",
    "title": " "
  },
  {
    "_id": "588f3a09b61c46e176e7ea93",
    "_parentId": "588f2e4fb61c46e176e7ea70",
    "_type": "block",
    "_isAvailable": true,
    "_isOptional": false,
    "_trackingId": 97,
    "_classes": "inverted color-six",
    "body": "",
    "displayTitle": " ",
    "title": " "
  },
  {
    "_id": "588f5243b61c46e176e7ead2",
    "_parentId": "588f3feeb61c46e176e7eaaa",
    "_type": "block",
    "_isAvailable": true,
    "_isOptional": false,
    "_trackingId": 98,
    "_classes": "inverted color-five",
    "body": "",
    "displayTitle": " ",
    "title": " "
  },
  {
    "_id": "589053efb61c46e176e7eb14",
    "_parentId": "588f5556b61c46e176e7eae7",
    "_type": "block",
    "_isAvailable": true,
    "_isOptional": false,
    "_trackingId": 99,
    "_classes": "inverted color-eight",
    "body": "",
    "displayTitle": " ",
    "title": " "
  },
  {
    "_id": "58905c45b61c46e176e7eb52",
    "_parentId": "58905843b61c46e176e7eb2b",
    "_type": "block",
    "_isAvailable": true,
    "_isOptional": false,
    "_trackingId": 100,
    "_classes": "inverted color-ten",
    "body": "",
    "displayTitle": " ",
    "title": " "
  },
  {
    "_id": "5890bc37b61c46e176e7eb9d",
    "_parentId": "589068f1b61c46e176e7eb68",
    "_type": "block",
    "_isAvailable": true,
    "_isOptional": false,
    "_trackingId": 101,
    "_classes": "inverted color-one section-banner",
    "body": "",
    "displayTitle": " ",
    "title": " "
  },
  {
    "_id": "5894811bfda9f5660ad841d5",
    "_parentId": "589215ccb61c46e176e7f093",
    "_type": "block",
    "_isAvailable": true,
    "_isOptional": false,
    "_trackingId": 102,
    "_classes": "inverted color-six",
    "body": "",
    "displayTitle": " ",
    "title": " "
  },
  {
    "_id": "58948cfffda9f5660ad84229",
    "_parentId": "589485f2fda9f5660ad841f3",
    "_type": "block",
    "_isAvailable": true,
    "_isOptional": false,
    "_trackingId": 103,
    "_classes": "inverted color-five",
    "body": "",
    "displayTitle": " ",
    "title": " "
  },
  {
    "_id": "5894b602fda9f5660ad84530",
    "_parentId": "589495a8fda9f5660ad84243",
    "_type": "block",
    "_isAvailable": true,
    "_isOptional": false,
    "_trackingId": 104,
    "_classes": "inverted color-ten",
    "body": "",
    "displayTitle": " ",
    "title": " "
  },
  {
    "_id": "5889da68b61c46e176e7e85f",
    "_parentId": "5886263fb61c46e176e7e654",
    "_type": "block",
    "_isAvailable": true,
    "_isOptional": false,
    "_trackingId": 105,
    "_classes": "",
    "body": "",
    "displayTitle": " ",
    "title": " "
  },
  {
    "_id": "588a0bb8b61c46e176e7e8ef",
    "_parentId": "5889e0bdb61c46e176e7e879",
    "_type": "block",
    "_isAvailable": true,
    "_isOptional": false,
    "_trackingId": 106,
    "_classes": "",
    "body": "",
    "displayTitle": " ",
    "title": " "
  },
  {
    "_id": "588b5267b61c46e176e7e9dc",
    "_parentId": "588a2d9bb61c46e176e7e914",
    "_type": "block",
    "_isAvailable": true,
    "_isOptional": false,
    "_trackingId": 107,
    "_classes": "",
    "body": "",
    "displayTitle": " ",
    "title": " "
  },
  {
    "_id": "588f1a0db61c46e176e7ea54",
    "_parentId": "5889e11ab61c46e176e7e882",
    "_type": "block",
    "_isAvailable": true,
    "_isOptional": false,
    "_trackingId": 108,
    "_classes": "",
    "body": "",
    "displayTitle": " ",
    "title": " "
  },
  {
    "_id": "588f3ddbb61c46e176e7ea99",
    "_parentId": "588f2e4fb61c46e176e7ea70",
    "_type": "block",
    "_isAvailable": true,
    "_isOptional": false,
    "_trackingId": 109,
    "_classes": "",
    "body": "",
    "displayTitle": " ",
    "title": " "
  },
  {
    "_id": "588f5307b61c46e176e7ead7",
    "_parentId": "588f3feeb61c46e176e7eaaa",
    "_type": "block",
    "_isAvailable": true,
    "_isOptional": false,
    "_trackingId": 110,
    "_classes": "",
    "body": "",
    "displayTitle": " ",
    "title": " "
  },
  {
    "_id": "589056c2b61c46e176e7eb20",
    "_type": "block",
    "_parentId": "588f5556b61c46e176e7eae7",
    "_isAvailable": true,
    "_isOptional": false,
    "_trackingId": 111,
    "_classes": "",
    "body": "",
    "displayTitle": "Block title",
    "title": "Block title"
  },
  {
    "_id": "58905d3fb61c46e176e7eb57",
    "_parentId": "58905843b61c46e176e7eb2b",
    "_type": "block",
    "_isAvailable": true,
    "_isOptional": false,
    "_trackingId": 112,
    "_classes": "",
    "body": "",
    "displayTitle": " ",
    "title": " "
  },
  {
    "_id": "5890bd75b61c46e176e7eba4",
    "_parentId": "589068f1b61c46e176e7eb68",
    "_type": "block",
    "_isAvailable": true,
    "_isOptional": false,
    "_trackingId": 113,
    "_classes": "",
    "body": "",
    "displayTitle": " ",
    "title": " "
  },
  {
    "_id": "5892141cb61c46e176e7f08d",
    "_parentId": "5891cdfbb61c46e176e7f034",
    "_type": "block",
    "_isAvailable": true,
    "_isOptional": false,
    "_trackingId": 114,
    "_classes": "inverted footer",
    "body": "",
    "displayTitle": " ",
    "title": " "
  },
  {
    "_id": "5894827ffda9f5660ad841d8",
    "_parentId": "589215ccb61c46e176e7f093",
    "_type": "block",
    "_isAvailable": true,
    "_isOptional": false,
    "_trackingId": 115,
    "_classes": "",
    "body": "",
    "displayTitle": " ",
    "title": " "
  },
  {
    "_id": "58949319fda9f5660ad8422e",
    "_parentId": "589485f2fda9f5660ad841f3",
    "_type": "block",
    "_isAvailable": true,
    "_isOptional": false,
    "_trackingId": 116,
    "_classes": "",
    "body": "",
    "displayTitle": " ",
    "title": " "
  },
  {
    "_id": "588f1fbdb61c46e176e7ea5b",
    "_parentId": "5889e11ab61c46e176e7e882",
    "_type": "block",
    "_isAvailable": true,
    "_isOptional": false,
    "_trackingId": 117,
    "_classes": "inverted color-three",
    "body": "",
    "displayTitle": " ",
    "title": " "
  },
  {
    "_id": "589493effda9f5660ad84233",
    "_parentId": "589485f2fda9f5660ad841f3",
    "_type": "block",
    "_isAvailable": true,
    "_isOptional": false,
    "_trackingId": 118,
    "_classes": "inverted color-one",
    "body": "",
    "displayTitle": " ",
    "title": " "
  },
  {
    "_id": "5889dcf8b61c46e176e7e869",
    "_parentId": "5886263fb61c46e176e7e654",
    "_type": "block",
    "_isAvailable": true,
    "_isOptional": false,
    "_trackingId": 119,
    "_classes": "inverted color-eight",
    "body": "",
    "displayTitle": " ",
    "title": " "
  },
  {
    "_id": "588a1715b61c46e176e7e900",
    "_parentId": "5889e0bdb61c46e176e7e879",
    "_type": "block",
    "_isAvailable": true,
    "_isOptional": false,
    "_trackingId": 120,
    "_classes": "inverted color-one",
    "body": "",
    "displayTitle": " ",
    "title": " "
  },
  {
    "_id": "588b52ebb61c46e176e7e9e6",
    "_parentId": "588a2d9bb61c46e176e7e914",
    "_type": "block",
    "_isAvailable": true,
    "_isOptional": false,
    "_trackingId": 121,
    "_classes": "inverted color-six",
    "body": "",
    "displayTitle": " ",
    "title": " "
  },
  {
    "_id": "588f3eaab61c46e176e7ea9f",
    "_parentId": "588f2e4fb61c46e176e7ea70",
    "_type": "block",
    "_isAvailable": true,
    "_isOptional": false,
    "_trackingId": 122,
    "_classes": "inverted color-three",
    "body": "",
    "displayTitle": " ",
    "title": " "
  },
  {
    "_id": "588f53deb61c46e176e7eadc",
    "_parentId": "588f3feeb61c46e176e7eaaa",
    "_type": "block",
    "_isAvailable": true,
    "_isOptional": false,
    "_trackingId": 123,
    "_classes": "inverted color-one",
    "body": "",
    "displayTitle": " ",
    "title": " "
  },
  {
    "_id": "5890579cb61c46e176e7eb25",
    "_parentId": "588f5556b61c46e176e7eae7",
    "_type": "block",
    "_isAvailable": true,
    "_isOptional": false,
    "_trackingId": 124,
    "_classes": "inverted footer",
    "body": "",
    "displayTitle": " ",
    "title": " "
  },
  {
    "_id": "58905dc8b61c46e176e7eb5c",
    "_parentId": "58905843b61c46e176e7eb2b",
    "_type": "block",
    "_isAvailable": true,
    "_isOptional": false,
    "_trackingId": 125,
    "_classes": "inverted color-eight",
    "body": "",
    "displayTitle": " ",
    "title": " "
  },
  {
    "_id": "5890c03cb61c46e176e7eba9",
    "_parentId": "589068f1b61c46e176e7eb68",
    "_type": "block",
    "_isAvailable": true,
    "_isOptional": false,
    "_trackingId": 126,
    "_classes": "inverted color-six",
    "body": "",
    "displayTitle": " ",
    "title": " "
  },
  {
    "_id": "58948357fda9f5660ad841df",
    "_parentId": "589215ccb61c46e176e7f093",
    "_type": "block",
    "_isAvailable": true,
    "_isOptional": false,
    "_trackingId": 127,
    "_classes": "inverted color-three",
    "body": "",
    "displayTitle": "  ",
    "title": "  "
  },
  {
    "_id": "5889de82b61c46e176e7e86e",
    "_parentId": "5886263fb61c46e176e7e654",
    "_type": "block",
    "_isAvailable": true,
    "_isOptional": false,
    "_trackingId": 128,
    "_classes": "",
    "body": "",
    "displayTitle": " ",
    "title": " "
  },
  {
    "_id": "588a26b6b61c46e176e7e905",
    "_parentId": "5889e0bdb61c46e176e7e879",
    "_type": "block",
    "_isAvailable": true,
    "_isOptional": false,
    "_trackingId": 129,
    "_classes": "",
    "body": "",
    "displayTitle": " ",
    "title": " "
  },
  {
    "_id": "588b553db61c46e176e7e9ef",
    "_parentId": "588a2d9bb61c46e176e7e914",
    "_type": "block",
    "_isAvailable": true,
    "_isOptional": false,
    "_trackingId": 130,
    "_classes": "",
    "body": "",
    "displayTitle": " ",
    "title": " "
  },
  {
    "_id": "588f2120b61c46e176e7ea60",
    "_parentId": "5889e11ab61c46e176e7e882",
    "_type": "block",
    "_isAvailable": true,
    "_isOptional": false,
    "_trackingId": 131,
    "_classes": "",
    "body": "",
    "displayTitle": " ",
    "title": " "
  },
  {
    "_id": "588f3f65b61c46e176e7eaa4",
    "_parentId": "588f2e4fb61c46e176e7ea70",
    "_type": "block",
    "_isAvailable": true,
    "_isOptional": false,
    "_trackingId": 132,
    "_classes": "inverted footer",
    "body": "",
    "displayTitle": " ",
    "title": " "
  },
  {
    "_id": "588f54f5b61c46e176e7eae1",
    "_parentId": "588f3feeb61c46e176e7eaaa",
    "_type": "block",
    "_isAvailable": true,
    "_isOptional": false,
    "_trackingId": 133,
    "_classes": "inverted footer",
    "body": "",
    "displayTitle": " ",
    "title": " "
  },
  {
    "_id": "58905e87b61c46e176e7eb5f",
    "_parentId": "58905843b61c46e176e7eb2b",
    "_type": "block",
    "_isAvailable": true,
    "_isOptional": false,
    "_trackingId": 134,
    "_classes": "inverted footer",
    "body": "",
    "displayTitle": " ",
    "title": " "
  },
  {
    "_id": "5891cbbfb61c46e176e7f028",
    "_parentId": "589068f1b61c46e176e7eb68",
    "_type": "block",
    "_isAvailable": true,
    "_isOptional": false,
    "_trackingId": 135,
    "_classes": "",
    "body": "",
    "displayTitle": " ",
    "title": " "
  },
  {
    "_id": "58948488fda9f5660ad841e4",
    "_parentId": "589215ccb61c46e176e7f093",
    "_type": "block",
    "_isAvailable": true,
    "_isOptional": false,
    "_trackingId": 136,
    "_classes": "",
    "body": "",
    "displayTitle": " ",
    "title": " "
  },
  {
    "_id": "589493effda9f5660ad84234",
    "_parentId": "589485f2fda9f5660ad841f3",
    "_type": "block",
    "_isAvailable": true,
    "_isOptional": false,
    "_trackingId": 137,
    "_classes": "",
    "body": "",
    "displayTitle": " ",
    "title": " "
  },
  {
    "_id": "5889e037b61c46e176e7e875",
    "_parentId": "5886263fb61c46e176e7e654",
    "_type": "block",
    "_isAvailable": true,
    "_isOptional": false,
    "_trackingId": 138,
    "_classes": "inverted footer",
    "body": "",
    "displayTitle": " ",
    "title": " "
  },
  {
    "_id": "588a28c6b61c46e176e7e90a",
    "_parentId": "5889e0bdb61c46e176e7e879",
    "_type": "block",
    "_isAvailable": true,
    "_isOptional": false,
    "_trackingId": 139,
    "_classes": "inverted footer",
    "body": "",
    "displayTitle": " ",
    "title": " "
  },
  {
    "_id": "588f21e9b61c46e176e7ea63",
    "_parentId": "5889e11ab61c46e176e7e882",
    "_type": "block",
    "_isAvailable": true,
    "_isOptional": false,
    "_trackingId": 140,
    "_classes": "inverted footer",
    "body": "",
    "displayTitle": " ",
    "title": " "
  },
  {
    "_id": "5891cda6b61c46e176e7f02e",
    "_parentId": "589068f1b61c46e176e7eb68",
    "_type": "block",
    "_isAvailable": true,
    "_isOptional": false,
    "_trackingId": 141,
    "_classes": "inverted footer",
    "body": "",
    "displayTitle": " ",
    "title": " "
  },
  {
    "_id": "58948528fda9f5660ad841e9",
    "_parentId": "589215ccb61c46e176e7f093",
    "_type": "block",
    "_isAvailable": true,
    "_isOptional": false,
    "_trackingId": 142,
    "_classes": "inverted footer",
    "body": "",
    "displayTitle": " ",
    "title": " "
  },
  {
    "_id": "58949523fda9f5660ad8423d",
    "_parentId": "589485f2fda9f5660ad841f3",
    "_type": "block",
    "_isAvailable": true,
    "_isOptional": false,
    "_trackingId": 143,
    "_classes": "inverted footer",
    "body": "",
    "displayTitle": " ",
    "title": " "
  }
]