[
  {
    "_id": "57ac4dd0e396ef981f39e920",
    "_parentId": "57ac4dd0e396ef981f39e91f",
    "_type": "article",
    "_isAvailable": true,
    "_isOptional": false,
    "_classes": "",
    "body": "",
    "displayTitle": " ",
    "title": " "
  },
  {
    "_id": "57ac437ce396ef981f39e8fc",
    "_parentId": "57ac437ce396ef981f39e8fb",
    "_type": "article",
    "_isAvailable": true,
    "_isOptional": false,
    "_classes": "",
    "body": "",
    "displayTitle": " ",
    "title": " "
  },
  {
    "_id": "57adb0cce396ef981f39e9d5",
    "_parentId": "57adb0cce396ef981f39e9d4",
    "_type": "article",
    "_isAvailable": true,
    "_isOptional": false,
    "_classes": "",
    "body": "",
    "displayTitle": " ",
    "title": " "
  },
  {
    "_id": "57b1b369e396ef981f39ea29",
    "_parentId": "57b1b369e396ef981f39ea28",
    "_type": "article",
    "_isAvailable": true,
    "_isOptional": false,
    "_classes": "",
    "body": "",
    "displayTitle": "  ",
    "title": "  "
  },
  {
    "_id": "57b2c1c9e396ef981f39ea8d",
    "_parentId": "57b2c1c9e396ef981f39ea8c",
    "_type": "article",
    "_isAvailable": true,
    "_isOptional": false,
    "_classes": "",
    "body": "",
    "displayTitle": " ",
    "title": " "
  },
  {
    "_id": "57b3182fe396ef981f39eb10",
    "_parentId": "57b3182fe396ef981f39eb0f",
    "_type": "article",
    "_isAvailable": true,
    "_isOptional": false,
    "_classes": "",
    "body": "",
    "displayTitle": " ",
    "title": " "
  },
  {
    "_id": "57b441b1e396ef981f39ebc9",
    "_parentId": "57b441b1e396ef981f39ebc8",
    "_type": "article",
    "_isAvailable": true,
    "_isOptional": false,
    "_classes": "",
    "body": "",
    "displayTitle": "  ",
    "title": "  "
  },
  {
    "_id": "57c198b7c8c479d7402de27f",
    "_parentId": "57c198b7c8c479d7402de27e",
    "_type": "article",
    "_isAvailable": true,
    "_isOptional": false,
    "_classes": "",
    "body": "",
    "displayTitle": " ",
    "title": " "
  },
  {
    "_id": "57c1992cc8c479d7402de282",
    "_parentId": "57c1992cc8c479d7402de281",
    "_type": "article",
    "_isAvailable": true,
    "_isOptional": false,
    "_classes": "",
    "body": "",
    "displayTitle": " ",
    "title": " "
  },
  {
    "_id": "57c199cfc8c479d7402de28c",
    "_parentId": "57c199cfc8c479d7402de28b",
    "_type": "article",
    "_isAvailable": true,
    "_isOptional": false,
    "_classes": "",
    "body": "",
    "displayTitle": "    ",
    "title": "    "
  }
]