[
  {
    "_id": "57b3182fe396ef981f39eb11",
    "_parentId": "57b3182fe396ef981f39eb10",
    "_type": "block",
    "_isAvailable": true,
    "_isOptional": false,
    "_trackingId": 1,
    "_classes": "",
    "body": "",
    "displayTitle": "",
    "title": " "
  },
  {
    "_id": "57b441b1e396ef981f39ebca",
    "_parentId": "57b441b1e396ef981f39ebc9",
    "_type": "block",
    "_isAvailable": true,
    "_isOptional": false,
    "_trackingId": 2,
    "_classes": "",
    "body": "",
    "displayTitle": "",
    "title": " "
  },
  {
    "_id": "57c1992cc8c479d7402de283",
    "_parentId": "57c1992cc8c479d7402de282",
    "_type": "block",
    "_isAvailable": true,
    "_isOptional": false,
    "_trackingId": 3,
    "_classes": "",
    "body": "",
    "displayTitle": "",
    "title": " "
  },
  {
    "_id": "57c199cfc8c479d7402de28d",
    "_parentId": "57c199cfc8c479d7402de28c",
    "_type": "block",
    "_isAvailable": true,
    "_isOptional": false,
    "_trackingId": 4,
    "_classes": "",
    "body": "",
    "displayTitle": "",
    "title": " "
  },
  {
    "_id": "57ac4dd0e396ef981f39e921",
    "_parentId": "57ac4dd0e396ef981f39e920",
    "_type": "block",
    "_isAvailable": true,
    "_isOptional": false,
    "_trackingId": 5,
    "_classes": "",
    "body": "",
    "displayTitle": "",
    "title": " "
  },
  {
    "_id": "57ac437de396ef981f39e8fd",
    "_parentId": "57ac437ce396ef981f39e8fc",
    "_type": "block",
    "_isAvailable": true,
    "_isOptional": false,
    "_trackingId": 6,
    "_classes": "",
    "body": "",
    "displayTitle": "",
    "title": " "
  },
  {
    "_id": "57adb0cce396ef981f39e9d6",
    "_parentId": "57adb0cce396ef981f39e9d5",
    "_type": "block",
    "_isAvailable": true,
    "_isOptional": false,
    "_trackingId": 7,
    "_classes": "",
    "body": "",
    "displayTitle": "",
    "title": " "
  },
  {
    "_id": "57b1b369e396ef981f39ea2a",
    "_parentId": "57b1b369e396ef981f39ea29",
    "_type": "block",
    "_isAvailable": true,
    "_isOptional": false,
    "_trackingId": 8,
    "_classes": "",
    "body": "",
    "displayTitle": "",
    "title": "  "
  },
  {
    "_id": "57b2c1c9e396ef981f39ea8e",
    "_parentId": "57b2c1c9e396ef981f39ea8d",
    "_type": "block",
    "_isAvailable": true,
    "_isOptional": false,
    "_trackingId": 9,
    "_classes": "",
    "body": "",
    "displayTitle": "",
    "title": " "
  },
  {
    "_id": "57c198b7c8c479d7402de280",
    "_parentId": "57c198b7c8c479d7402de27f",
    "_type": "block",
    "_isAvailable": true,
    "_isOptional": false,
    "_trackingId": 10,
    "_classes": "",
    "body": "",
    "displayTitle": "",
    "title": " "
  },
  {
    "_id": "58413e324d7b7e82691e4b81",
    "_parentId": "57c199cfc8c479d7402de28c",
    "_type": "block",
    "_isAvailable": true,
    "_isOptional": false,
    "_trackingId": 11,
    "_classes": "",
    "body": "",
    "displayTitle": " ",
    "title": " "
  },
  {
    "_id": "57ac459be396ef981f39e903",
    "_parentId": "57ac437ce396ef981f39e8fc",
    "_type": "block",
    "_isAvailable": true,
    "_isOptional": false,
    "_trackingId": 12,
    "_classes": "inverted color-one",
    "body": "",
    "displayTitle": " ",
    "title": " "
  },
  {
    "_id": "57ac5051e396ef981f39e92d",
    "_parentId": "57ac4dd0e396ef981f39e920",
    "_type": "block",
    "_isAvailable": true,
    "_isOptional": false,
    "_trackingId": 13,
    "_classes": "inverted color-one",
    "body": "",
    "displayTitle": " ",
    "title": " "
  },
  {
    "_id": "57adbaefe396ef981f39e9e2",
    "_parentId": "57adb0cce396ef981f39e9d5",
    "_type": "block",
    "_isAvailable": true,
    "_isOptional": false,
    "_trackingId": 14,
    "_classes": "inverted color-one",
    "body": "",
    "displayTitle": " ",
    "title": " "
  },
  {
    "_id": "57b1c460e396ef981f39ea31",
    "_parentId": "57b1b369e396ef981f39ea29",
    "_type": "block",
    "_isAvailable": true,
    "_isOptional": false,
    "_trackingId": 15,
    "_classes": "inverted color-one",
    "body": "",
    "displayTitle": "  ",
    "title": "  "
  },
  {
    "_id": "57b2c540e396ef981f39ea93",
    "_parentId": "57b2c1c9e396ef981f39ea8d",
    "_type": "block",
    "_isAvailable": true,
    "_isOptional": false,
    "_trackingId": 16,
    "_classes": "inverted color-one",
    "body": "",
    "displayTitle": " ",
    "title": " "
  },
  {
    "_id": "57b31889e396ef981f39eb1d",
    "_parentId": "57b3182fe396ef981f39eb10",
    "_type": "block",
    "_isAvailable": true,
    "_isOptional": false,
    "_trackingId": 17,
    "_classes": "inverted color-seven",
    "body": "",
    "displayTitle": " ",
    "title": " "
  },
  {
    "_id": "57b59bb2e396ef981f39ebdb",
    "_parentId": "57b441b1e396ef981f39ebc9",
    "_type": "block",
    "_isAvailable": true,
    "_isOptional": false,
    "_trackingId": 18,
    "_classes": "inverted color-one",
    "body": "",
    "displayTitle": "  ",
    "title": "  "
  },
  {
    "_id": "58383e414d7b7e82691e474c",
    "_parentId": "57c198b7c8c479d7402de27f",
    "_type": "block",
    "_isAvailable": true,
    "_isOptional": false,
    "_trackingId": 19,
    "_classes": "inverted color-one",
    "body": "",
    "displayTitle": "  ",
    "title": "  "
  },
  {
    "_id": "58399c994d7b7e82691e4842",
    "_parentId": "57c1992cc8c479d7402de282",
    "_type": "block",
    "_isAvailable": true,
    "_isOptional": false,
    "_trackingId": 20,
    "_classes": "inverted color-one",
    "body": "",
    "displayTitle": "  ",
    "title": "  "
  },
  {
    "_id": "57b2cf92e396ef981f39ea9d",
    "_parentId": "57b2c1c9e396ef981f39ea8d",
    "_type": "block",
    "_isAvailable": true,
    "_isOptional": false,
    "_trackingId": 21,
    "_classes": " ",
    "body": "",
    "displayTitle": " ",
    "title": " "
  },
  {
    "_id": "57ac488ce396ef981f39e911",
    "_parentId": "57ac437ce396ef981f39e8fc",
    "_type": "block",
    "_isAvailable": true,
    "_isOptional": false,
    "_trackingId": 22,
    "_classes": " ",
    "body": "",
    "displayTitle": " ",
    "title": " "
  },
  {
    "_id": "57adf118e396ef981f39e9f1",
    "_parentId": "57adb0cce396ef981f39e9d5",
    "_type": "block",
    "_isAvailable": true,
    "_isOptional": false,
    "_trackingId": 23,
    "_classes": " ",
    "body": "",
    "displayTitle": " ",
    "title": " "
  },
  {
    "_id": "57b1c98ae396ef981f39ea5c",
    "_parentId": "57b1b369e396ef981f39ea29",
    "_type": "block",
    "_isAvailable": true,
    "_isOptional": false,
    "_trackingId": 24,
    "_classes": " ",
    "body": "",
    "displayTitle": " ",
    "title": " "
  },
  {
    "_id": "57b318fce396ef981f39eb1f",
    "_parentId": "57b3182fe396ef981f39eb10",
    "_type": "block",
    "_isAvailable": true,
    "_isOptional": false,
    "_trackingId": 25,
    "_classes": "",
    "body": "",
    "displayTitle": " ",
    "title": " "
  },
  {
    "_id": "57b59791e396ef981f39ebd4",
    "_parentId": "57b441b1e396ef981f39ebc9",
    "_type": "block",
    "_isAvailable": true,
    "_isOptional": false,
    "_trackingId": 26,
    "_classes": " ",
    "body": "",
    "displayTitle": "  ",
    "title": "  "
  },
  {
    "_id": "57c83e374d7b7e82691e3c36",
    "_parentId": "57c199cfc8c479d7402de28c",
    "_type": "block",
    "_isAvailable": true,
    "_isOptional": false,
    "_trackingId": 27,
    "_classes": " inverted color-one ",
    "body": "",
    "displayTitle": "",
    "title": "  "
  },
  {
    "_id": "582dbf2f4d7b7e82691e44da",
    "_parentId": "57ac4dd0e396ef981f39e920",
    "_type": "block",
    "_isAvailable": true,
    "_isOptional": false,
    "_trackingId": 28,
    "_classes": " ",
    "body": "",
    "displayTitle": "  ",
    "title": "  "
  },
  {
    "_id": "58383ef64d7b7e82691e4750",
    "_parentId": "57c198b7c8c479d7402de27f",
    "_type": "block",
    "_isAvailable": true,
    "_isOptional": false,
    "_trackingId": 29,
    "_classes": "",
    "body": "",
    "displayTitle": "  ",
    "title": "  "
  },
  {
    "_id": "58399d084d7b7e82691e4846",
    "_parentId": "57c1992cc8c479d7402de282",
    "_type": "block",
    "_isAvailable": true,
    "_isOptional": false,
    "_trackingId": 30,
    "_classes": "",
    "body": "",
    "displayTitle": "  ",
    "title": "  "
  },
  {
    "_id": "57ac4c62e396ef981f39e91d",
    "_parentId": "57ac437ce396ef981f39e8fc",
    "_type": "block",
    "_isAvailable": true,
    "_isOptional": false,
    "_trackingId": 31,
    "_classes": "inverted color-seven",
    "body": "",
    "displayTitle": " ",
    "title": " "
  },
  {
    "_id": "57ac5607e396ef981f39e938",
    "_parentId": "57ac4dd0e396ef981f39e920",
    "_type": "block",
    "_isAvailable": true,
    "_isOptional": false,
    "_trackingId": 32,
    "_classes": "inverted color-one",
    "body": "",
    "displayTitle": "  ",
    "title": "  "
  },
  {
    "_id": "57adf4b3e396ef981f39e9f8",
    "_parentId": "57adb0cce396ef981f39e9d5",
    "_type": "block",
    "_isAvailable": true,
    "_isOptional": false,
    "_trackingId": 33,
    "_classes": "inverted color-seven",
    "body": "",
    "displayTitle": " ",
    "title": " "
  },
  {
    "_id": "57b1d17ee396ef981f39ea7c",
    "_parentId": "57b1b369e396ef981f39ea29",
    "_type": "block",
    "_isAvailable": true,
    "_isOptional": false,
    "_trackingId": 34,
    "_classes": "inverted color-one",
    "body": "",
    "displayTitle": "  ",
    "title": "  "
  },
  {
    "_id": "57b2d143e396ef981f39eaa7",
    "_parentId": "57b2c1c9e396ef981f39ea8d",
    "_type": "block",
    "_isAvailable": true,
    "_isOptional": false,
    "_trackingId": 35,
    "_classes": "inverted color-seven",
    "body": "",
    "displayTitle": " ",
    "title": " "
  },
  {
    "_id": "57b319a1e396ef981f39eb26",
    "_parentId": "57b3182fe396ef981f39eb10",
    "_type": "block",
    "_isAvailable": true,
    "_isOptional": false,
    "_trackingId": 36,
    "_classes": "inverted color-one ",
    "body": "",
    "displayTitle": " ",
    "title": " "
  },
  {
    "_id": "57b5c4e4c71a1cc67f4ee747",
    "_parentId": "57b441b1e396ef981f39ebc9",
    "_type": "block",
    "_isAvailable": true,
    "_isOptional": false,
    "_trackingId": 37,
    "_classes": "inverted color-one",
    "body": "",
    "displayTitle": " ",
    "title": " "
  },
  {
    "_id": "57d030ba4d7b7e82691e3c4d",
    "_parentId": "57c199cfc8c479d7402de28c",
    "_type": "block",
    "_isAvailable": true,
    "_isOptional": false,
    "_trackingId": 38,
    "_classes": "",
    "body": "",
    "displayTitle": "  ",
    "title": "  "
  },
  {
    "_id": "58383f664d7b7e82691e4755",
    "_parentId": "57c198b7c8c479d7402de27f",
    "_type": "block",
    "_isAvailable": true,
    "_isOptional": false,
    "_trackingId": 39,
    "_classes": "inverted color-seven",
    "body": "",
    "displayTitle": "  ",
    "title": "  "
  },
  {
    "_id": "58399d7a4d7b7e82691e4849",
    "_parentId": "57c1992cc8c479d7402de282",
    "_type": "block",
    "_isAvailable": true,
    "_isOptional": false,
    "_trackingId": 40,
    "_classes": "inverted color-seven",
    "body": "",
    "displayTitle": "  ",
    "title": "  "
  },
  {
    "_id": "57b2e232e396ef981f39eabd",
    "_parentId": "57b2c1c9e396ef981f39ea8d",
    "_type": "block",
    "_isAvailable": true,
    "_isOptional": false,
    "_trackingId": 41,
    "_classes": " ",
    "body": "",
    "displayTitle": " ",
    "title": " "
  },
  {
    "_id": "57ac549ce396ef981f39e933",
    "_parentId": "57ac437ce396ef981f39e8fc",
    "_type": "block",
    "_isAvailable": true,
    "_isOptional": false,
    "_trackingId": 42,
    "_classes": " ",
    "body": "",
    "displayTitle": " ",
    "title": " "
  },
  {
    "_id": "57ac7dcbe396ef981f39e9b3",
    "_parentId": "57ac4dd0e396ef981f39e920",
    "_type": "block",
    "_isAvailable": true,
    "_isOptional": false,
    "_trackingId": 43,
    "_classes": " ",
    "body": "",
    "displayTitle": "",
    "title": " "
  },
  {
    "_id": "57adf5bae396ef981f39ea02",
    "_parentId": "57adb0cce396ef981f39e9d5",
    "_type": "block",
    "_isAvailable": true,
    "_isOptional": false,
    "_trackingId": 44,
    "_classes": "section-banner ",
    "body": "",
    "displayTitle": " ",
    "title": " "
  },
  {
    "_id": "57b31a70e396ef981f39eb2d",
    "_parentId": "57b3182fe396ef981f39eb10",
    "_type": "block",
    "_isAvailable": true,
    "_isOptional": false,
    "_trackingId": 45,
    "_classes": "",
    "body": "",
    "displayTitle": " ",
    "title": " "
  },
  {
    "_id": "57b5ccbcc71a1cc67f4ee74d",
    "_parentId": "57b441b1e396ef981f39ebc9",
    "_type": "block",
    "_isAvailable": true,
    "_isOptional": false,
    "_trackingId": 46,
    "_classes": " ",
    "body": "",
    "displayTitle": " ",
    "title": " "
  },
  {
    "_id": "583d4ffc4d7b7e82691e4ab8",
    "_parentId": "57c199cfc8c479d7402de28c",
    "_type": "block",
    "_isAvailable": true,
    "_isOptional": false,
    "_trackingId": 47,
    "_classes": "inverted color-seven",
    "body": "",
    "displayTitle": " ",
    "title": " "
  },
  {
    "_id": "5835c7c14d7b7e82691e4738",
    "_parentId": "57b1b369e396ef981f39ea29",
    "_type": "block",
    "_isAvailable": true,
    "_isOptional": false,
    "_trackingId": 48,
    "_classes": " ",
    "body": "",
    "displayTitle": "  ",
    "title": "  "
  },
  {
    "_id": "583840764d7b7e82691e475b",
    "_parentId": "57c198b7c8c479d7402de27f",
    "_type": "block",
    "_isAvailable": true,
    "_isOptional": false,
    "_trackingId": 49,
    "_classes": "",
    "body": "",
    "displayTitle": "  ",
    "title": "  "
  },
  {
    "_id": "58399db74d7b7e82691e484c",
    "_parentId": "57c1992cc8c479d7402de282",
    "_type": "block",
    "_isAvailable": true,
    "_isOptional": false,
    "_trackingId": 50,
    "_classes": "",
    "body": "",
    "displayTitle": "  ",
    "title": "  "
  },
  {
    "_id": "57ac5781e396ef981f39e944",
    "_parentId": "57ac437ce396ef981f39e8fc",
    "_type": "block",
    "_isAvailable": true,
    "_isOptional": false,
    "_trackingId": 51,
    "_classes": "inverted color-one ",
    "body": "",
    "displayTitle": " ",
    "title": " "
  },
  {
    "_id": "57ac65e0e396ef981f39e9ad",
    "_parentId": "57ac4dd0e396ef981f39e920",
    "_type": "block",
    "_isAvailable": true,
    "_isOptional": false,
    "_trackingId": 52,
    "_classes": "inverted color-one",
    "body": "",
    "displayTitle": "",
    "title": " "
  },
  {
    "_id": "57b1c558e396ef981f39ea38",
    "_parentId": "57adb0cce396ef981f39e9d5",
    "_type": "block",
    "_isAvailable": true,
    "_isOptional": false,
    "_trackingId": 53,
    "_classes": " ",
    "body": "",
    "displayTitle": " ",
    "title": " "
  },
  {
    "_id": "57b2e334e396ef981f39eac2",
    "_parentId": "57b2c1c9e396ef981f39ea8d",
    "_type": "block",
    "_isAvailable": true,
    "_isOptional": false,
    "_trackingId": 54,
    "_classes": "section-banner inverted color-one ",
    "body": "",
    "displayTitle": " ",
    "title": " "
  },
  {
    "_id": "57b30c51e396ef981f39eaf1",
    "_parentId": "57b1b369e396ef981f39ea29",
    "_type": "block",
    "_isAvailable": true,
    "_isOptional": false,
    "_trackingId": 55,
    "_classes": "inverted color-seven",
    "body": "",
    "displayTitle": "  ",
    "title": "  "
  },
  {
    "_id": "57b31b1be396ef981f39eb35",
    "_parentId": "57b3182fe396ef981f39eb10",
    "_type": "block",
    "_isAvailable": true,
    "_isOptional": false,
    "_trackingId": 56,
    "_classes": "inverted color-seven",
    "body": "",
    "displayTitle": " ",
    "title": " "
  },
  {
    "_id": "57b5cdc5c71a1cc67f4ee752",
    "_parentId": "57b441b1e396ef981f39ebc9",
    "_type": "block",
    "_isAvailable": true,
    "_isOptional": false,
    "_trackingId": 57,
    "_classes": "inverted color-one",
    "body": "",
    "displayTitle": " ",
    "title": " "
  },
  {
    "_id": "583d565d4d7b7e82691e4abe",
    "_parentId": "57c199cfc8c479d7402de28c",
    "_type": "block",
    "_isAvailable": true,
    "_isOptional": false,
    "_trackingId": 58,
    "_classes": "",
    "body": "",
    "displayTitle": "  ",
    "title": "  "
  },
  {
    "_id": "5838410e4d7b7e82691e475f",
    "_parentId": "57c198b7c8c479d7402de27f",
    "_type": "block",
    "_isAvailable": true,
    "_isOptional": false,
    "_trackingId": 59,
    "_classes": "inverted color-seven",
    "body": "",
    "displayTitle": "  ",
    "title": "  "
  },
  {
    "_id": "5839a52b4d7b7e82691e484e",
    "_parentId": "57c1992cc8c479d7402de282",
    "_type": "block",
    "_isAvailable": true,
    "_isOptional": false,
    "_trackingId": 60,
    "_classes": "inverted color-one ",
    "body": "",
    "displayTitle": "  ",
    "title": "  "
  },
  {
    "_id": "57ac5c52e396ef981f39e951",
    "_parentId": "57ac437ce396ef981f39e8fc",
    "_type": "block",
    "_isAvailable": true,
    "_isOptional": false,
    "_trackingId": 61,
    "_classes": " ",
    "body": "",
    "displayTitle": " ",
    "title": " "
  },
  {
    "_id": "57ac8152e396ef981f39e9c0",
    "_parentId": "57ac4dd0e396ef981f39e920",
    "_type": "block",
    "_isAvailable": true,
    "_isOptional": false,
    "_trackingId": 62,
    "_classes": " ",
    "body": "",
    "displayTitle": "",
    "title": "  "
  },
  {
    "_id": "57b1c551e396ef981f39ea37",
    "_parentId": "57adb0cce396ef981f39e9d5",
    "_type": "block",
    "_isAvailable": true,
    "_isOptional": false,
    "_trackingId": 63,
    "_classes": " ",
    "body": "",
    "displayTitle": " ",
    "title": " "
  },
  {
    "_id": "57b2e38ae396ef981f39eac8",
    "_parentId": "57b2c1c9e396ef981f39ea8d",
    "_type": "block",
    "_isAvailable": true,
    "_isOptional": false,
    "_trackingId": 64,
    "_classes": " ",
    "body": "",
    "displayTitle": " ",
    "title": " "
  },
  {
    "_id": "57b30e37e396ef981f39eaf6",
    "_parentId": "57b1b369e396ef981f39ea29",
    "_type": "block",
    "_isAvailable": true,
    "_isOptional": false,
    "_trackingId": 65,
    "_classes": " ",
    "body": "",
    "displayTitle": " ",
    "title": " "
  },
  {
    "_id": "57b31c06e396ef981f39eb3d",
    "_parentId": "57b3182fe396ef981f39eb10",
    "_type": "block",
    "_isAvailable": true,
    "_isOptional": false,
    "_trackingId": 66,
    "_classes": "section-banner",
    "body": "",
    "displayTitle": " ",
    "title": " "
  },
  {
    "_id": "57b5ce70c71a1cc67f4ee758",
    "_parentId": "57b441b1e396ef981f39ebc9",
    "_type": "block",
    "_isAvailable": true,
    "_isOptional": false,
    "_trackingId": 67,
    "_classes": " inverted color-seven",
    "body": "",
    "displayTitle": " ",
    "title": " "
  },
  {
    "_id": "583f24f64d7b7e82691e4ae8",
    "_parentId": "57c199cfc8c479d7402de28c",
    "_type": "block",
    "_isAvailable": true,
    "_isOptional": false,
    "_trackingId": 68,
    "_classes": "inverted color-one",
    "body": "",
    "displayTitle": "  ",
    "title": "  "
  },
  {
    "_id": "58385a5e4d7b7e82691e4770",
    "_parentId": "57c198b7c8c479d7402de27f",
    "_type": "block",
    "_isAvailable": true,
    "_isOptional": false,
    "_trackingId": 69,
    "_classes": "",
    "body": "",
    "displayTitle": "  ",
    "title": "  "
  },
  {
    "_id": "5839a5c74d7b7e82691e4853",
    "_parentId": "57c1992cc8c479d7402de282",
    "_type": "block",
    "_isAvailable": true,
    "_isOptional": false,
    "_trackingId": 70,
    "_classes": "",
    "body": "",
    "displayTitle": "  ",
    "title": "  "
  },
  {
    "_id": "57ac5f84e396ef981f39e959",
    "_parentId": "57ac437ce396ef981f39e8fc",
    "_type": "block",
    "_isAvailable": true,
    "_isOptional": false,
    "_trackingId": 71,
    "_classes": " inverted color-one ",
    "body": "",
    "displayTitle": " ",
    "title": " "
  },
  {
    "_id": "57ac825ee396ef981f39e9c6",
    "_parentId": "57ac4dd0e396ef981f39e920",
    "_type": "block",
    "_isAvailable": true,
    "_isOptional": false,
    "_trackingId": 72,
    "_classes": "inverted color-seven",
    "body": "",
    "displayTitle": "  ",
    "title": "  "
  },
  {
    "_id": "57b1c530e396ef981f39ea36",
    "_parentId": "57adb0cce396ef981f39e9d5",
    "_type": "block",
    "_isAvailable": true,
    "_isOptional": false,
    "_trackingId": 73,
    "_classes": "inverted color-seven",
    "body": "",
    "displayTitle": " ",
    "title": " "
  },
  {
    "_id": "57b2e599e396ef981f39ead3",
    "_parentId": "57b2c1c9e396ef981f39ea8d",
    "_type": "block",
    "_isAvailable": true,
    "_isOptional": false,
    "_trackingId": 74,
    "_classes": "inverted color-seven",
    "body": "",
    "displayTitle": " ",
    "title": " "
  },
  {
    "_id": "57b3137fe396ef981f39eb05",
    "_parentId": "57b1b369e396ef981f39ea29",
    "_type": "block",
    "_isAvailable": true,
    "_isOptional": false,
    "_trackingId": 75,
    "_classes": "inverted color-seven",
    "body": "",
    "displayTitle": " ",
    "title": " "
  },
  {
    "_id": "57b31c62e396ef981f39eb51",
    "_parentId": "57b3182fe396ef981f39eb10",
    "_type": "block",
    "_isAvailable": true,
    "_isOptional": false,
    "_trackingId": 76,
    "_classes": "inverted color-one",
    "body": "",
    "displayTitle": " ",
    "title": " "
  },
  {
    "_id": "57b5d062c71a1cc67f4ee75d",
    "_parentId": "57b441b1e396ef981f39ebc9",
    "_type": "block",
    "_isAvailable": true,
    "_isOptional": false,
    "_trackingId": 77,
    "_classes": " ",
    "body": "",
    "displayTitle": "  ",
    "title": "  "
  },
  {
    "_id": "583dad834d7b7e82691e4aca",
    "_parentId": "57c199cfc8c479d7402de28c",
    "_type": "block",
    "_isAvailable": true,
    "_isOptional": false,
    "_trackingId": 78,
    "_classes": "",
    "body": "",
    "displayTitle": "  ",
    "title": "  "
  },
  {
    "_id": "58385b534d7b7e82691e4773",
    "_parentId": "57c198b7c8c479d7402de27f",
    "_type": "block",
    "_isAvailable": true,
    "_isOptional": false,
    "_trackingId": 79,
    "_classes": "inverted color-one",
    "body": "",
    "displayTitle": "  ",
    "title": "  "
  },
  {
    "_id": "5839a6d44d7b7e82691e4856",
    "_parentId": "57c1992cc8c479d7402de282",
    "_type": "block",
    "_isAvailable": true,
    "_isOptional": false,
    "_trackingId": 80,
    "_classes": "inverted color-seven",
    "body": "",
    "displayTitle": "  ",
    "title": "  "
  },
  {
    "_id": "57ac619ee396ef981f39e96a",
    "_parentId": "57ac437ce396ef981f39e8fc",
    "_type": "block",
    "_isAvailable": true,
    "_isOptional": false,
    "_trackingId": 81,
    "_classes": " ",
    "body": "",
    "displayTitle": " ",
    "title": " "
  },
  {
    "_id": "57ac8324e396ef981f39e9cb",
    "_parentId": "57ac4dd0e396ef981f39e920",
    "_type": "block",
    "_isAvailable": true,
    "_isOptional": false,
    "_trackingId": 82,
    "_classes": " ",
    "body": "",
    "displayTitle": "  ",
    "title": "  "
  },
  {
    "_id": "57adf677e396ef981f39ea0a",
    "_parentId": "57adb0cce396ef981f39e9d5",
    "_type": "block",
    "_isAvailable": true,
    "_isOptional": false,
    "_trackingId": 83,
    "_classes": "footer inverted",
    "body": "",
    "displayTitle": " ",
    "title": " "
  },
  {
    "_id": "57b2e66ce396ef981f39ead9",
    "_parentId": "57b2c1c9e396ef981f39ea8d",
    "_type": "block",
    "_isAvailable": true,
    "_isOptional": false,
    "_trackingId": 84,
    "_classes": " ",
    "body": "",
    "displayTitle": " ",
    "title": " "
  },
  {
    "_id": "57b3168ee396ef981f39eb0a",
    "_parentId": "57b1b369e396ef981f39ea29",
    "_type": "block",
    "_isAvailable": true,
    "_isOptional": false,
    "_trackingId": 85,
    "_classes": " ",
    "body": "",
    "displayTitle": " ",
    "title": " "
  },
  {
    "_id": "57b31d0fe396ef981f39eb65",
    "_parentId": "57b3182fe396ef981f39eb10",
    "_type": "block",
    "_isAvailable": true,
    "_isOptional": false,
    "_trackingId": 86,
    "_classes": "",
    "body": "",
    "displayTitle": " ",
    "title": " "
  },
  {
    "_id": "57b5d202c71a1cc67f4ee762",
    "_parentId": "57b441b1e396ef981f39ebc9",
    "_type": "block",
    "_isAvailable": true,
    "_isOptional": false,
    "_trackingId": 87,
    "_classes": " inverted color-seven",
    "body": "",
    "displayTitle": " ",
    "title": " "
  },
  {
    "_id": "583db5d04d7b7e82691e4ad4",
    "_parentId": "57c199cfc8c479d7402de28c",
    "_type": "block",
    "_isAvailable": true,
    "_isOptional": false,
    "_trackingId": 88,
    "_classes": "inverted color-seven",
    "body": "",
    "displayTitle": "  ",
    "title": "  "
  },
  {
    "_id": "58385be34d7b7e82691e4780",
    "_parentId": "57c198b7c8c479d7402de27f",
    "_type": "block",
    "_isAvailable": true,
    "_isOptional": false,
    "_trackingId": 89,
    "_classes": "",
    "body": "",
    "displayTitle": "   ",
    "title": "   "
  },
  {
    "_id": "5839a7714d7b7e82691e4858",
    "_parentId": "57c1992cc8c479d7402de282",
    "_type": "block",
    "_isAvailable": true,
    "_isOptional": false,
    "_trackingId": 90,
    "_classes": "",
    "body": "",
    "displayTitle": "  ",
    "title": "  "
  },
  {
    "_id": "57ac62d4e396ef981f39e97a",
    "_parentId": "57ac437ce396ef981f39e8fc",
    "_type": "block",
    "_isAvailable": true,
    "_isOptional": false,
    "_trackingId": 91,
    "_classes": "inverted color-seven ",
    "body": "",
    "displayTitle": " ",
    "title": " "
  },
  {
    "_id": "57ac8a1be396ef981f39e9d1",
    "_parentId": "57ac4dd0e396ef981f39e920",
    "_type": "block",
    "_isAvailable": true,
    "_isOptional": false,
    "_trackingId": 92,
    "_classes": "inverted color-seven ",
    "body": "",
    "displayTitle": " ",
    "title": " "
  },
  {
    "_id": "57b2e7f1e396ef981f39eae0",
    "_parentId": "57b2c1c9e396ef981f39ea8d",
    "_type": "block",
    "_isAvailable": true,
    "_isOptional": false,
    "_trackingId": 93,
    "_classes": "inverted footer",
    "body": "",
    "displayTitle": " ",
    "title": " "
  },
  {
    "_id": "57b31832e396ef981f39eb12",
    "_parentId": "57b1b369e396ef981f39ea29",
    "_type": "block",
    "_isAvailable": true,
    "_isOptional": false,
    "_trackingId": 94,
    "_classes": "inverted footer ",
    "body": "",
    "displayTitle": "  ",
    "title": "  "
  },
  {
    "_id": "57b31d82e396ef981f39eb79",
    "_parentId": "57b3182fe396ef981f39eb10",
    "_type": "block",
    "_isAvailable": true,
    "_isOptional": false,
    "_trackingId": 95,
    "_classes": "inverted color-seven",
    "body": "",
    "displayTitle": " ",
    "title": " "
  },
  {
    "_id": "57b5d401c71a1cc67f4ee767",
    "_parentId": "57b441b1e396ef981f39ebc9",
    "_type": "block",
    "_isAvailable": true,
    "_isOptional": false,
    "_trackingId": 96,
    "_classes": " ",
    "body": "",
    "displayTitle": " ",
    "title": " "
  },
  {
    "_id": "583db7f74d7b7e82691e4ad9",
    "_parentId": "57c199cfc8c479d7402de28c",
    "_type": "block",
    "_isAvailable": true,
    "_isOptional": false,
    "_trackingId": 97,
    "_classes": "",
    "body": "",
    "displayTitle": "  ",
    "title": "  "
  },
  {
    "_id": "58385c614d7b7e82691e4783",
    "_parentId": "57c198b7c8c479d7402de27f",
    "_type": "block",
    "_isAvailable": true,
    "_isOptional": false,
    "_trackingId": 98,
    "_classes": "inverted color-seven",
    "body": "",
    "displayTitle": "  ",
    "title": "  "
  },
  {
    "_id": "5839a83c4d7b7e82691e485a",
    "_parentId": "57c1992cc8c479d7402de282",
    "_type": "block",
    "_isAvailable": true,
    "_isOptional": false,
    "_trackingId": 99,
    "_classes": "inverted color-one",
    "body": "",
    "displayTitle": "  ",
    "title": "  "
  },
  {
    "_id": "57ac6439e396ef981f39e98c",
    "_parentId": "57ac437ce396ef981f39e8fc",
    "_type": "block",
    "_isAvailable": true,
    "_isOptional": false,
    "_trackingId": 100,
    "_classes": "inverted footer",
    "body": "",
    "displayTitle": " ",
    "title": " "
  },
  {
    "_id": "57b1a45be396ef981f39ea1e",
    "_parentId": "57ac4dd0e396ef981f39e920",
    "_type": "block",
    "_isAvailable": true,
    "_isOptional": false,
    "_trackingId": 101,
    "_classes": " ",
    "body": "",
    "displayTitle": "  ",
    "title": "  "
  },
  {
    "_id": "57b31e24e396ef981f39eb8d",
    "_parentId": "57b3182fe396ef981f39eb10",
    "_type": "block",
    "_isAvailable": true,
    "_isOptional": false,
    "_trackingId": 102,
    "_classes": "",
    "body": "",
    "displayTitle": " ",
    "title": " "
  },
  {
    "_id": "57b5d92ac71a1cc67f4ee76b",
    "_parentId": "57b441b1e396ef981f39ebc9",
    "_type": "block",
    "_isAvailable": true,
    "_isOptional": false,
    "_trackingId": 103,
    "_classes": "inverted footer",
    "body": "",
    "displayTitle": " ",
    "title": " "
  },
  {
    "_id": "583f25064d7b7e82691e4aed",
    "_parentId": "57c199cfc8c479d7402de28c",
    "_type": "block",
    "_isAvailable": true,
    "_isOptional": false,
    "_trackingId": 104,
    "_classes": "inverted footer  ",
    "body": "",
    "displayTitle": "  ",
    "title": "  "
  },
  {
    "_id": "58385da74d7b7e82691e4795",
    "_parentId": "57c198b7c8c479d7402de27f",
    "_type": "block",
    "_isAvailable": true,
    "_isOptional": false,
    "_trackingId": 105,
    "_classes": "inverted footer",
    "body": "",
    "displayTitle": "  ",
    "title": "  "
  },
  {
    "_id": "57b31e9fe396ef981f39eba1",
    "_parentId": "57b3182fe396ef981f39eb10",
    "_type": "block",
    "_isAvailable": true,
    "_isOptional": false,
    "_trackingId": 106,
    "_classes": "inverted footer",
    "body": "",
    "displayTitle": " ",
    "title": " "
  },
  {
    "_id": "583ef3b74d7b7e82691e4adc",
    "_parentId": "57ac4dd0e396ef981f39e920",
    "_type": "block",
    "_isAvailable": true,
    "_isOptional": false,
    "_trackingId": 107,
    "_classes": "inverted footer",
    "body": "",
    "displayTitle": "  ",
    "title": "  "
  }
]