[
  {
    "_id": "579b77371e2f01b51c77a181",
    "_parentId": "579b77361e2f01b51c77a180",
    "_type": "block",
    "_isAvailable": true,
    "_isOptional": false,
    "_trackingId": 1,
    "_classes": "",
    "body": "",
    "displayTitle": " ",
    "title": " "
  },
  {
    "_id": "57b3182fe396ef981f39eb11",
    "_parentId": "57b3182fe396ef981f39eb10",
    "_type": "block",
    "_isAvailable": true,
    "_isOptional": false,
    "_trackingId": 2,
    "_classes": "",
    "body": "",
    "displayTitle": "",
    "title": " "
  },
  {
    "_id": "57b441b1e396ef981f39ebca",
    "_parentId": "57b441b1e396ef981f39ebc9",
    "_type": "block",
    "_isAvailable": true,
    "_isOptional": false,
    "_trackingId": 3,
    "_classes": "",
    "body": "",
    "displayTitle": "",
    "title": " "
  },
  {
    "_id": "57c1992cc8c479d7402de283",
    "_parentId": "57c1992cc8c479d7402de282",
    "_type": "block",
    "_isAvailable": true,
    "_isOptional": false,
    "_trackingId": 4,
    "_classes": "",
    "body": "",
    "displayTitle": "",
    "title": " "
  },
  {
    "_id": "57c199b5c8c479d7402de28a",
    "_parentId": "57c199b5c8c479d7402de289",
    "_type": "block",
    "_isAvailable": true,
    "_isOptional": false,
    "_trackingId": 5,
    "_classes": "",
    "body": "",
    "displayTitle": "",
    "title": " "
  },
  {
    "_id": "57c199cfc8c479d7402de28d",
    "_parentId": "57c199cfc8c479d7402de28c",
    "_type": "block",
    "_isAvailable": true,
    "_isOptional": false,
    "_trackingId": 6,
    "_classes": "",
    "body": "",
    "displayTitle": "",
    "title": " "
  },
  {
    "_id": "57ac4dd0e396ef981f39e921",
    "_parentId": "57ac4dd0e396ef981f39e920",
    "_type": "block",
    "_isAvailable": true,
    "_isOptional": false,
    "_trackingId": 7,
    "_classes": "",
    "body": "",
    "displayTitle": "",
    "title": " "
  },
  {
    "_id": "57ac437de396ef981f39e8fd",
    "_parentId": "57ac437ce396ef981f39e8fc",
    "_type": "block",
    "_isAvailable": true,
    "_isOptional": false,
    "_trackingId": 8,
    "_classes": "",
    "body": "",
    "displayTitle": "",
    "title": " "
  },
  {
    "_id": "57adb0cce396ef981f39e9d6",
    "_parentId": "57adb0cce396ef981f39e9d5",
    "_type": "block",
    "_isAvailable": true,
    "_isOptional": false,
    "_trackingId": 9,
    "_classes": "",
    "body": "",
    "displayTitle": "",
    "title": " "
  },
  {
    "_id": "57b1b369e396ef981f39ea2a",
    "_parentId": "57b1b369e396ef981f39ea29",
    "_type": "block",
    "_isAvailable": true,
    "_isOptional": false,
    "_trackingId": 10,
    "_classes": "",
    "body": "",
    "displayTitle": "",
    "title": "  "
  },
  {
    "_id": "57b2c1c9e396ef981f39ea8e",
    "_parentId": "57b2c1c9e396ef981f39ea8d",
    "_type": "block",
    "_isAvailable": true,
    "_isOptional": false,
    "_trackingId": 11,
    "_classes": "",
    "body": "",
    "displayTitle": "",
    "title": " "
  },
  {
    "_id": "57c198b7c8c479d7402de280",
    "_parentId": "57c198b7c8c479d7402de27f",
    "_type": "block",
    "_isAvailable": true,
    "_isOptional": false,
    "_trackingId": 12,
    "_classes": "",
    "body": "",
    "displayTitle": "",
    "title": " "
  },
  {
    "_id": "57c19a9dc8c479d7402de29c",
    "_parentId": "57c19a9dc8c479d7402de29b",
    "_type": "block",
    "_isAvailable": true,
    "_isOptional": false,
    "_trackingId": 13,
    "_classes": "",
    "body": "",
    "displayTitle": "",
    "title": " "
  },
  {
    "_id": "57a87e00e396ef981f39e80e",
    "_parentId": "579b77361e2f01b51c77a180",
    "_type": "block",
    "_isAvailable": true,
    "_isOptional": false,
    "_trackingId": 14,
    "_classes": "inverted color-five",
    "body": "",
    "displayTitle": " ",
    "title": " "
  },
  {
    "_id": "57ac5051e396ef981f39e92d",
    "_parentId": "57ac4dd0e396ef981f39e920",
    "_type": "block",
    "_isAvailable": true,
    "_isOptional": false,
    "_trackingId": 15,
    "_classes": "inverted color-ten",
    "body": "",
    "displayTitle": " ",
    "title": " "
  },
  {
    "_id": "57ac4bbee396ef981f39e91b",
    "_parentId": "57ac437ce396ef981f39e8fc",
    "_type": "block",
    "_isAvailable": true,
    "_isOptional": false,
    "_trackingId": 16,
    "_classes": "inverted color-five",
    "body": "",
    "displayTitle": " ",
    "title": " "
  },
  {
    "_id": "57adf062e396ef981f39e9ef",
    "_parentId": "57adb0cce396ef981f39e9d5",
    "_type": "block",
    "_isAvailable": true,
    "_isOptional": false,
    "_trackingId": 17,
    "_classes": "inverted color-six",
    "body": "",
    "displayTitle": " ",
    "title": " "
  },
  {
    "_id": "57b1c41de396ef981f39ea2f",
    "_parentId": "57b1b369e396ef981f39ea29",
    "_type": "block",
    "_isAvailable": true,
    "_isOptional": false,
    "_trackingId": 18,
    "_classes": "inverted color-two",
    "body": "",
    "displayTitle": " ",
    "title": " "
  },
  {
    "_id": "57b2ce74e396ef981f39ea9b",
    "_parentId": "57b2c1c9e396ef981f39ea8d",
    "_type": "block",
    "_isAvailable": true,
    "_isOptional": false,
    "_trackingId": 19,
    "_classes": "inverted color-four",
    "body": "",
    "displayTitle": " ",
    "title": " "
  },
  {
    "_id": "57b31889e396ef981f39eb1d",
    "_parentId": "57b3182fe396ef981f39eb10",
    "_type": "block",
    "_isAvailable": true,
    "_isOptional": false,
    "_trackingId": 20,
    "_classes": "inverted color-five",
    "body": "",
    "displayTitle": " ",
    "title": " "
  },
  {
    "_id": "57b595dbe396ef981f39ebcf",
    "_parentId": "57b441b1e396ef981f39ebc9",
    "_type": "block",
    "_isAvailable": true,
    "_isOptional": false,
    "_trackingId": 21,
    "_classes": "inverted color-one",
    "body": "",
    "displayTitle": "  ",
    "title": "  "
  },
  {
    "_id": "57c59def4d7b7e82691e3beb",
    "_parentId": "57c199cfc8c479d7402de28c",
    "_type": "block",
    "_isAvailable": true,
    "_isOptional": false,
    "_trackingId": 22,
    "_classes": "",
    "body": "",
    "displayTitle": " ",
    "title": " "
  },
  {
    "_id": "579b82cde396ef981f39e7e2",
    "_parentId": "579b77361e2f01b51c77a180",
    "_type": "block",
    "_isAvailable": true,
    "_isOptional": false,
    "_trackingId": 23,
    "_classes": "",
    "body": "",
    "displayTitle": " ",
    "title": " "
  },
  {
    "_id": "57ac459be396ef981f39e903",
    "_parentId": "57ac437ce396ef981f39e8fc",
    "_type": "block",
    "_isAvailable": true,
    "_isOptional": false,
    "_trackingId": 24,
    "_classes": "",
    "body": "",
    "displayTitle": " ",
    "title": " "
  },
  {
    "_id": "57ac5607e396ef981f39e938",
    "_parentId": "57ac4dd0e396ef981f39e920",
    "_type": "block",
    "_isAvailable": true,
    "_isOptional": false,
    "_trackingId": 25,
    "_classes": "",
    "body": "",
    "displayTitle": "  ",
    "title": "  "
  },
  {
    "_id": "57adb1afe396ef981f39e9db",
    "_parentId": "57adb0cce396ef981f39e9d5",
    "_type": "block",
    "_isAvailable": true,
    "_isOptional": false,
    "_trackingId": 26,
    "_classes": "",
    "body": "",
    "displayTitle": " ",
    "title": " "
  },
  {
    "_id": "57b1c460e396ef981f39ea31",
    "_parentId": "57b1b369e396ef981f39ea29",
    "_type": "block",
    "_isAvailable": true,
    "_isOptional": false,
    "_trackingId": 27,
    "_classes": "",
    "body": "",
    "displayTitle": "  ",
    "title": "  "
  },
  {
    "_id": "57b2c540e396ef981f39ea93",
    "_parentId": "57b2c1c9e396ef981f39ea8d",
    "_type": "block",
    "_isAvailable": true,
    "_isOptional": false,
    "_trackingId": 28,
    "_classes": "",
    "body": "",
    "displayTitle": " ",
    "title": " "
  },
  {
    "_id": "57b318fce396ef981f39eb1f",
    "_parentId": "57b3182fe396ef981f39eb10",
    "_type": "block",
    "_isAvailable": true,
    "_isOptional": false,
    "_trackingId": 29,
    "_classes": "",
    "body": "",
    "displayTitle": " ",
    "title": " "
  },
  {
    "_id": "57b59791e396ef981f39ebd4",
    "_parentId": "57b441b1e396ef981f39ebc9",
    "_type": "block",
    "_isAvailable": true,
    "_isOptional": false,
    "_trackingId": 30,
    "_classes": "",
    "body": "",
    "displayTitle": "  ",
    "title": "  "
  },
  {
    "_id": "57a052d5e396ef981f39e7e6",
    "_parentId": "579b77361e2f01b51c77a180",
    "_type": "block",
    "_isAvailable": true,
    "_isOptional": false,
    "_trackingId": 31,
    "_classes": "inverted color-three",
    "body": "<p>Without data we can&rsquo;t build information, and without information there is no new knowledge.</p>\n",
    "displayTitle": "From raw material to new information and knowledge",
    "title": "From raw material to new information and knowledge"
  },
  {
    "_id": "57b2cf92e396ef981f39ea9d",
    "_parentId": "57b2c1c9e396ef981f39ea8d",
    "_type": "block",
    "_isAvailable": true,
    "_isOptional": false,
    "_trackingId": 32,
    "_classes": "inverted color-two",
    "body": "",
    "displayTitle": " ",
    "title": " "
  },
  {
    "_id": "57ac5c0de396ef981f39e94d",
    "_parentId": "57ac4dd0e396ef981f39e920",
    "_type": "block",
    "_isAvailable": true,
    "_isOptional": false,
    "_trackingId": 33,
    "_classes": "inverted color-two",
    "body": "",
    "displayTitle": "  ",
    "title": "  "
  },
  {
    "_id": "57ac488ce396ef981f39e911",
    "_parentId": "57ac437ce396ef981f39e8fc",
    "_type": "block",
    "_isAvailable": true,
    "_isOptional": false,
    "_trackingId": 34,
    "_classes": "inverted color-four",
    "body": "",
    "displayTitle": " ",
    "title": " "
  },
  {
    "_id": "57adbaefe396ef981f39e9e2",
    "_parentId": "57adb0cce396ef981f39e9d5",
    "_type": "block",
    "_isAvailable": true,
    "_isOptional": false,
    "_trackingId": 35,
    "_classes": "inverted color-two",
    "body": "",
    "displayTitle": " ",
    "title": " "
  },
  {
    "_id": "57b1c98ae396ef981f39ea5c",
    "_parentId": "57b1b369e396ef981f39ea29",
    "_type": "block",
    "_isAvailable": true,
    "_isOptional": false,
    "_trackingId": 36,
    "_classes": "inverted color-four",
    "body": "",
    "displayTitle": " ",
    "title": " "
  },
  {
    "_id": "57b319a1e396ef981f39eb26",
    "_parentId": "57b3182fe396ef981f39eb10",
    "_type": "block",
    "_isAvailable": true,
    "_isOptional": false,
    "_trackingId": 37,
    "_classes": "inverted color-four",
    "body": "",
    "displayTitle": " ",
    "title": " "
  },
  {
    "_id": "57b59bb2e396ef981f39ebdb",
    "_parentId": "57b441b1e396ef981f39ebc9",
    "_type": "block",
    "_isAvailable": true,
    "_isOptional": false,
    "_trackingId": 38,
    "_classes": "inverted color-three",
    "body": "",
    "displayTitle": "  ",
    "title": "  "
  },
  {
    "_id": "57a05495e396ef981f39e7ea",
    "_parentId": "579b77361e2f01b51c77a180",
    "_type": "block",
    "_isAvailable": true,
    "_isOptional": false,
    "_trackingId": 39,
    "_classes": "",
    "body": "",
    "displayTitle": "",
    "title": " "
  },
  {
    "_id": "57ac4c62e396ef981f39e91d",
    "_parentId": "57ac437ce396ef981f39e8fc",
    "_type": "block",
    "_isAvailable": true,
    "_isOptional": false,
    "_trackingId": 40,
    "_classes": "",
    "body": "",
    "displayTitle": " ",
    "title": " "
  },
  {
    "_id": "57ac65e0e396ef981f39e9ad",
    "_parentId": "57ac4dd0e396ef981f39e920",
    "_type": "block",
    "_isAvailable": true,
    "_isOptional": false,
    "_trackingId": 41,
    "_classes": "",
    "body": "",
    "displayTitle": "Data Science Example",
    "title": "Data Science Example"
  },
  {
    "_id": "57adbc93e396ef981f39e9e9",
    "_parentId": "57adb0cce396ef981f39e9d5",
    "_type": "block",
    "_isAvailable": true,
    "_isOptional": false,
    "_trackingId": 42,
    "_classes": "",
    "body": "",
    "displayTitle": " ",
    "title": " "
  },
  {
    "_id": "57b1d17ee396ef981f39ea7c",
    "_parentId": "57b1b369e396ef981f39ea29",
    "_type": "block",
    "_isAvailable": true,
    "_isOptional": false,
    "_trackingId": 43,
    "_classes": "",
    "body": "",
    "displayTitle": "  ",
    "title": "  "
  },
  {
    "_id": "57b2d143e396ef981f39eaa7",
    "_parentId": "57b2c1c9e396ef981f39ea8d",
    "_type": "block",
    "_isAvailable": true,
    "_isOptional": false,
    "_trackingId": 44,
    "_classes": "",
    "body": "",
    "displayTitle": " ",
    "title": " "
  },
  {
    "_id": "57b31a70e396ef981f39eb2d",
    "_parentId": "57b3182fe396ef981f39eb10",
    "_type": "block",
    "_isAvailable": true,
    "_isOptional": false,
    "_trackingId": 45,
    "_classes": "",
    "body": "",
    "displayTitle": " ",
    "title": " "
  },
  {
    "_id": "57b5c4e4c71a1cc67f4ee747",
    "_parentId": "57b441b1e396ef981f39ebc9",
    "_type": "block",
    "_isAvailable": true,
    "_isOptional": false,
    "_trackingId": 46,
    "_classes": "",
    "body": "",
    "displayTitle": " ",
    "title": " "
  },
  {
    "_id": "57a05e96e396ef981f39e7ed",
    "_parentId": "579b77361e2f01b51c77a180",
    "_type": "block",
    "_isAvailable": true,
    "_isOptional": false,
    "_trackingId": 47,
    "_classes": " inverted color-one",
    "body": "<p>Open data can help bring diverse benefits to governments, businesses and civil society.</p>\n",
    "displayTitle": "Why do we need open data?",
    "title": "Why do we need open data?"
  },
  {
    "_id": "57b2e232e396ef981f39eabd",
    "_parentId": "57b2c1c9e396ef981f39ea8d",
    "_type": "block",
    "_isAvailable": true,
    "_isOptional": false,
    "_trackingId": 48,
    "_classes": "inverted color-five",
    "body": "",
    "displayTitle": " ",
    "title": " "
  },
  {
    "_id": "57ac549ce396ef981f39e933",
    "_parentId": "57ac437ce396ef981f39e8fc",
    "_type": "block",
    "_isAvailable": true,
    "_isOptional": false,
    "_trackingId": 49,
    "_classes": "inverted color-four",
    "body": "",
    "displayTitle": " ",
    "title": " "
  },
  {
    "_id": "57ac7dcbe396ef981f39e9b3",
    "_parentId": "57ac4dd0e396ef981f39e920",
    "_type": "block",
    "_isAvailable": true,
    "_isOptional": false,
    "_trackingId": 50,
    "_classes": "inverted color-five",
    "body": "",
    "displayTitle": "Data Science Example  ",
    "title": "Data Science Example  "
  },
  {
    "_id": "57adf118e396ef981f39e9f1",
    "_parentId": "57adb0cce396ef981f39e9d5",
    "_type": "block",
    "_isAvailable": true,
    "_isOptional": false,
    "_trackingId": 51,
    "_classes": "inverted color-seven",
    "body": "",
    "displayTitle": " ",
    "title": " "
  },
  {
    "_id": "57b1e560e396ef981f39ea8b",
    "_parentId": "57b1b369e396ef981f39ea29",
    "_type": "block",
    "_isAvailable": true,
    "_isOptional": false,
    "_trackingId": 52,
    "_classes": "inverted color-six",
    "body": "",
    "displayTitle": "  ",
    "title": "  "
  },
  {
    "_id": "57b31b1be396ef981f39eb35",
    "_parentId": "57b3182fe396ef981f39eb10",
    "_type": "block",
    "_isAvailable": true,
    "_isOptional": false,
    "_trackingId": 53,
    "_classes": "inverted color-nine",
    "body": "",
    "displayTitle": " ",
    "title": " "
  },
  {
    "_id": "57b5ccbcc71a1cc67f4ee74d",
    "_parentId": "57b441b1e396ef981f39ebc9",
    "_type": "block",
    "_isAvailable": true,
    "_isOptional": false,
    "_trackingId": 54,
    "_classes": "inverted color-five",
    "body": "",
    "displayTitle": " ",
    "title": " "
  },
  {
    "_id": "57a06011e396ef981f39e7ef",
    "_parentId": "579b77361e2f01b51c77a180",
    "_type": "block",
    "_isAvailable": true,
    "_isOptional": false,
    "_trackingId": 55,
    "_classes": "section-banner",
    "body": "",
    "displayTitle": " ",
    "title": " "
  },
  {
    "_id": "57ac5781e396ef981f39e944",
    "_parentId": "57ac437ce396ef981f39e8fc",
    "_type": "block",
    "_isAvailable": true,
    "_isOptional": false,
    "_trackingId": 56,
    "_classes": "",
    "body": "",
    "displayTitle": " ",
    "title": " "
  },
  {
    "_id": "57ac7fdbe396ef981f39e9ba",
    "_parentId": "57ac4dd0e396ef981f39e920",
    "_type": "block",
    "_isAvailable": true,
    "_isOptional": false,
    "_trackingId": 57,
    "_classes": "",
    "body": "",
    "displayTitle": " Reactive Data Journalism Example",
    "title": " Reactive Data Journalism Example"
  },
  {
    "_id": "57adf4b3e396ef981f39e9f8",
    "_parentId": "57adb0cce396ef981f39e9d5",
    "_type": "block",
    "_isAvailable": true,
    "_isOptional": false,
    "_trackingId": 58,
    "_classes": "",
    "body": "",
    "displayTitle": " ",
    "title": " "
  },
  {
    "_id": "57b2e334e396ef981f39eac2",
    "_parentId": "57b2c1c9e396ef981f39ea8d",
    "_type": "block",
    "_isAvailable": true,
    "_isOptional": false,
    "_trackingId": 59,
    "_classes": "section-banner",
    "body": "",
    "displayTitle": " ",
    "title": " "
  },
  {
    "_id": "57b30c51e396ef981f39eaf1",
    "_parentId": "57b1b369e396ef981f39ea29",
    "_type": "block",
    "_isAvailable": true,
    "_isOptional": false,
    "_trackingId": 60,
    "_classes": "section-banner",
    "body": "",
    "displayTitle": "  ",
    "title": "  "
  },
  {
    "_id": "57b31c06e396ef981f39eb3d",
    "_parentId": "57b3182fe396ef981f39eb10",
    "_type": "block",
    "_isAvailable": true,
    "_isOptional": false,
    "_trackingId": 61,
    "_classes": "section-banner",
    "body": "",
    "displayTitle": " ",
    "title": " "
  },
  {
    "_id": "57b5cdc5c71a1cc67f4ee752",
    "_parentId": "57b441b1e396ef981f39ebc9",
    "_type": "block",
    "_isAvailable": true,
    "_isOptional": false,
    "_trackingId": 62,
    "_classes": "",
    "body": "",
    "displayTitle": " ",
    "title": " "
  },
  {
    "_id": "57a062bde396ef981f39e7f2",
    "_parentId": "579b77361e2f01b51c77a180",
    "_type": "block",
    "_isAvailable": true,
    "_isOptional": false,
    "_trackingId": 63,
    "_classes": "inverted color-ten",
    "body": "",
    "displayTitle": " ",
    "title": " "
  },
  {
    "_id": "57ac5c52e396ef981f39e951",
    "_parentId": "57ac437ce396ef981f39e8fc",
    "_type": "block",
    "_isAvailable": true,
    "_isOptional": false,
    "_trackingId": 64,
    "_classes": "inverted color-three section-banner",
    "body": "",
    "displayTitle": " ",
    "title": " "
  },
  {
    "_id": "57ac8152e396ef981f39e9c0",
    "_parentId": "57ac4dd0e396ef981f39e920",
    "_type": "block",
    "_isAvailable": true,
    "_isOptional": false,
    "_trackingId": 65,
    "_classes": "inverted color-eight",
    "body": "",
    "displayTitle": "Proactive Data Journalism Example",
    "title": "Proactive Data Journalism Example"
  },
  {
    "_id": "57adf5bae396ef981f39ea02",
    "_parentId": "57adb0cce396ef981f39e9d5",
    "_type": "block",
    "_isAvailable": true,
    "_isOptional": false,
    "_trackingId": 66,
    "_classes": "section-banner inverted color-two",
    "body": "",
    "displayTitle": " ",
    "title": " "
  },
  {
    "_id": "57b2e38ae396ef981f39eac8",
    "_parentId": "57b2c1c9e396ef981f39ea8d",
    "_type": "block",
    "_isAvailable": true,
    "_isOptional": false,
    "_trackingId": 67,
    "_classes": "inverted color-seven",
    "body": "",
    "displayTitle": " ",
    "title": " "
  },
  {
    "_id": "57b30e37e396ef981f39eaf6",
    "_parentId": "57b1b369e396ef981f39ea29",
    "_type": "block",
    "_isAvailable": true,
    "_isOptional": false,
    "_trackingId": 68,
    "_classes": "inverted color-ten",
    "body": "",
    "displayTitle": " ",
    "title": " "
  },
  {
    "_id": "57b31c62e396ef981f39eb51",
    "_parentId": "57b3182fe396ef981f39eb10",
    "_type": "block",
    "_isAvailable": true,
    "_isOptional": false,
    "_trackingId": 69,
    "_classes": "inverted color-six",
    "body": "",
    "displayTitle": " ",
    "title": " "
  },
  {
    "_id": "57b5ce70c71a1cc67f4ee758",
    "_parentId": "57b441b1e396ef981f39ebc9",
    "_type": "block",
    "_isAvailable": true,
    "_isOptional": false,
    "_trackingId": 70,
    "_classes": "section-banner inverted color-seven",
    "body": "",
    "displayTitle": " ",
    "title": " "
  },
  {
    "_id": "57a0648ae396ef981f39e7f5",
    "_parentId": "579b77361e2f01b51c77a180",
    "_type": "block",
    "_isAvailable": true,
    "_isOptional": false,
    "_trackingId": 71,
    "_classes": "",
    "body": "",
    "displayTitle": " ",
    "title": " "
  },
  {
    "_id": "57ac5f84e396ef981f39e959",
    "_parentId": "57ac437ce396ef981f39e8fc",
    "_type": "block",
    "_isAvailable": true,
    "_isOptional": false,
    "_trackingId": 72,
    "_classes": "",
    "body": "",
    "displayTitle": " ",
    "title": " "
  },
  {
    "_id": "57ac825ee396ef981f39e9c6",
    "_parentId": "57ac4dd0e396ef981f39e920",
    "_type": "block",
    "_isAvailable": true,
    "_isOptional": false,
    "_trackingId": 73,
    "_classes": "",
    "body": "",
    "displayTitle": "  ",
    "title": "  "
  },
  {
    "_id": "57b1c558e396ef981f39ea38",
    "_parentId": "57adb0cce396ef981f39e9d5",
    "_type": "block",
    "_isAvailable": true,
    "_isOptional": false,
    "_trackingId": 74,
    "_classes": "",
    "body": "",
    "displayTitle": " ",
    "title": " "
  },
  {
    "_id": "57b2e599e396ef981f39ead3",
    "_parentId": "57b2c1c9e396ef981f39ea8d",
    "_type": "block",
    "_isAvailable": true,
    "_isOptional": false,
    "_trackingId": 75,
    "_classes": "",
    "body": "",
    "displayTitle": " ",
    "title": " "
  },
  {
    "_id": "57b3137fe396ef981f39eb05",
    "_parentId": "57b1b369e396ef981f39ea29",
    "_type": "block",
    "_isAvailable": true,
    "_isOptional": false,
    "_trackingId": 76,
    "_classes": "",
    "body": "",
    "displayTitle": " ",
    "title": " "
  },
  {
    "_id": "57b31d0fe396ef981f39eb65",
    "_parentId": "57b3182fe396ef981f39eb10",
    "_type": "block",
    "_isAvailable": true,
    "_isOptional": false,
    "_trackingId": 77,
    "_classes": "",
    "body": "",
    "displayTitle": " ",
    "title": " "
  },
  {
    "_id": "57b5d062c71a1cc67f4ee75d",
    "_parentId": "57b441b1e396ef981f39ebc9",
    "_type": "block",
    "_isAvailable": true,
    "_isOptional": false,
    "_trackingId": 78,
    "_classes": "",
    "body": "",
    "displayTitle": "  ",
    "title": "  "
  },
  {
    "_id": "57a0665ae396ef981f39e7f8",
    "_parentId": "579b77361e2f01b51c77a180",
    "_type": "block",
    "_isAvailable": true,
    "_isOptional": false,
    "_trackingId": 79,
    "_classes": "inverted color-eight",
    "body": "",
    "displayTitle": " ",
    "title": " "
  },
  {
    "_id": "57ac619ee396ef981f39e96a",
    "_parentId": "57ac437ce396ef981f39e8fc",
    "_type": "block",
    "_isAvailable": true,
    "_isOptional": false,
    "_trackingId": 80,
    "_classes": "inverted color-three",
    "body": "",
    "displayTitle": " ",
    "title": " "
  },
  {
    "_id": "57ac8324e396ef981f39e9cb",
    "_parentId": "57ac4dd0e396ef981f39e920",
    "_type": "block",
    "_isAvailable": true,
    "_isOptional": false,
    "_trackingId": 81,
    "_classes": "inverted color-seven",
    "body": "",
    "displayTitle": "  ",
    "title": "  "
  },
  {
    "_id": "57b1c551e396ef981f39ea37",
    "_parentId": "57adb0cce396ef981f39e9d5",
    "_type": "block",
    "_isAvailable": true,
    "_isOptional": false,
    "_trackingId": 82,
    "_classes": "inverted color-seven",
    "body": "",
    "displayTitle": " ",
    "title": " "
  },
  {
    "_id": "57b2e66ce396ef981f39ead9",
    "_parentId": "57b2c1c9e396ef981f39ea8d",
    "_type": "block",
    "_isAvailable": true,
    "_isOptional": false,
    "_trackingId": 83,
    "_classes": "inverted color-four",
    "body": "",
    "displayTitle": " ",
    "title": " "
  },
  {
    "_id": "57b3168ee396ef981f39eb0a",
    "_parentId": "57b1b369e396ef981f39ea29",
    "_type": "block",
    "_isAvailable": true,
    "_isOptional": false,
    "_trackingId": 84,
    "_classes": "inverted color-three",
    "body": "",
    "displayTitle": " ",
    "title": " "
  },
  {
    "_id": "57b31d82e396ef981f39eb79",
    "_parentId": "57b3182fe396ef981f39eb10",
    "_type": "block",
    "_isAvailable": true,
    "_isOptional": false,
    "_trackingId": 85,
    "_classes": "inverted color-three",
    "body": "",
    "displayTitle": " ",
    "title": " "
  },
  {
    "_id": "57b5d202c71a1cc67f4ee762",
    "_parentId": "57b441b1e396ef981f39ebc9",
    "_type": "block",
    "_isAvailable": true,
    "_isOptional": false,
    "_trackingId": 86,
    "_classes": "inverted color-eleven ",
    "body": "",
    "displayTitle": " ",
    "title": " "
  },
  {
    "_id": "57a06769e396ef981f39e7fc",
    "_parentId": "579b77361e2f01b51c77a180",
    "_type": "block",
    "_isAvailable": true,
    "_isOptional": false,
    "_trackingId": 87,
    "_classes": "",
    "body": "",
    "displayTitle": " ",
    "title": " "
  },
  {
    "_id": "57ac62d4e396ef981f39e97a",
    "_parentId": "57ac437ce396ef981f39e8fc",
    "_type": "block",
    "_isAvailable": true,
    "_isOptional": false,
    "_trackingId": 88,
    "_classes": "",
    "body": "",
    "displayTitle": " ",
    "title": " "
  },
  {
    "_id": "57ac8a1be396ef981f39e9d1",
    "_parentId": "57ac4dd0e396ef981f39e920",
    "_type": "block",
    "_isAvailable": true,
    "_isOptional": false,
    "_trackingId": 89,
    "_classes": "",
    "body": "",
    "displayTitle": " ",
    "title": " "
  },
  {
    "_id": "57b1c530e396ef981f39ea36",
    "_parentId": "57adb0cce396ef981f39e9d5",
    "_type": "block",
    "_isAvailable": true,
    "_isOptional": false,
    "_trackingId": 90,
    "_classes": "",
    "body": "",
    "displayTitle": " ",
    "title": " "
  },
  {
    "_id": "57b2e7f1e396ef981f39eae0",
    "_parentId": "57b2c1c9e396ef981f39ea8d",
    "_type": "block",
    "_isAvailable": true,
    "_isOptional": false,
    "_trackingId": 91,
    "_classes": "inverted footer",
    "body": "",
    "displayTitle": " ",
    "title": " "
  },
  {
    "_id": "57b31832e396ef981f39eb12",
    "_parentId": "57b1b369e396ef981f39ea29",
    "_type": "block",
    "_isAvailable": true,
    "_isOptional": false,
    "_trackingId": 92,
    "_classes": "",
    "body": "",
    "displayTitle": "  ",
    "title": "  "
  },
  {
    "_id": "57b31e24e396ef981f39eb8d",
    "_parentId": "57b3182fe396ef981f39eb10",
    "_type": "block",
    "_isAvailable": true,
    "_isOptional": false,
    "_trackingId": 93,
    "_classes": "",
    "body": "",
    "displayTitle": " ",
    "title": " "
  },
  {
    "_id": "57b5d401c71a1cc67f4ee767",
    "_parentId": "57b441b1e396ef981f39ebc9",
    "_type": "block",
    "_isAvailable": true,
    "_isOptional": false,
    "_trackingId": 94,
    "_classes": "",
    "body": "",
    "displayTitle": " ",
    "title": " "
  },
  {
    "_id": "57a0681fe396ef981f39e7ff",
    "_parentId": "579b77361e2f01b51c77a180",
    "_type": "block",
    "_isAvailable": true,
    "_isOptional": false,
    "_trackingId": 95,
    "_classes": "inverted footer",
    "body": "",
    "displayTitle": " ",
    "title": " "
  },
  {
    "_id": "57ac6439e396ef981f39e98c",
    "_parentId": "57ac437ce396ef981f39e8fc",
    "_type": "block",
    "_isAvailable": true,
    "_isOptional": false,
    "_trackingId": 96,
    "_classes": "inverted footer",
    "body": "",
    "displayTitle": " ",
    "title": " "
  },
  {
    "_id": "57adf677e396ef981f39ea0a",
    "_parentId": "57adb0cce396ef981f39e9d5",
    "_type": "block",
    "_isAvailable": true,
    "_isOptional": false,
    "_trackingId": 97,
    "_classes": "footer inverted",
    "body": "",
    "displayTitle": " ",
    "title": " "
  },
  {
    "_id": "57b1a45be396ef981f39ea1e",
    "_parentId": "57ac4dd0e396ef981f39e920",
    "_type": "block",
    "_isAvailable": true,
    "_isOptional": false,
    "_trackingId": 98,
    "_classes": "inverted color-six",
    "body": "",
    "displayTitle": "  ",
    "title": "  "
  },
  {
    "_id": "57b2e8c6e396ef981f39eae6",
    "_parentId": "57b2c1c9e396ef981f39ea8d",
    "_type": "block",
    "_isAvailable": true,
    "_isOptional": false,
    "_trackingId": 99,
    "_classes": "footer inverted social-links section-banner",
    "body": "",
    "displayTitle": " ",
    "title": " "
  },
  {
    "_id": "57b31e9fe396ef981f39eba1",
    "_parentId": "57b3182fe396ef981f39eb10",
    "_type": "block",
    "_isAvailable": true,
    "_isOptional": false,
    "_trackingId": 100,
    "_classes": "inverted footer",
    "body": "",
    "displayTitle": " ",
    "title": " "
  },
  {
    "_id": "57b5d92ac71a1cc67f4ee76b",
    "_parentId": "57b441b1e396ef981f39ebc9",
    "_type": "block",
    "_isAvailable": true,
    "_isOptional": false,
    "_trackingId": 101,
    "_classes": "inverted color-two ",
    "body": "",
    "displayTitle": " ",
    "title": " "
  },
  {
    "_id": "57a06895e396ef981f39e802",
    "_parentId": "579b77361e2f01b51c77a180",
    "_type": "block",
    "_isAvailable": true,
    "_isOptional": false,
    "_trackingId": 102,
    "_classes": "inverted footer section-banner social-links",
    "body": "",
    "displayTitle": " ",
    "title": " "
  },
  {
    "_id": "57ac6539e396ef981f39e99d",
    "_parentId": "57ac437ce396ef981f39e8fc",
    "_type": "block",
    "_isAvailable": true,
    "_isOptional": false,
    "_trackingId": 103,
    "_classes": "inverted footer section-banner social-links",
    "body": "",
    "displayTitle": " ",
    "title": " "
  },
  {
    "_id": "57adf781e396ef981f39ea12",
    "_parentId": "57adb0cce396ef981f39e9d5",
    "_type": "block",
    "_isAvailable": true,
    "_isOptional": false,
    "_trackingId": 104,
    "_classes": "footer inverted social-links section-banner",
    "body": "",
    "displayTitle": " ",
    "title": " "
  },
  {
    "_id": "57b1a7fce396ef981f39ea23",
    "_parentId": "57ac4dd0e396ef981f39e920",
    "_type": "block",
    "_isAvailable": true,
    "_isOptional": false,
    "_trackingId": 105,
    "_classes": "inverted color-two",
    "body": "",
    "displayTitle": "  ",
    "title": "  "
  },
  {
    "_id": "57b31f3ee396ef981f39ebb5",
    "_parentId": "57b3182fe396ef981f39eb10",
    "_type": "block",
    "_isAvailable": true,
    "_isOptional": false,
    "_trackingId": 106,
    "_classes": "inverted footer section-banner social-links",
    "body": "",
    "displayTitle": " ",
    "title": " "
  }
]