[
  {
    "_graphic": {
      "alt": "",
      "src": ""
    },
    "_id": "57ac4dd0e396ef981f39e91f",
    "_parentId": "course",
    "_type": "page",
    "_isAvailable": true,
    "_isOptional": false,
    "_lockedBy": [],
    "duration": "",
    "linkText": "View",
    "_classes": "",
    "body": "",
    "displayTitle": "Introduction to Data Journalism ",
    "title": "Introduction to Data Journalism ",
    "_pageLevelProgress": {
      "_isEnabled": true,
      "_showPageCompletion": true
    },
    "_skillsFramework": {
      "_skills": []
    },
    "_trackingHub": {
      "_pageID": "EDSA_1"
    }
  },
  {
    "_graphic": {
      "alt": "",
      "src": ""
    },
    "_id": "57b1b369e396ef981f39ea28",
    "_parentId": "course",
    "_type": "page",
    "_isAvailable": true,
    "_isOptional": false,
    "_lockedBy": [],
    "duration": "",
    "linkText": "View",
    "_classes": "",
    "body": "",
    "displayTitle": "The Data Journalism Process",
    "title": "The Data Journalism Process",
    "_pageLevelProgress": {
      "_isEnabled": true,
      "_showPageCompletion": true
    },
    "_skillsFramework": {
      "_skills": []
    },
    "_trackingHub": {
      "_pageID": "EDSA_2"
    }
  },
  {
    "_graphic": {
      "alt": "",
      "src": ""
    },
    "_id": "57b441b1e396ef981f39ebc8",
    "_parentId": "course",
    "_type": "page",
    "_isAvailable": true,
    "_isOptional": false,
    "_lockedBy": [],
    "duration": "",
    "linkText": "View",
    "_classes": "",
    "body": "",
    "displayTitle": "Data Journalism and the Law",
    "title": "Data Journalism and the Law",
    "_pageLevelProgress": {
      "_isEnabled": true,
      "_showPageCompletion": true
    },
    "_skillsFramework": {
      "_skills": []
    },
    "_trackingHub": {
      "_pageID": "EDSA_3"
    }
  },
  {
    "_graphic": {
      "alt": "",
      "src": ""
    },
    "_id": "57c19a9dc8c479d7402de29a",
    "_parentId": "course",
    "_type": "page",
    "_isAvailable": true,
    "_isOptional": false,
    "_lockedBy": [],
    "duration": "",
    "linkText": "View",
    "_classes": "",
    "body": "",
    "displayTitle": "TODO: Data sources and formats",
    "title": "TODO: Data sources and formats",
    "_pageLevelProgress": {
      "_isEnabled": true,
      "_showPageCompletion": true
    },
    "_skillsFramework": {
      "_skills": []
    },
    "_trackingHub": {
      "_pageID": "EDSA_4"
    }
  },
  {
    "_graphic": {
      "alt": "",
      "src": ""
    },
    "_id": "57c198b7c8c479d7402de27e",
    "_parentId": "course",
    "_type": "page",
    "_isAvailable": true,
    "_isOptional": false,
    "_lockedBy": [],
    "duration": "",
    "linkText": "View",
    "_classes": "",
    "body": "",
    "displayTitle": "TODO: Managing Data",
    "title": "TODO: Managing Data",
    "_pageLevelProgress": {
      "_isEnabled": true,
      "_showPageCompletion": true
    },
    "_skillsFramework": {
      "_skills": []
    },
    "_trackingHub": {
      "_pageID": "EDSA_5"
    }
  },
  {
    "_graphic": {
      "alt": "",
      "src": ""
    },
    "_id": "57c1992cc8c479d7402de281",
    "_parentId": "course",
    "_type": "page",
    "_isAvailable": true,
    "_isOptional": false,
    "_lockedBy": [],
    "duration": "",
    "linkText": "View",
    "_classes": "",
    "body": "",
    "displayTitle": "TODO: Filtering data",
    "title": "TODO: Filtering data",
    "_pageLevelProgress": {
      "_isEnabled": true,
      "_showPageCompletion": true
    },
    "_skillsFramework": {
      "_skills": []
    },
    "_trackingHub": {
      "_pageID": "EDSA_6"
    }
  },
  {
    "_graphic": {
      "alt": "",
      "src": ""
    },
    "_id": "57b3182fe396ef981f39eb0f",
    "_parentId": "course",
    "_type": "page",
    "_isAvailable": true,
    "_isOptional": false,
    "_lockedBy": [],
    "duration": "",
    "linkText": "View",
    "_classes": "",
    "body": "",
    "displayTitle": "Cleaning data",
    "title": "Cleaning data",
    "_pageLevelProgress": {
      "_isEnabled": true,
      "_showPageCompletion": true
    },
    "_skillsFramework": {
      "_skills": []
    },
    "_trackingHub": {
      "_pageID": "EDSA_7"
    }
  },
  {
    "_graphic": {
      "alt": "",
      "src": ""
    },
    "_id": "57adb0cce396ef981f39e9d4",
    "_parentId": "course",
    "_type": "page",
    "_isAvailable": true,
    "_isOptional": false,
    "_lockedBy": [],
    "duration": "",
    "linkText": "View",
    "_classes": "",
    "body": "",
    "displayTitle": "Introduction to data visulisation",
    "title": "Introduction to data visulisation",
    "_pageLevelProgress": {
      "_isEnabled": true,
      "_showPageCompletion": true
    },
    "_skillsFramework": {
      "_skills": []
    },
    "_trackingHub": {
      "_pageID": "EDSA_8"
    }
  },
  {
    "_graphic": {
      "alt": "",
      "src": ""
    },
    "_id": "57c199b5c8c479d7402de288",
    "_parentId": "course",
    "_type": "page",
    "_isAvailable": true,
    "_isOptional": false,
    "_lockedBy": [],
    "duration": "",
    "linkText": "View",
    "_classes": "",
    "body": "",
    "displayTitle": "TODO: Dashboards and Infographics",
    "title": "TODO: Dashboards and Infographics",
    "_pageLevelProgress": {
      "_isEnabled": true,
      "_showPageCompletion": true
    },
    "_skillsFramework": {
      "_skills": []
    },
    "_trackingHub": {
      "_pageID": "EDSA_9"
    }
  },
  {
    "_graphic": {
      "alt": "",
      "src": ""
    },
    "_id": "57ac437ce396ef981f39e8fb",
    "_parentId": "course",
    "_type": "page",
    "_isAvailable": true,
    "_isOptional": false,
    "_lockedBy": [],
    "duration": "",
    "linkText": "View",
    "_classes": "",
    "body": "",
    "displayTitle": "Visual deception",
    "title": "Visual deception",
    "_pageLevelProgress": {
      "_isEnabled": true,
      "_showPageCompletion": true
    },
    "_skillsFramework": {
      "_skills": []
    },
    "_trackingHub": {
      "_pageID": "EDSA_10"
    }
  },
  {
    "_graphic": {
      "alt": "",
      "src": ""
    },
    "_id": "57b2c1c9e396ef981f39ea8c",
    "_parentId": "course",
    "_type": "page",
    "_isAvailable": true,
    "_isOptional": false,
    "_lockedBy": [],
    "duration": "",
    "linkText": "View",
    "_classes": "",
    "body": "",
    "displayTitle": "Visualisation theory",
    "title": "Visualisation theory",
    "_pageLevelProgress": {
      "_isEnabled": true,
      "_showPageCompletion": true
    },
    "_skillsFramework": {
      "_skills": []
    },
    "_trackingHub": {
      "_pageID": "EDSA_11"
    }
  },
  {
    "_graphic": {
      "alt": "",
      "src": ""
    },
    "_id": "57c199cfc8c479d7402de28b",
    "_parentId": "course",
    "_type": "page",
    "_isAvailable": true,
    "_isOptional": false,
    "_lockedBy": [],
    "duration": "",
    "linkText": "View",
    "_classes": "",
    "body": "<p>fg</p>\n",
    "displayTitle": "TODO: Structuring the story",
    "title": "TODO: Structuring the story",
    "_pageLevelProgress": {
      "_isEnabled": true,
      "_showPageCompletion": true
    },
    "_skillsFramework": {
      "_skills": []
    },
    "_trackingHub": {
      "_pageID": "EDSA_12"
    }
  }
]