[
  {
    "_graphic": {
      "alt": "",
      "src": ""
    },
    "_id": "57ac4dd0e396ef981f39e91f",
    "_parentId": "course",
    "_type": "page",
    "_isAvailable": true,
    "_isOptional": false,
    "_lockedBy": [],
    "duration": "",
    "linkText": "View",
    "_classes": "",
    "body": "",
    "displayTitle": "Introduction ",
    "title": "Introduction ",
    "_skillsFramework": {
      "_skills": []
    },
    "_pageLevelProgress": {
      "_showPageCompletion": true,
      "_isEnabled": true
    }
  },
  {
    "_graphic": {
      "alt": "",
      "src": ""
    },
    "_id": "57b1b369e396ef981f39ea28",
    "_parentId": "course",
    "_type": "page",
    "_isAvailable": true,
    "_isOptional": false,
    "_lockedBy": [],
    "duration": "",
    "linkText": "View",
    "_classes": "",
    "body": "",
    "displayTitle": "The Four Step Process",
    "title": "The Four Step Process",
    "_skillsFramework": {
      "_skills": []
    },
    "_pageLevelProgress": {
      "_showPageCompletion": true,
      "_isEnabled": true
    }
  },
  {
    "_graphic": {
      "alt": "",
      "src": ""
    },
    "_id": "57b441b1e396ef981f39ebc8",
    "_parentId": "course",
    "_type": "page",
    "_isAvailable": true,
    "_isOptional": false,
    "_lockedBy": [],
    "duration": "",
    "linkText": "View",
    "_classes": "",
    "body": "",
    "displayTitle": "The Legal Bit",
    "title": "The Legal Bit",
    "_skillsFramework": {
      "_skills": []
    },
    "_pageLevelProgress": {
      "_showPageCompletion": true,
      "_isEnabled": true
    }
  },
  {
    "_graphic": {
      "alt": "",
      "src": ""
    },
    "_id": "57c198b7c8c479d7402de27e",
    "_parentId": "course",
    "_type": "page",
    "_isAvailable": true,
    "_isOptional": false,
    "_lockedBy": [],
    "duration": "",
    "linkText": "View",
    "_classes": "",
    "body": "",
    "displayTitle": "Organising Data",
    "title": "Organising Data",
    "_skillsFramework": {
      "_skills": []
    },
    "_pageLevelProgress": {
      "_showPageCompletion": true,
      "_isEnabled": true
    }
  },
  {
    "_graphic": {
      "alt": "",
      "src": ""
    },
    "_id": "57b3182fe396ef981f39eb0f",
    "_parentId": "course",
    "_type": "page",
    "_isAvailable": true,
    "_isOptional": false,
    "_lockedBy": [],
    "duration": "",
    "linkText": "View",
    "_classes": "",
    "body": "",
    "displayTitle": "Cleaning Data",
    "title": "Cleaning Data",
    "_skillsFramework": {
      "_skills": []
    },
    "_pageLevelProgress": {
      "_showPageCompletion": true,
      "_isEnabled": true
    }
  },
  {
    "_graphic": {
      "alt": "",
      "src": ""
    },
    "_id": "57c1992cc8c479d7402de281",
    "_parentId": "course",
    "_type": "page",
    "_isAvailable": true,
    "_isOptional": false,
    "_lockedBy": [],
    "duration": "",
    "linkText": "View",
    "_classes": "",
    "body": "",
    "displayTitle": "Filtering and Pivot Tables",
    "title": "Filtering and Pivot Tables",
    "_skillsFramework": {
      "_skills": []
    },
    "_pageLevelProgress": {
      "_showPageCompletion": true,
      "_isEnabled": true
    }
  },
  {
    "_graphic": {
      "alt": "",
      "src": ""
    },
    "_id": "57adb0cce396ef981f39e9d4",
    "_parentId": "course",
    "_type": "page",
    "_isAvailable": true,
    "_isOptional": false,
    "_lockedBy": [],
    "duration": "",
    "linkText": "View",
    "_classes": "",
    "body": "",
    "displayTitle": "Data visualisation formats",
    "title": "Data visualisation formats",
    "_skillsFramework": {
      "_skills": []
    },
    "_pageLevelProgress": {
      "_showPageCompletion": true,
      "_isEnabled": true
    }
  },
  {
    "_graphic": {
      "alt": "",
      "src": ""
    },
    "_id": "57ac437ce396ef981f39e8fb",
    "_parentId": "course",
    "_type": "page",
    "_isAvailable": true,
    "_isOptional": false,
    "_lockedBy": [],
    "duration": "",
    "linkText": "View",
    "_classes": "",
    "body": "",
    "displayTitle": "Visual Deception",
    "title": "Visual Deception",
    "_skillsFramework": {
      "_skills": []
    },
    "_pageLevelProgress": {
      "_showPageCompletion": true,
      "_isEnabled": true
    }
  },
  {
    "_graphic": {
      "alt": "",
      "src": ""
    },
    "_id": "57b2c1c9e396ef981f39ea8c",
    "_parentId": "course",
    "_type": "page",
    "_isAvailable": true,
    "_isOptional": false,
    "_lockedBy": [],
    "duration": "",
    "linkText": "View",
    "_classes": "",
    "body": "",
    "displayTitle": "Data Visualisation Best Practice",
    "title": "Data Visualisation Best Practice",
    "_pageLevelProgress": {
      "_isEnabled": true,
      "_showPageCompletion": true
    },
    "_skillsFramework": {
      "_skills": []
    }
  },
  {
    "_graphic": {
      "alt": "",
      "src": ""
    },
    "_id": "57c199cfc8c479d7402de28b",
    "_parentId": "course",
    "_type": "page",
    "_isAvailable": true,
    "_isOptional": false,
    "_lockedBy": [],
    "duration": "",
    "linkText": "View",
    "_classes": "",
    "body": "",
    "displayTitle": "Narrating Your Story",
    "title": "Narrating Your Story",
    "_skillsFramework": {
      "_skills": []
    },
    "_pageLevelProgress": {
      "_showPageCompletion": true,
      "_isEnabled": true
    }
  }
]