[
  {
    "_graphic": {
      "alt": "",
      "src": "course/uk/assets/94164aeed2f6885fcdf44f9fe5484855c5238353.jpg"
    },
    "_id": "5982e376d084d5167a051dd1",
    "_parentId": "course",
    "_type": "page",
    "_isAvailable": true,
    "_isOptional": false,
    "_lockedBy": [],
    "duration": "",
    "linkText": "View",
    "_classes": "",
    "body": "<p dir=\"ltr\">Відкриті дані &ndash; це дані, які є доступними і вільними у використанні та розповсюдженні для будь-кого.</p><p dir=\"ltr\">У цьому модулі ми проаналізуємо, що означає термін &laquo;відкриті дані&raquo; і як відкриті дані усебічно сприяють роботі влади, бізнесу і громадянського суспільства.</p>",
    "displayTitle": "1. Що таке відкриті дані?",
    "title": "1. Що таке відкриті дані?",
    "_pageLevelProgress": {
      "_isEnabled": true,
      "_showPageCompletion": true
    },
    "_skillsFramework": {
      "_skills": [
        {
          "outcome": "Define open data",
          "credits": 5,
          "level": "explorer"
        },
        {
          "outcome": "Explain the need for open data",
          "credits": 5,
          "level": "explorer"
        }
      ]
    },
    "_aboutPage": {
      "aboutCredit": "<p>This work &quot;What is Open Data?&quot;, is a derivative of &quot;<a href=\"https://www.europeandataportal.eu/elearning/en/module1/#/id/co-01\">What is Open Data?</a>&quot; by&nbsp;<a href=\"https://ec.europa.eu/commission/index_en\">European Commission</a>, used under<a href=\"https://creativecommons.org/licenses/by-sa/4.0/\"> CC-BY-SA 4.0</a>.</p>",
      "SL_text": "",
      "_items": []
    },
    "_ODILicence": {
      "_items": []
    }
  },
  {
    "_graphic": {
      "alt": "",
      "src": "course/uk/assets/1fc73255e55ba04b56c12fcf0dda29d60db46b4d.jpg"
    },
    "_id": "5982e376d084d5167a051dd2",
    "_parentId": "course",
    "_type": "page",
    "_isAvailable": true,
    "_isOptional": false,
    "_lockedBy": [],
    "duration": "",
    "linkText": "View",
    "_classes": "",
    "body": "<p dir=\"ltr\">Відкриті дані мають потенціал сприяти розвитку економіки, трансформувати суспільство і захищати довкілля.</p><p dir=\"ltr\">У цьому модулі ми розглянемо, яким чином влада, бізнес і громадяни створюють нову цінність, використовуючи відкриті дані.</p>",
    "displayTitle": "2. Цінність відкритих даних ",
    "title": "2. Цінність відкритих даних ",
    "_pageLevelProgress": {
      "_isEnabled": true,
      "_showPageCompletion": true
    },
    "_skillsFramework": {
      "_skills": [
        {
          "outcome": "Describe the benefits of working with open data",
          "credits": 5,
          "level": "explorer"
        },
        {
          "outcome": "Describe successful case studies of using and publishing open data",
          "credits": 5,
          "level": "explorer"
        }
      ]
    },
    "_aboutPage": {
      "aboutCredit": "<p>This work &quot;Unlocking value from open data&quot;, is a derivative of &quot;<a href=\"https://www.europeandataportal.eu/elearning/en/module2/\">Unlocking value from open data</a>&quot; by&nbsp;<a href=\"https://ec.europa.eu/commission/index_en\">European Commission</a>, used under<a href=\"https://creativecommons.org/licenses/by-sa/4.0/\"> CC-BY-SA 4.0</a>.</p>",
      "SL_text": "",
      "_items": []
    },
    "_ODILicence": {
      "_items": []
    }
  },
  {
    "_graphic": {
      "alt": "",
      "src": "course/uk/assets/b0a1356f5ad57eff61e6a22b69a2e1b6d9773220.jpg"
    },
    "_id": "5982e376d084d5167a051dd3",
    "_parentId": "course",
    "_type": "page",
    "_isAvailable": true,
    "_isOptional": false,
    "_lockedBy": [],
    "duration": "",
    "linkText": "View",
    "_classes": "",
    "body": "<p dir=\"ltr\">Існують певні стандарти та якісні характеристики, котрі допомагають визначити, наскільки придатними для використання є дані.</p><p dir=\"ltr\">У цьому модулі ми проаналізуємо, що робить дані придатними для використання і яким чином стандарти допомагають покращити рівень застосування даних.</p>",
    "displayTitle": "3. Що робить відкриті дані якісними ",
    "title": "3. Що робить відкриті дані якісними ",
    "_pageLevelProgress": {
      "_isEnabled": true,
      "_showPageCompletion": true
    },
    "_skillsFramework": {
      "_skills": [
        {
          "outcome": "Define the benefits of quality open data",
          "credits": 5,
          "level": "explorer"
        },
        {
          "outcome": "Describe two guidelines for open data quality",
          "credits": 5,
          "level": "explorer"
        }
      ]
    },
    "_aboutPage": {
      "aboutCredit": "<p>This work &quot;What makes quality open data&quot;, is a derivative of &quot;<a href=\"https://www.europeandataportal.eu/elearning/en/module5/\">What makes quality open data</a>&quot; by&nbsp;<a href=\"https://ec.europa.eu/commission/index_en\">European Commission</a>, used under<a href=\"https://creativecommons.org/licenses/by-sa/4.0/\"> CC-BY-SA 4.0</a>.</p>",
      "SL_text": "",
      "_items": []
    },
    "_ODILicence": {
      "_items": []
    }
  },
  {
    "_graphic": {
      "alt": "",
      "src": "course/uk/assets/f15b36a3fb6a0dbc3a9936c8a1631cbdd3feac43.png"
    },
    "_id": "5982e376d084d5167a051dd5",
    "_parentId": "course",
    "_type": "page",
    "_isAvailable": true,
    "_isOptional": false,
    "_lockedBy": [],
    "duration": "",
    "linkText": "View",
    "_classes": "",
    "body": "<p dir=\"ltr\">Впродовж останнього десятиліття все більше уваги приділяється прозорості та урядуванню і здійсненню політики на основі наявних фактичних даних.</p><p dir=\"ltr\">У цьому модулі ми розглянемо, яким чином Хартія відкритих даних сприяє відкритості влади.</p>",
    "displayTitle": "4. Принципи Хартії відкритих даних",
    "title": "4. Принципи Хартії відкритих даних",
    "_ODILicence": {
      "_items": []
    },
    "_skillsFramework": {
      "_skills": [
        {
          "outcome": "Explain why a charter is needed",
          "credits": 5,
          "level": "strategist"
        },
        {
          "outcome": "List the key principals of the open data charter",
          "credits": 5,
          "level": "strategist"
        },
        {
          "outcome": "Explain how the Open Data Charter has been used in Ukraine",
          "credits": 5,
          "level": "strategist"
        }
      ]
    },
    "_pageLevelProgress": {
      "_isEnabled": true,
      "_showPageCompletion": true
    },
    "_aboutPage": {
      "aboutCredit": "",
      "SL_text": "",
      "_items": []
    }
  },
  {
    "_graphic": {
      "alt": "",
      "src": "course/uk/assets/4c2b01ae0adef53b38affc904b2955a52b07e2ce.jpg"
    },
    "_id": "5982e376d084d5167a051dd4",
    "_parentId": "course",
    "_type": "page",
    "_isAvailable": true,
    "_isOptional": false,
    "_lockedBy": [],
    "duration": "",
    "linkText": "View",
    "_classes": "",
    "body": "<p dir=\"ltr\">Відкриті дані мають бути релевантними, актуальними і доступними, щоб бути корисними</p><p dir=\"ltr\">У цьому модулі ми розбиратимемося, що таке сталість, чому сталість важлива і що шукати у сталих відкритих наборах даних.</p>",
    "displayTitle": "5. Чому ми маємо турбуватися про сталість?",
    "title": "5. Чому ми маємо турбуватися про сталість?",
    "_pageLevelProgress": {
      "_isEnabled": true,
      "_showPageCompletion": true
    },
    "_skillsFramework": {
      "_skills": [
        {
          "outcome": "Describe key success factors for open data sustainability",
          "credits": 5,
          "level": "strategist"
        },
        {
          "outcome": "Evaluate sustainability for an open dataset",
          "credits": 10,
          "level": "strategist"
        }
      ]
    },
    "_aboutPage": {
      "aboutCredit": "<p>This work &quot;Why should we worry about sustainability?&quot;, is a derivative of &quot;<a href=\"https://www.europeandataportal.eu/elearning/en/module7/\">Why should we worry about sustainability?</a>&quot; by <a href=\"https://ec.europa.eu/commission/index_en\">European Commission</a>, used under<a href=\"https://creativecommons.org/licenses/by-sa/4.0/\"> CC-BY-SA 4.0</a>.</p>",
      "SL_text": "",
      "_items": []
    },
    "_ODILicence": {
      "_items": []
    }
  },
  {
    "_graphic": {
      "alt": "",
      "src": "course/uk/assets/a699447adb040b8b78c36f46d46356ba124debf3.png"
    },
    "_id": "5982e376d084d5167a051dd0",
    "_parentId": "course",
    "_type": "page",
    "_isAvailable": true,
    "_isOptional": false,
    "_lockedBy": [],
    "duration": "",
    "linkText": "View",
    "_classes": "hidden",
    "body": "",
    "displayTitle": "3. Open data: agent of change",
    "title": "3. Open data: agent of change",
    "_ODILicence": {
      "_items": []
    },
    "_skillsFramework": {
      "_skills": [
        {
          "outcome": "Describe the importance of organisational change to an open data iniative",
          "credits": 5,
          "level": "explorer"
        },
        {
          "outcome": "Define key aspects of open data leadership",
          "credits": 5,
          "level": "explorer"
        }
      ]
    },
    "_pageLevelProgress": {
      "_isEnabled": true,
      "_showPageCompletion": true
    },
    "_aboutPage": {
      "aboutCredit": "",
      "SL_text": "",
      "_items": []
    }
  }
]