{
  "_globals": {
    "_accessibility": {
      "accessibilityToggleTextOn": "Ввімкнути доступ",
      "accessibilityToggleTextOff": "Вимкнути доступ",
      "_accessibilityInstructions": {
        "touch": "Вказівки щодо використання. Рухайтеся вліво для переходу на наступну сторінку. Рухайтеся вправо для переходу на попердню сторінку. Для вибору використовуйте double tab. Скористайтеся двома пальцями, щоб перейти до верхньої частини сторінки.",
        "notouch": "Вказівки щодо використання. Використовуйте tab для переходу на наступну вкладку. Використовуйте вкладку shift для перехову на попередню. Використовуйте клавішу enter для вибору. Використовуйте escape, щоб перейти до верхньої частини сторінки.",
        "ipad": "Інструкції щодо використання сенсорних екранів. Рухайтеся вліво для переходу на наступну сторінку. Рухайтеся вправо для переходу на попердню сторінку. Для вибору використовуйте double tab. Скористайтеся двома пальцями, щоб перейти до верхньої частини сторінки. Інструкції з використання клавіатури. Використовуйте left для переходу на наступну сторінку. Використовуйте right для переходу на попередню. Використовуйте вгору та вниз для вибору."
      },
      "_ariaLabels": {
        "navigation": "Панель навігації",
        "menuLoaded": "Завантажене меню",
        "menu": "Меню",
        "menuItem": "Пункт меню",
        "menuViewButton": "Натисніть тут, щоб ввійти",
        "page": "Сторінка",
        "pageLoaded": "Завантажена сторінка",
        "previous": "Назад",
        "navigationBack": "Повернутися назад",
        "navigationDrawer": "Відкрити ресурси курсу та пошук",
        "closeResources": "Закрити ресурси",
        "drawerBack": "Повернутися до вкладки",
        "drawer": "Бокова вкладка",
        "closePopup": "Закрити діалогове вікно",
        "next": "Далі",
        "done": "Готово",
        "complete": "Завершено",
        "incomplete": "Незавершено",
        "correct": "Правильно",
        "locked": "Заблоковано",
        "accessibilityToggleButton": "За допомогою цієї клавіші ви можете ввімкнути/вимкнути доступ",
        "feedbackPopUp": "Діалогове вікно відкрите",
        "visited": "Відвідувана сторінка",
        "menuBack": "Повернутися до меню",
        "menuIndicatorHeading": "Заголовок пункту меню"
      }
    },
    "_components": {
      "_graphic": {
        "ariaRegion": ""
      },
      "_text": {
        "ariaRegion": ""
      },
      "_media": {
        "ariaRegion": "Це відео. Виберіть play/pause для перегляду або прослуховування",
        "transcriptButton": "Перейдіть за покликанням для перегляду транскрипту"
      },
      "_mcq": {
        "ariaRegion": "Це -питання-з множинним вибором. Вибравши опцію, виберіть кнопку submit нижче."
      },
      "_narrative": {
        "ariaRegion": "Це галерея зображень з пояснювальним текстом. Використовуйте next та previous елементи навігації для роботи з текстом"
      },
      "_gmcq": {
        "ariaRegion": "Це -питання-графік з множинним вибором. Вибравши опцію, виберіть кнопку submit нижче."
      },
      "_accordion": {
        "ariaRegion": "Цей графічний компонент - це \"гармошка\", що складається з панелей збірного вмісту, що містять текст відображення. Виберіть заголовки елементів, щоб змінити видимість цих панелей вмісту."
      }
    },
    "_extensions": {
      "_pageLevelProgress": {
        "pageLevelProgress": "Вибір сторінок",
        "pageLevelProgressIndicatorBar": "Панель прогресу. Натисніть тут, щоб переглянути прогрес, та оберіть елемент, щоб перейти до нього. Ви завершили.",
        "pageLevelProgressMenuBar": "Ви завершили.",
        "pageLevelProgressEnd": "Кінець розділів сторінки.",
        "optionalContent": "Вибірковий зміст."
      },
      "_skillsFramework": {
        "linkText": "Outcomes",
        "titleText": "Learning outcomes"
      },
      "_aboutPage": {
        "linkText": "About",
        "titleText": "About",
        "contactEMail": "training@theodi.org",
        "contactLinkText": "Contact",
        "aboutCredit": "",
        "SL_text": "<p>Developed for&nbsp;<a href=\"https://data.gov.ua/\" target=\"_blank\">data.gov.ua</a>&nbsp;by the&nbsp;<a href=\"https://theodi.org/\" target=\"_blank\">Open Data Institute</a></p>",
        "SL_facebook": "",
        "SL_flickr": "",
        "SL_github": "",
        "SL_scribd": "",
        "SL_soundcloud": "",
        "SL_twitter": "",
        "SL_vimeo": "",
        "SL_youtube": ""
      },
      "_ODILicence": {
        "linkText": "Licence",
        "titleText": "Licence"
      }
    }
  },
  "_id": "course",
  "_start": {
    "_isEnabled": false,
    "_startIds": [],
    "_force": false,
    "_isMenuDisabled": false
  },
  "_type": "course",
  "_lockType": "",
  "_classes": "",
  "_buttons": {
    "_submit": {
      "buttonText": "Bідповісти",
      "ariaLabel": "Bідповісти"
    },
    "_reset": {
      "buttonText": "Перезавантажити",
      "ariaLabel": "Перезавантажити"
    },
    "_showCorrectAnswer": {
      "buttonText": "Показати правильну відповідь",
      "ariaLabel": "Показати правильну відповідь"
    },
    "_hideCorrectAnswer": {
      "buttonText": "Сховати правильну відповідь",
      "ariaLabel": "Сховати правильну відповідь"
    },
    "_showFeedback": {
      "buttonText": "Показати роз'яснення",
      "ariaLabel": "Показати роз'яснення"
    },
    "remainingAttemptsText": "Спроби, що залишилися",
    "remainingAttemptText": "Остання спроба ",
    "disabledAriaLabel": "Наразі кнопка неактивна"
  },
  "_latestTrackingId": 67,
  "body": "<p>Ласкаво просимо до цього набору модулів. Перегляньте наше відео нижче, щоб дізнатись, що ви вивчите.</p>",
  "displayTitle": "TAPAS (UKR)",
  "title": "TAPAS (UKR)",
  "_pageLevelProgress": {
    "_isEnabled": true,
    "_showPageCompletion": true
  },
  "_aboutPage": {
    "_items": [
      {
        "title": "ODI Training Team",
        "description": "<p>Expert knowledge, content development and learning plans provided by the by <a href=\"https://theodi.org\">Open Data Institute</a> training team.</p>",
        "_graphic": {
          "alt": "",
          "src": "adapt/css/assets/logo-small.png"
        }
      },
      {
        "title": "Sponge UK",
        "description": "<p>Learning solutions, content production and eLearning expertise originally provided by<a href=\"https://spongeuk.com/\"> Sponge UK</a>.</p>",
        "_graphic": {
          "alt": "",
          "src": "adapt/css/assets/sponge.png"
        }
      },
      {
        "title": "Adapt learning",
        "description": "<p>Open source learning platform developed by <a href=\"https://www.adaptlearning.org/\">Adapt learning</a>.</p>",
        "_graphic": {
          "alt": "",
          "src": "adapt/css/assets/adapt.png"
        }
      }
    ]
  },
  "_ODILicence": {
    "_items": [
      {
        "title": "",
        "description": "<p>TAPAS eLearning by <a href=\"https://theodi.org\">Open Data Institute</a> is licensed under a<a href=\"https://creativecommons.org/licenses/by-sa/4.0/\"> Creative Commons Attribution-ShareAlike 4.0 International Licence</a></p>",
        "_graphic": {
          "alt": "CC-BY-SA 4.0",
          "src": "https://licensebuttons.net/l/by-sa/4.0/88x31.png"
        }
      },
      {
        "title": "Attribution requirements",
        "description": "<p>Suitable attribution should follow the attribution best practice guidelines as outlined<a href=\"https://wiki.creativecommons.org/wiki/Best_practices_for_attribution\"> here</a>.</p>",
        "_graphic": {
          "alt": "",
          "src": ""
        }
      },
      {
        "title": "Content usage",
        "description": "<p>The content, including text and structure is available for you to use, reuse and share (including for commercial purposes) subject to the conditions of the licence above.</p>",
        "_graphic": {
          "alt": "",
          "src": ""
        }
      },
      {
        "title": "Exclusions",
        "description": "<p dir=\"ltr\">This licence does not cover:</p><ul dir=\"ltr\"><li>Logos and trade marks such as those belonging to the Open Data Institute</li><li>Third party content (such as images)</li><li>Any other content as outlined under &#39;About&#39;</li></ul>",
        "_graphic": {
          "alt": "",
          "src": ""
        }
      },
      {
        "title": "Non-endorsement",
        "description": "<p>This licence does not grant you any right to use the Information in a way that suggests any official status or that the Information Provider and/or Licensor endorse you or your use of the Information.</p>",
        "_graphic": {
          "alt": "",
          "src": ""
        }
      },
      {
        "title": "No warranty",
        "description": "<p>The Information is licensed &#39;as is&#39;. The Open Data Institute is not liable for any errors or omissions in the Information and shall not be liable for any loss, injury or damage of any kind caused by its use. The Information Provider does not guarantee the continued supply of the Information.</p>",
        "_graphic": {
          "alt": "",
          "src": ""
        }
      }
    ]
  }
}