[
  {
    "_id": "59400a14d084d5167a04fa2d",
    "_parentId": "59400a14d084d5167a04fa27",
    "_type": "article",
    "_isAvailable": true,
    "_isOptional": false,
    "_classes": "",
    "body": "",
    "displayTitle": "",
    "title": " "
  },
  {
    "_id": "59400a14d084d5167a04fa30",
    "_parentId": "59400a14d084d5167a04fa27",
    "_type": "article",
    "_isAvailable": true,
    "_isOptional": false,
    "_classes": "",
    "body": "",
    "displayTitle": " ",
    "title": " "
  },
  {
    "_id": "59400a14d084d5167a04fa2c",
    "_parentId": "59400a14d084d5167a04fa27",
    "_type": "article",
    "_isAvailable": true,
    "_isOptional": false,
    "_classes": "",
    "body": "",
    "displayTitle": " ",
    "title": " "
  }
]