[
  {
    "_id": "59400a14d084d5167a04fa48",
    "_parentId": "59400a14d084d5167a04fa30",
    "_type": "block",
    "_isAvailable": true,
    "_isOptional": false,
    "_trackingId": 1,
    "_classes": "color-six",
    "body": "",
    "displayTitle": " ",
    "title": " "
  },
  {
    "_id": "59400a14d084d5167a04fa4b",
    "_parentId": "59400a14d084d5167a04fa2c",
    "_type": "block",
    "_isAvailable": true,
    "_isOptional": false,
    "_trackingId": 2,
    "_classes": "inverted footer",
    "body": "",
    "displayTitle": " ",
    "title": " "
  },
  {
    "_id": "59400a14d084d5167a04fa4c",
    "_parentId": "59400a14d084d5167a04fa2d",
    "_type": "block",
    "_isAvailable": true,
    "_isOptional": false,
    "_trackingId": 3,
    "_classes": "color-one",
    "body": "",
    "displayTitle": "",
    "title": " "
  },
  {
    "_id": "59400a14d084d5167a04fa49",
    "_parentId": "59400a14d084d5167a04fa30",
    "_type": "block",
    "_isAvailable": true,
    "_isOptional": false,
    "_trackingId": 4,
    "_classes": "inverted color-six",
    "body": "",
    "displayTitle": " ",
    "title": " "
  },
  {
    "_id": "59400a14d084d5167a04fa4d",
    "_parentId": "59400a14d084d5167a04fa2d",
    "_type": "block",
    "_isAvailable": true,
    "_isOptional": false,
    "_trackingId": 5,
    "_classes": "inverted color-one",
    "body": "",
    "displayTitle": "",
    "title": " "
  },
  {
    "_id": "59400a14d084d5167a04fa47",
    "_parentId": "59400a14d084d5167a04fa30",
    "_type": "block",
    "_isAvailable": true,
    "_isOptional": false,
    "_trackingId": 6,
    "_classes": "color-six",
    "body": "",
    "displayTitle": " ",
    "title": " "
  },
  {
    "_id": "59400a14d084d5167a04fa4e",
    "_parentId": "59400a14d084d5167a04fa2d",
    "_type": "block",
    "_isAvailable": true,
    "_isOptional": false,
    "_trackingId": 7,
    "_classes": "color-one",
    "body": "",
    "displayTitle": "",
    "title": " "
  },
  {
    "_id": "59400a14d084d5167a04fa4a",
    "_parentId": "59400a14d084d5167a04fa30",
    "_type": "block",
    "_isAvailable": true,
    "_isOptional": false,
    "_trackingId": 8,
    "_classes": "inverted color-six",
    "body": "",
    "displayTitle": " ",
    "title": " "
  },
  {
    "_id": "59400a14d084d5167a04fa4f",
    "_parentId": "59400a14d084d5167a04fa2d",
    "_type": "block",
    "_isAvailable": true,
    "_isOptional": false,
    "_trackingId": 9,
    "_classes": "inverted color-one",
    "body": "",
    "displayTitle": "",
    "title": " "
  },
  {
    "_id": "59400a14d084d5167a04fa50",
    "_parentId": "59400a14d084d5167a04fa2d",
    "_type": "block",
    "_isAvailable": true,
    "_isOptional": false,
    "_trackingId": 10,
    "_classes": "color-one",
    "body": "",
    "displayTitle": "",
    "title": " "
  },
  {
    "_id": "59400a14d084d5167a04fa51",
    "_parentId": "59400a14d084d5167a04fa2d",
    "_type": "block",
    "_isAvailable": true,
    "_isOptional": false,
    "_trackingId": 11,
    "_classes": "inverted color-six",
    "body": "",
    "displayTitle": "",
    "title": " "
  }
]