[
  {
    "_id": "58d52623d084d5167a04ba4a",
    "_parentId": "58d52623d084d5167a04ba3c",
    "_type": "article",
    "_isAvailable": true,
    "_isOptional": false,
    "_classes": "",
    "body": "",
    "displayTitle": " ",
    "title": " ",
    "_assessment": {
      "_isEnabled": false,
      "_id": "",
      "_banks": {
        "_isEnabled": false,
        "_split": "",
        "_randomisation": false
      },
      "_randomisation": {
        "_isEnabled": false,
        "_blockCount": 1
      },
      "_questions": {
        "_resetType": "soft",
        "_canShowFeedback": false,
        "_canShowMarking": false,
        "_canShowModelAnswer": false
      },
      "_isPercentageBased": false,
      "_scoreToPass": 60,
      "_includeInTotalScore": false,
      "_assessmentWeight": 1,
      "_isResetOnRevisit": false,
      "_attempts": -1
    }
  },
  {
    "_id": "58d52623d084d5167a04ba4b",
    "_parentId": "58d52623d084d5167a04ba46",
    "_type": "article",
    "_isAvailable": true,
    "_isOptional": false,
    "_classes": "",
    "body": "",
    "displayTitle": " ",
    "title": " ",
    "_assessment": {
      "_isEnabled": false,
      "_id": "",
      "_banks": {
        "_isEnabled": false,
        "_split": "",
        "_randomisation": false
      },
      "_randomisation": {
        "_isEnabled": false,
        "_blockCount": 1
      },
      "_questions": {
        "_resetType": "soft",
        "_canShowFeedback": false,
        "_canShowMarking": false,
        "_canShowModelAnswer": false
      },
      "_isPercentageBased": false,
      "_scoreToPass": 60,
      "_includeInTotalScore": false,
      "_assessmentWeight": 1,
      "_isResetOnRevisit": false,
      "_attempts": -1
    }
  },
  {
    "_id": "58d52623d084d5167a04ba52",
    "_parentId": "58d52623d084d5167a04ba46",
    "_type": "article",
    "_isAvailable": true,
    "_isOptional": false,
    "_classes": "",
    "body": "",
    "displayTitle": " ",
    "title": " ",
    "_assessment": {
      "_isEnabled": true,
      "_id": "ODILloyds1",
      "_banks": {
        "_isEnabled": false,
        "_split": "",
        "_randomisation": false
      },
      "_randomisation": {
        "_isEnabled": false,
        "_blockCount": 1
      },
      "_questions": {
        "_resetType": "soft",
        "_canShowFeedback": true,
        "_canShowMarking": true,
        "_canShowModelAnswer": true
      },
      "_isPercentageBased": true,
      "_scoreToPass": 60,
      "_includeInTotalScore": true,
      "_assessmentWeight": 1,
      "_isResetOnRevisit": false,
      "_attempts": -1
    }
  },
  {
    "_id": "58d52623d084d5167a04ba5c",
    "_parentId": "58d52623d084d5167a04ba3c",
    "_type": "article",
    "_isAvailable": true,
    "_isOptional": false,
    "_classes": "",
    "body": "",
    "displayTitle": " ",
    "title": " ",
    "_assessment": {
      "_isEnabled": true,
      "_id": "ODILloyds2",
      "_banks": {
        "_isEnabled": false,
        "_split": "",
        "_randomisation": false
      },
      "_randomisation": {
        "_isEnabled": false,
        "_blockCount": 1
      },
      "_questions": {
        "_resetType": "soft",
        "_canShowFeedback": true,
        "_canShowMarking": true,
        "_canShowModelAnswer": true
      },
      "_isPercentageBased": true,
      "_scoreToPass": 60,
      "_includeInTotalScore": true,
      "_assessmentWeight": 1,
      "_isResetOnRevisit": false,
      "_attempts": -1
    }
  },
  {
    "_id": "58d52623d084d5167a04ba53",
    "_parentId": "58d52623d084d5167a04ba46",
    "_type": "article",
    "_isAvailable": true,
    "_isOptional": false,
    "_classes": "",
    "body": "",
    "displayTitle": " ",
    "title": " ",
    "_assessment": {
      "_isEnabled": false,
      "_id": "",
      "_banks": {
        "_isEnabled": false,
        "_split": "",
        "_randomisation": false
      },
      "_randomisation": {
        "_isEnabled": false,
        "_blockCount": 1
      },
      "_questions": {
        "_resetType": "soft",
        "_canShowFeedback": false,
        "_canShowMarking": false,
        "_canShowModelAnswer": false
      },
      "_isPercentageBased": false,
      "_scoreToPass": 60,
      "_includeInTotalScore": false,
      "_assessmentWeight": 1,
      "_isResetOnRevisit": false,
      "_attempts": -1
    }
  },
  {
    "_id": "58d52623d084d5167a04ba65",
    "_parentId": "58d52623d084d5167a04ba3c",
    "_type": "article",
    "_isAvailable": true,
    "_isOptional": false,
    "_classes": "",
    "body": "",
    "displayTitle": " ",
    "title": " ",
    "_assessment": {
      "_isEnabled": false,
      "_id": "",
      "_banks": {
        "_isEnabled": false,
        "_split": "",
        "_randomisation": false
      },
      "_randomisation": {
        "_isEnabled": false,
        "_blockCount": 1
      },
      "_questions": {
        "_resetType": "soft",
        "_canShowFeedback": false,
        "_canShowMarking": false,
        "_canShowModelAnswer": false
      },
      "_isPercentageBased": false,
      "_scoreToPass": 60,
      "_includeInTotalScore": false,
      "_assessmentWeight": 1,
      "_isResetOnRevisit": false,
      "_attempts": -1
    }
  }
]