[
  {
    "_id": "58d52623d084d5167a04ba46",
    "_graphic": {
      "alt": "",
      "src": "course/en/assets/94164aeed2f6885fcdf44f9fe5484855c5238353.jpg"
    },
    "_parentId": "course",
    "_type": "page",
    "_isAvailable": true,
    "_isOptional": false,
    "_lockedBy": [],
    "duration": "",
    "linkText": "View",
    "_classes": "",
    "body": "<p dir=\"ltr\">Data is a valuable resource to organisations of all sizes. In this module, we explore what data is, why we need it and different ways to classify its types.</p>",
    "displayTitle": "1. What is data?",
    "title": "1. What is data?",
    "_bookmarking": {
      "_isEnabled": true,
      "_level": "page"
    },
    "_skillsFramework": {
      "_skills": [
        {
          "level": "explorer",
          "credits": 5,
          "outcome": "Define  data"
        },
        {
          "level": "explorer",
          "credits": 5,
          "outcome": "Classify data "
        },
        {
          "level": "explorer",
          "credits": 5,
          "outcome": "Explain the need for data"
        }
      ]
    },
    "_pageLevelProgress": {
      "_isEnabled": true,
      "_showPageCompletion": true
    }
  },
  {
    "_id": "58d52623d084d5167a04ba3c",
    "_graphic": {
      "alt": "",
      "src": "course/en/assets/1fc73255e55ba04b56c12fcf0dda29d60db46b4d.jpg"
    },
    "_parentId": "course",
    "_type": "page",
    "_isAvailable": true,
    "_isOptional": false,
    "_lockedBy": [],
    "duration": "",
    "linkText": "View",
    "_classes": "",
    "body": "<p>When important data is made open it&nbsp;can help&nbsp;bring widespread benefits, from growing economies to protecting the environment. In this module, we explore how governments, businesses and individuals are using open data to create value.</p>",
    "displayTitle": "2. Unlocking value from open data",
    "title": "2. Unlocking value from open data",
    "_pageLevelProgress": {
      "_showPageCompletion": true,
      "_isEnabled": true
    },
    "_skillsFramework": {
      "_skills": [
        {
          "level": "explorer",
          "credits": 5,
          "outcome": "Describe the benefits of working with data"
        },
        {
          "level": "explorer",
          "credits": 5,
          "outcome": "Describe successful case studies of using and publishing data"
        }
      ]
    },
    "_bookmarking": {
      "_isEnabled": true,
      "_level": "page"
    }
  }
]