[
  {
    "_id": "57d9233c4d7b7e82691e3c5a",
    "_parentId": "57d9233c4d7b7e82691e3c59",
    "_type": "article",
    "_isAvailable": true,
    "_isOptional": false,
    "_classes": "",
    "body": "",
    "displayTitle": " ",
    "title": " "
  },
  {
    "_id": "57d923514d7b7e82691e3c5d",
    "_parentId": "57d923514d7b7e82691e3c5c",
    "_type": "article",
    "_isAvailable": true,
    "_isOptional": false,
    "_classes": "",
    "body": "",
    "displayTitle": " ",
    "title": " "
  },
  {
    "_id": "57d9235b4d7b7e82691e3c60",
    "_parentId": "57d9235b4d7b7e82691e3c5f",
    "_type": "article",
    "_isAvailable": true,
    "_isOptional": false,
    "_classes": "",
    "body": "",
    "displayTitle": " ",
    "title": " "
  },
  {
    "_id": "57d923304d7b7e82691e3c57",
    "_parentId": "57d923304d7b7e82691e3c56",
    "_type": "article",
    "_isAvailable": true,
    "_isOptional": false,
    "_classes": "",
    "body": "",
    "displayTitle": " ",
    "title": " "
  }
]