[
  {
    "_id": "57d9233c4d7b7e82691e3c5b",
    "_parentId": "57d9233c4d7b7e82691e3c5a",
    "_type": "block",
    "_isAvailable": true,
    "_isOptional": false,
    "_trackingId": 1,
    "_classes": "",
    "body": "",
    "displayTitle": "",
    "title": " "
  },
  {
    "_id": "57d9235b4d7b7e82691e3c61",
    "_parentId": "57d9235b4d7b7e82691e3c60",
    "_type": "block",
    "_isAvailable": true,
    "_isOptional": false,
    "_trackingId": 2,
    "_classes": "",
    "body": "",
    "displayTitle": "",
    "title": " "
  },
  {
    "_id": "57d923514d7b7e82691e3c5e",
    "_parentId": "57d923514d7b7e82691e3c5d",
    "_type": "block",
    "_isAvailable": true,
    "_isOptional": false,
    "_trackingId": 3,
    "_classes": "",
    "body": "",
    "displayTitle": "",
    "title": " "
  },
  {
    "_id": "57d923304d7b7e82691e3c58",
    "_parentId": "57d923304d7b7e82691e3c57",
    "_type": "block",
    "_isAvailable": true,
    "_isOptional": false,
    "_trackingId": 4,
    "_classes": "",
    "body": "",
    "displayTitle": "",
    "title": " "
  },
  {
    "_id": "57ed017f4d7b7e82691e3d8c",
    "_parentId": "57d923514d7b7e82691e3c5d",
    "_type": "block",
    "_isAvailable": true,
    "_isOptional": false,
    "_trackingId": 5,
    "_classes": "section-banner inverted color-four",
    "body": "",
    "displayTitle": " ",
    "title": " "
  },
  {
    "_id": "57d928124d7b7e82691e3c65",
    "_parentId": "57d923304d7b7e82691e3c57",
    "_type": "block",
    "_isAvailable": true,
    "_isOptional": false,
    "_trackingId": 6,
    "_classes": "color-one inverted",
    "body": "",
    "displayTitle": " ",
    "title": " "
  },
  {
    "_id": "57d962364d7b7e82691e3cdd",
    "_parentId": "57d9233c4d7b7e82691e3c5a",
    "_type": "block",
    "_isAvailable": true,
    "_isOptional": false,
    "_trackingId": 7,
    "_classes": "inverted color-three",
    "body": "",
    "displayTitle": " ",
    "title": " "
  },
  {
    "_id": "57ee3db44d7b7e82691e3df9",
    "_parentId": "57d9235b4d7b7e82691e3c60",
    "_type": "block",
    "_isAvailable": true,
    "_isOptional": false,
    "_trackingId": 8,
    "_classes": "inverted color-four",
    "body": "",
    "displayTitle": " ",
    "title": " "
  },
  {
    "_id": "57d928244d7b7e82691e3c67",
    "_parentId": "57d923304d7b7e82691e3c57",
    "_type": "block",
    "_isAvailable": true,
    "_isOptional": false,
    "_trackingId": 9,
    "_classes": "",
    "body": "",
    "displayTitle": " ",
    "title": " "
  },
  {
    "_id": "57d969184d7b7e82691e3ce8",
    "_parentId": "57d9233c4d7b7e82691e3c5a",
    "_type": "block",
    "_isAvailable": true,
    "_isOptional": false,
    "_trackingId": 10,
    "_classes": "color-three",
    "body": "",
    "displayTitle": " ",
    "title": " "
  },
  {
    "_id": "57ea93c14d7b7e82691e3d86",
    "_parentId": "57d923514d7b7e82691e3c5d",
    "_type": "block",
    "_isAvailable": true,
    "_isOptional": false,
    "_trackingId": 11,
    "_classes": "",
    "body": "",
    "displayTitle": " ",
    "title": " "
  },
  {
    "_id": "57ee47744d7b7e82691e3e01",
    "_parentId": "57d9235b4d7b7e82691e3c60",
    "_type": "block",
    "_isAvailable": true,
    "_isOptional": false,
    "_trackingId": 12,
    "_classes": "color-four",
    "body": "",
    "displayTitle": " ",
    "title": " "
  },
  {
    "_id": "57d928414d7b7e82691e3c6a",
    "_parentId": "57d923304d7b7e82691e3c57",
    "_type": "block",
    "_isAvailable": true,
    "_isOptional": false,
    "_trackingId": 13,
    "_classes": "color-one inverted",
    "body": "",
    "displayTitle": " ",
    "title": " "
  },
  {
    "_id": "57d970924d7b7e82691e3ced",
    "_parentId": "57d9233c4d7b7e82691e3c5a",
    "_type": "block",
    "_isAvailable": true,
    "_isOptional": false,
    "_trackingId": 14,
    "_classes": "inverted color-three",
    "body": "",
    "displayTitle": " ",
    "title": " "
  },
  {
    "_id": "57ee52944d7b7e82691e3e0b",
    "_parentId": "57d9235b4d7b7e82691e3c60",
    "_type": "block",
    "_isAvailable": true,
    "_isOptional": false,
    "_trackingId": 15,
    "_classes": "inverted color-four",
    "body": "",
    "displayTitle": " ",
    "title": " "
  },
  {
    "_id": "57ea93864d7b7e82691e3d81",
    "_parentId": "57d923514d7b7e82691e3c5d",
    "_type": "block",
    "_isAvailable": true,
    "_isOptional": false,
    "_trackingId": 16,
    "_classes": "inverted section-banner color-four",
    "body": "",
    "displayTitle": " ",
    "title": " "
  },
  {
    "_id": "57ed01ce4d7b7e82691e3d91",
    "_parentId": "57d923514d7b7e82691e3c5d",
    "_type": "block",
    "_isAvailable": true,
    "_isOptional": false,
    "_trackingId": 17,
    "_classes": "section-banner ",
    "body": "",
    "displayTitle": " ",
    "title": " "
  },
  {
    "_id": "57d928564d7b7e82691e3c6d",
    "_parentId": "57d923304d7b7e82691e3c57",
    "_type": "block",
    "_isAvailable": true,
    "_isOptional": false,
    "_trackingId": 18,
    "_classes": "color-one",
    "body": "",
    "displayTitle": " ",
    "title": " "
  },
  {
    "_id": "57d970a44d7b7e82691e3cef",
    "_parentId": "57d9233c4d7b7e82691e3c5a",
    "_type": "block",
    "_isAvailable": true,
    "_isOptional": false,
    "_trackingId": 19,
    "_classes": "color-three",
    "body": "",
    "displayTitle": " ",
    "title": " "
  },
  {
    "_id": "57ee54fa4d7b7e82691e3e1c",
    "_parentId": "57d9235b4d7b7e82691e3c60",
    "_type": "block",
    "_isAvailable": true,
    "_isOptional": false,
    "_trackingId": 20,
    "_classes": "",
    "body": "",
    "displayTitle": " ",
    "title": " "
  },
  {
    "_id": "57d943314d7b7e82691e3c85",
    "_parentId": "57d923304d7b7e82691e3c57",
    "_type": "block",
    "_isAvailable": true,
    "_isOptional": false,
    "_trackingId": 21,
    "_classes": "color-two inverted section-banner",
    "body": "",
    "displayTitle": " ",
    "title": " "
  },
  {
    "_id": "57ea77794d7b7e82691e3d4a",
    "_parentId": "57d9233c4d7b7e82691e3c5a",
    "_type": "block",
    "_isAvailable": true,
    "_isOptional": false,
    "_trackingId": 22,
    "_classes": "section-banner inverted color-four",
    "body": "",
    "displayTitle": " ",
    "title": " "
  },
  {
    "_id": "57ee57a64d7b7e82691e3e34",
    "_parentId": "57d9235b4d7b7e82691e3c60",
    "_type": "block",
    "_isAvailable": true,
    "_isOptional": false,
    "_trackingId": 23,
    "_classes": "inverted color-one section-banner",
    "body": "",
    "displayTitle": " ",
    "title": " "
  },
  {
    "_id": "57ed02484d7b7e82691e3d96",
    "_parentId": "57d923514d7b7e82691e3c5d",
    "_type": "block",
    "_isAvailable": true,
    "_isOptional": false,
    "_trackingId": 24,
    "_classes": "inverted color-two",
    "body": "",
    "displayTitle": " ",
    "title": " "
  },
  {
    "_id": "57d943dd4d7b7e82691e3c91",
    "_parentId": "57d923304d7b7e82691e3c57",
    "_type": "block",
    "_isAvailable": true,
    "_isOptional": false,
    "_trackingId": 25,
    "_classes": "color-two",
    "body": "",
    "displayTitle": " ",
    "title": " "
  },
  {
    "_id": "57ea79924d7b7e82691e3d52",
    "_parentId": "57d9233c4d7b7e82691e3c5a",
    "_type": "block",
    "_isAvailable": true,
    "_isOptional": false,
    "_trackingId": 26,
    "_classes": "color-four",
    "body": "",
    "displayTitle": " ",
    "title": " "
  },
  {
    "_id": "57ed02864d7b7e82691e3d9b",
    "_parentId": "57d923514d7b7e82691e3c5d",
    "_type": "block",
    "_isAvailable": true,
    "_isOptional": false,
    "_trackingId": 27,
    "_classes": "color-two",
    "body": "",
    "displayTitle": " ",
    "title": " "
  },
  {
    "_id": "57ee58834d7b7e82691e3e4c",
    "_parentId": "57d9235b4d7b7e82691e3c60",
    "_type": "block",
    "_isAvailable": true,
    "_isOptional": false,
    "_trackingId": 28,
    "_classes": "color-one",
    "body": "",
    "displayTitle": " ",
    "title": " "
  },
  {
    "_id": "57d9453b4d7b7e82691e3ca0",
    "_parentId": "57d923304d7b7e82691e3c57",
    "_type": "block",
    "_isAvailable": true,
    "_isOptional": false,
    "_trackingId": 29,
    "_classes": "color-two inverted",
    "body": "",
    "displayTitle": " ",
    "title": " "
  },
  {
    "_id": "57ed033d4d7b7e82691e3da0",
    "_parentId": "57d923514d7b7e82691e3c5d",
    "_type": "block",
    "_isAvailable": true,
    "_isOptional": false,
    "_trackingId": 30,
    "_classes": "inverted color-two",
    "body": "",
    "displayTitle": " ",
    "title": " "
  },
  {
    "_id": "57ea79aa4d7b7e82691e3d55",
    "_parentId": "57d9233c4d7b7e82691e3c5a",
    "_type": "block",
    "_isAvailable": true,
    "_isOptional": false,
    "_trackingId": 31,
    "_classes": "inverted color-four",
    "body": "",
    "displayTitle": " ",
    "title": " "
  },
  {
    "_id": "57ee59df4d7b7e82691e3e65",
    "_parentId": "57d9235b4d7b7e82691e3c60",
    "_type": "block",
    "_isAvailable": true,
    "_isOptional": false,
    "_trackingId": 32,
    "_classes": "inverted color-one",
    "body": "",
    "displayTitle": " ",
    "title": " "
  },
  {
    "_id": "57ea79c04d7b7e82691e3d58",
    "_parentId": "57d9233c4d7b7e82691e3c5a",
    "_type": "block",
    "_isAvailable": true,
    "_isOptional": false,
    "_trackingId": 33,
    "_classes": "color-four",
    "body": "",
    "displayTitle": " ",
    "title": " "
  },
  {
    "_id": "57d944fc4d7b7e82691e3c9d",
    "_parentId": "57d923304d7b7e82691e3c57",
    "_type": "block",
    "_isAvailable": true,
    "_isOptional": false,
    "_trackingId": 34,
    "_classes": "color-two",
    "body": "",
    "displayTitle": " ",
    "title": " "
  },
  {
    "_id": "57ed043c4d7b7e82691e3da7",
    "_parentId": "57d923514d7b7e82691e3c5d",
    "_type": "block",
    "_isAvailable": true,
    "_isOptional": false,
    "_trackingId": 35,
    "_classes": "",
    "body": "",
    "displayTitle": " ",
    "title": " "
  },
  {
    "_id": "57ee5ab34d7b7e82691e3e68",
    "_parentId": "57d9235b4d7b7e82691e3c60",
    "_type": "block",
    "_isAvailable": true,
    "_isOptional": false,
    "_trackingId": 36,
    "_classes": "color-one",
    "body": "",
    "displayTitle": " ",
    "title": " "
  },
  {
    "_id": "57ea79d74d7b7e82691e3d5b",
    "_parentId": "57d9233c4d7b7e82691e3c5a",
    "_type": "block",
    "_isAvailable": true,
    "_isOptional": false,
    "_trackingId": 37,
    "_classes": "footer inverted",
    "body": "",
    "displayTitle": " ",
    "title": " "
  },
  {
    "_id": "57d947404d7b7e82691e3cbe",
    "_parentId": "57d923304d7b7e82691e3c57",
    "_type": "block",
    "_isAvailable": true,
    "_isOptional": false,
    "_trackingId": 38,
    "_classes": "color-two inverted",
    "body": "",
    "displayTitle": " ",
    "title": " "
  },
  {
    "_id": "57ed05274d7b7e82691e3da9",
    "_parentId": "57d923514d7b7e82691e3c5d",
    "_type": "block",
    "_isAvailable": true,
    "_isOptional": false,
    "_trackingId": 39,
    "_classes": "section-banner inverted color-five",
    "body": "",
    "displayTitle": " ",
    "title": " "
  },
  {
    "_id": "57ee5ac94d7b7e82691e3e6b",
    "_parentId": "57d9235b4d7b7e82691e3c60",
    "_type": "block",
    "_isAvailable": true,
    "_isOptional": false,
    "_trackingId": 40,
    "_classes": "inverted color-one",
    "body": "",
    "displayTitle": " ",
    "title": " "
  },
  {
    "_id": "57d94b6a4d7b7e82691e3cca",
    "_parentId": "57d923304d7b7e82691e3c57",
    "_type": "block",
    "_isAvailable": true,
    "_isOptional": false,
    "_trackingId": 41,
    "_classes": "inverted footer",
    "body": "",
    "displayTitle": " ",
    "title": " "
  },
  {
    "_id": "57ed07c34d7b7e82691e3db8",
    "_parentId": "57d923514d7b7e82691e3c5d",
    "_type": "block",
    "_isAvailable": true,
    "_isOptional": false,
    "_trackingId": 42,
    "_classes": "color-five",
    "body": "",
    "displayTitle": " ",
    "title": " "
  },
  {
    "_id": "57ee5adc4d7b7e82691e3e6e",
    "_parentId": "57d9235b4d7b7e82691e3c60",
    "_type": "block",
    "_isAvailable": true,
    "_isOptional": false,
    "_trackingId": 43,
    "_classes": "inverted footer",
    "body": "",
    "displayTitle": " ",
    "title": " "
  },
  {
    "_id": "57ed08c24d7b7e82691e3dc8",
    "_parentId": "57d923514d7b7e82691e3c5d",
    "_type": "block",
    "_isAvailable": true,
    "_isOptional": false,
    "_trackingId": 44,
    "_classes": "inverted color-five",
    "body": "",
    "displayTitle": " ",
    "title": " "
  },
  {
    "_id": "57ed2b584d7b7e82691e3dd7",
    "_parentId": "57d923514d7b7e82691e3c5d",
    "_type": "block",
    "_isAvailable": true,
    "_isOptional": false,
    "_trackingId": 45,
    "_classes": "color-five",
    "body": "",
    "displayTitle": " ",
    "title": " "
  },
  {
    "_id": "57ed2c4c4d7b7e82691e3ddf",
    "_parentId": "57d923514d7b7e82691e3c5d",
    "_type": "block",
    "_isAvailable": true,
    "_isOptional": false,
    "_trackingId": 46,
    "_classes": "inverted color-five",
    "body": "",
    "displayTitle": " ",
    "title": " "
  },
  {
    "_id": "57ed328a4d7b7e82691e3de5",
    "_parentId": "57d923514d7b7e82691e3c5d",
    "_type": "block",
    "_isAvailable": true,
    "_isOptional": false,
    "_trackingId": 47,
    "_classes": "inverted footer",
    "body": "",
    "displayTitle": " ",
    "title": " "
  }
]