[
  {
    "_id": "58a4596cfda9f5660ad85608",
    "_parentId": "58a4596cfda9f5660ad85605",
    "_type": "block",
    "_isAvailable": true,
    "_isOptional": false,
    "_trackingId": 1,
    "_classes": "color-three",
    "body": "",
    "displayTitle": "",
    "title": " ",
    "_assessment": {
      "_quizBankID": 1
    }
  },
  {
    "_id": "58a4596cfda9f5660ad85609",
    "_parentId": "58a4596cfda9f5660ad85607",
    "_type": "block",
    "_isAvailable": true,
    "_isOptional": false,
    "_trackingId": 2,
    "_classes": "inverted footer",
    "body": "",
    "displayTitle": " ",
    "title": " ",
    "_assessment": {
      "_quizBankID": 1
    }
  },
  {
    "_id": "58a4596cfda9f5660ad85610",
    "_parentId": "58a4596cfda9f5660ad85606",
    "_type": "block",
    "_isAvailable": true,
    "_isOptional": false,
    "_trackingId": 3,
    "_classes": "section-banner inverted color-one",
    "body": "",
    "displayTitle": " ",
    "title": " ",
    "_assessment": {
      "_quizBankID": 1
    }
  },
  {
    "_id": "58a4596cfda9f5660ad8560c",
    "_parentId": "58a4596cfda9f5660ad85606",
    "_type": "block",
    "_isAvailable": true,
    "_isOptional": false,
    "_trackingId": 4,
    "_classes": "color-one",
    "body": "",
    "displayTitle": " ",
    "title": " ",
    "_assessment": {
      "_quizBankID": 1
    }
  },
  {
    "_id": "58a4596cfda9f5660ad8560e",
    "_parentId": "58a4596cfda9f5660ad85605",
    "_type": "block",
    "_isAvailable": true,
    "_isOptional": false,
    "_trackingId": 5,
    "_classes": "inverted color-three",
    "body": "",
    "displayTitle": " ",
    "title": " ",
    "_assessment": {
      "_quizBankID": 1
    }
  },
  {
    "_id": "58a4596cfda9f5660ad8560a",
    "_parentId": "58a4596cfda9f5660ad85605",
    "_type": "block",
    "_isAvailable": true,
    "_isOptional": false,
    "_trackingId": 6,
    "_classes": "color-three",
    "body": "",
    "displayTitle": " ",
    "title": " ",
    "_assessment": {
      "_quizBankID": 1
    }
  },
  {
    "_id": "58a4596cfda9f5660ad85612",
    "_parentId": "58a4596cfda9f5660ad85606",
    "_type": "block",
    "_isAvailable": true,
    "_isOptional": false,
    "_trackingId": 7,
    "_classes": "inverted color-one",
    "body": "",
    "displayTitle": " ",
    "title": " ",
    "_assessment": {
      "_quizBankID": 1
    }
  },
  {
    "_id": "58a4596cfda9f5660ad8560d",
    "_parentId": "58a4596cfda9f5660ad85606",
    "_type": "block",
    "_isAvailable": true,
    "_isOptional": false,
    "_trackingId": 8,
    "_classes": "color-one",
    "body": "",
    "displayTitle": " ",
    "title": " ",
    "_assessment": {
      "_quizBankID": 1
    }
  },
  {
    "_id": "58a4596cfda9f5660ad85611",
    "_parentId": "58a4596cfda9f5660ad85605",
    "_type": "block",
    "_isAvailable": true,
    "_isOptional": false,
    "_trackingId": 9,
    "_classes": "inverted color-three",
    "body": "",
    "displayTitle": " ",
    "title": " ",
    "_assessment": {
      "_quizBankID": 1
    }
  },
  {
    "_id": "58a4596cfda9f5660ad8560b",
    "_parentId": "58a4596cfda9f5660ad85605",
    "_type": "block",
    "_isAvailable": true,
    "_isOptional": false,
    "_trackingId": 10,
    "_classes": "color-three",
    "body": "",
    "displayTitle": " ",
    "title": " ",
    "_assessment": {
      "_quizBankID": 1
    }
  },
  {
    "_id": "58a4596cfda9f5660ad8560f",
    "_parentId": "58a4596cfda9f5660ad85606",
    "_type": "block",
    "_isAvailable": true,
    "_isOptional": false,
    "_trackingId": 11,
    "_classes": "inverted color-one",
    "body": "",
    "displayTitle": " ",
    "title": " ",
    "_assessment": {
      "_quizBankID": 1
    }
  }
]